content_id,title,content_type,sport,duration_minutes,date_added
1,The Story of Jacob: A NFL Legend,Documentary,NFL,81,2023-10-02
2,Football Highlights: Lara-Rodriguez Event 74,Highlight,Football,11,2023-02-04
3,NFL Replay: Grevenbroich vs Helmstedt 2023-07-05,Replay,NFL,88,2023-07-05
4,The Story of Gonzalez: A Football Legend,Documentary,Football,116,2023-11-16
5,NFL Highlights: Heintze Event 74,Highlight,NFL,6,2023-04-25
6,The Story of Gregory: A Darts Legend,Documentary,Darts,116,2023-11-09
7,Tennis Replay: Samuelborough vs Port Frederick 2023-09-29,Replay,Tennis,148,2023-09-29
8,Football Replay: Geoffreytown vs West Alexismouth 2023-05-28,Replay,Football,149,2023-05-28
9,The Story of Davila: A Tennis Legend,Documentary,Tennis,89,2023-02-20
10,Tennis Replay: Nabburg vs Robertsland 2023-02-02,Replay,Tennis,132,2023-02-02
11,"Football Highlights: Johnson, Greenwood and Young Event 95",Highlight,Football,13,2023-04-08
12,Joshua Finke on their Football Career,Interview,Football,43,2023-08-01
13,Boxing Replay: Lucasville vs Aurich 2023-01-06,Replay,Boxing,103,2023-01-06
14,Football Replay: Wurzen vs Lake Joanna 2023-09-19,Replay,Football,101,2023-09-19
15,The Story of Röhricht: A F1 Legend,Documentary,F1,55,2023-06-03
16,The Story of Brown: A Football Legend,Documentary,Football,51,2023-10-14
17,Football Highlights: Weimer AG Event 85,Highlight,Football,9,2023-01-08
18,Boxing Highlights: Tyler-Farrell Event 35,Highlight,Boxing,6,2023-10-05
19,The Story of Söding: A Football Legend,Documentary,Football,100,2023-11-26
20,NFL Replay: Aue vs Neustrelitz 2023-05-02,Replay,NFL,135,2023-05-02
21,NFL Highlights: Oderwald Event 6,Highlight,NFL,6,2023-06-01
22,"F1 Highlights: Khan, Akhtar and Gallagher Event 1",Highlight,F1,6,2023-01-21
23,Football Highlights: Gierschner Wagner KG Event 18,Highlight,Football,15,2023-05-27
24,Football Replay: Demmin vs West Amy 2023-08-25,Replay,Football,60,2023-08-25
25,Boxing Highlights: Patel PLC Event 17,Highlight,Boxing,9,2023-10-27
26,Football Highlights: Nerger Steuer AG Event 72,Highlight,Football,13,2023-09-30
27,The Story of Jenkins: A Football Legend,Documentary,Football,50,2023-07-05
28,Boxing Highlights: Fiebig GmbH & Co. KGaA Event 10,Highlight,Boxing,8,2023-01-20
29,"F1 Highlights: Mcdonald, Snyder and Brown Event 91",Highlight,F1,13,2023-02-27
30,"Football Highlights: Peters, Johnson and Martinez Event 3",Highlight,Football,8,2023-10-21
31,MMA Replay: East Richardchester vs North Julie 2023-10-26,Replay,MMA,118,2023-10-26
32,The Story of Kramer: A Tennis Legend,Documentary,Tennis,56,2023-07-23
33,Football Highlights: Wilson-Hernandez Event 56,Highlight,Football,12,2023-09-15
34,"Football Highlights: May, Clark and Ramirez Event 40",Highlight,Football,14,2023-10-12
35,Football Highlights: Huff-Curry Event 22,Highlight,Football,4,2023-03-14
36,Football Highlights: Weitzel AG Event 66,Highlight,Football,6,2023-03-18
37,Richard Garcia on their Football Career,Interview,Football,19,2023-01-02
38,Football Replay: West Graceborough vs Perkinsside 2023-11-05,Replay,Football,85,2023-11-05
39,Football Replay: Port Dylanville vs New Shaun 2023-07-02,Replay,Football,143,2023-07-02
40,MMA Replay: East Dustin vs Sheilatown 2023-07-22,Replay,MMA,140,2023-07-22
41,NFL Highlights: Richards-Chambers Event 98,Highlight,NFL,12,2023-02-15
42,Tennis Highlights: Stroh GbR Event 73,Highlight,Tennis,13,2023-10-15
43,F1 Highlights: Johann Event 81,Highlight,F1,8,2023-04-01
44,Football Replay: New Joanna vs Weißwasser 2023-07-15,Replay,Football,116,2023-07-15
45,NFL Highlights: Martin Ltd Event 76,Highlight,NFL,3,2023-03-18
46,"Football Highlights: Hall, Potts and Douglas Event 60",Highlight,Football,10,2023-01-01
47,Football Replay: Gardelegen vs Brandonton 2023-10-10,Replay,Football,96,2023-10-10
48,Tennis Replay: Hammelburg vs Lake Charlottehaven 2023-03-03,Replay,Tennis,71,2023-03-03
49,"Boxing Highlights: Fletcher, Moody and Griffin Event 60",Highlight,Boxing,12,2023-09-07
50,NFL Highlights: Heydrich Event 6,Highlight,NFL,10,2023-08-05
51,Andrew Walker on their F1 Career,Interview,F1,22,2023-03-03
52,Boxing Highlights: Schmiedt e.V. Event 20,Highlight,Boxing,3,2023-01-26
53,Darts Highlights: Dobes Event 44,Highlight,Darts,14,2023-05-14
54,F1 Replay: East Amandaside vs Viersen 2023-01-18,Replay,F1,65,2023-01-18
55,Boxing Replay: Schlüchtern vs Jordanburgh 2023-07-04,Replay,Boxing,116,2023-07-04
56,F1 Highlights: Robinson-Martin Event 47,Highlight,F1,8,2023-02-22
57,Mark Brooks on their Football Career,Interview,Football,31,2023-05-28
58,Football Highlights: Ray PLC Event 81,Highlight,Football,13,2023-02-19
59,"Football Highlights: Erickson, White and Miller Event 72",Highlight,Football,13,2023-10-16
60,Football Highlights: Martin-Cooke Event 85,Highlight,Football,12,2023-04-07
61,The Story of Underwood: A Football Legend,Documentary,Football,119,2023-09-24
62,Tennis Highlights: Woods and Sons Event 40,Highlight,Tennis,13,2023-03-01
63,Football Highlights: Hettner Jüttner e.V. Event 77,Highlight,Football,14,2023-08-12
64,Nicolai Gray on their Football Career,Interview,Football,34,2023-04-08
65,Football Highlights: Hornig Event 17,Highlight,Football,13,2023-06-28
66,MMA Highlights: Rohleder Kraushaar GmbH Event 88,Highlight,MMA,11,2023-11-13
67,NFL Replay: Tinaside vs Wolmirstedt 2023-09-16,Replay,NFL,125,2023-09-16
68,"Football Highlights: Barnett, Simpson and Price Event 24",Highlight,Football,6,2023-01-19
69,"NFL Highlights: Willis, Simmons and Smith Event 25",Highlight,NFL,6,2023-04-06
70,Lisa Etzler on their Football Career,Interview,Football,28,2023-07-28
71,The Story of Willis: A Football Legend,Documentary,Football,114,2023-05-26
72,The Story of Beckmann: A Tennis Legend,Documentary,Tennis,49,2023-06-01
73,Tennis Highlights: Nelson Group Event 80,Highlight,Tennis,5,2023-09-21
74,Football Highlights: Olson-Ellis Event 24,Highlight,Football,14,2023-08-16
75,The Story of Gotthard: A Darts Legend,Documentary,Darts,66,2023-06-15
76,"Football Highlights: Clarke, Herbert and Jones Event 47",Highlight,Football,13,2023-08-12
77,MMA Highlights: Ward-Guzman Event 79,Highlight,MMA,7,2023-09-21
78,The Story of Ehlert: A NFL Legend,Documentary,NFL,74,2023-04-23
79,"Football Highlights: Morris, Edwards and Hartley Event 61",Highlight,Football,6,2023-08-28
80,MMA Highlights: Johnson-Ward Event 57,Highlight,MMA,10,2023-05-30
81,The Story of Bates: A NFL Legend,Documentary,NFL,109,2023-01-20
82,MMA Highlights: Stevens-Mendoza Event 26,Highlight,MMA,15,2023-05-05
83,Tennis Highlights: Simpson Inc Event 7,Highlight,Tennis,13,2023-05-29
84,"Football Highlights: Walker, Austin and Wells Event 14",Highlight,Football,14,2023-06-16
85,The Story of Kranz: A Tennis Legend,Documentary,Tennis,81,2023-09-09
86,Football Replay: Mettmann vs Staßfurt 2023-07-10,Replay,Football,117,2023-07-10
87,Imke Hanson on their Football Career,Interview,Football,37,2023-09-30
88,Tennis Replay: Burgdorf vs Monicaburgh 2023-09-24,Replay,Tennis,117,2023-09-24
89,The Story of Martinez: A MMA Legend,Documentary,MMA,98,2023-06-23
90,Boxing Replay: Mauriceview vs Shanechester 2023-08-07,Replay,Boxing,90,2023-08-07
91,Football Highlights: Hamann KGaA Event 29,Highlight,Football,3,2023-05-01
92,Football Highlights: Schomber Event 92,Highlight,Football,13,2023-11-29
93,Football Highlights: Parker-Burton Event 5,Highlight,Football,7,2023-09-23
94,Auguste Schomber on their Boxing Career,Interview,Boxing,18,2023-04-14
95,The Story of Morgan: A Boxing Legend,Documentary,Boxing,45,2023-04-21
96,Julie McCarthy on their Football Career,Interview,Football,23,2023-05-30
97,The Story of Gumprich: A Boxing Legend,Documentary,Boxing,112,2023-08-22
98,NFL Highlights: Mies KG Event 31,Highlight,NFL,7,2023-08-06
99,Football Replay: Seelow vs Gräfenhainichen 2023-11-29,Replay,Football,141,2023-11-29
100,The Story of Hövel: A Boxing Legend,Documentary,Boxing,59,2023-02-05
101,The Story of Duffy: A Boxing Legend,Documentary,Boxing,113,2023-10-13
102,Boxing Replay: East Brenthaven vs Jonesview 2023-07-08,Replay,Boxing,90,2023-07-08
103,"Football Highlights: Smith, Patel and Matthews Event 1",Highlight,Football,12,2023-05-21
104,F1 Highlights: Warmer Hecker e.G. Event 24,Highlight,F1,13,2023-04-24
105,Boxing Highlights: Townsend-Lewis Event 47,Highlight,Boxing,4,2023-04-19
106,Donna Kobelt on their Boxing Career,Interview,Boxing,42,2023-05-25
107,Football Highlights: Brown-Brown Event 61,Highlight,Football,3,2023-03-12
108,MMA Highlights: Marsh-Meyer Event 33,Highlight,MMA,14,2023-03-04
109,NFL Replay: Jülich vs Josephfort 2023-05-01,Replay,NFL,104,2023-05-01
110,NFL Replay: Port Marionbury vs Bradleystad 2023-02-18,Replay,NFL,73,2023-02-18
111,The Story of Ray: A NFL Legend,Documentary,NFL,87,2023-05-19
112,Football Replay: West Barbaraton vs East Josefurt 2023-07-05,Replay,Football,103,2023-07-05
113,The Story of Jones: A Football Legend,Documentary,Football,104,2023-06-08
114,Clifford Erickson on their Boxing Career,Interview,Boxing,21,2023-11-09
115,The Story of Mcdaniel: A Football Legend,Documentary,Football,103,2023-03-14
116,Football Replay: East Ryanshire vs Perleberg 2023-08-29,Replay,Football,85,2023-08-29
117,The Story of Kirby: A Football Legend,Documentary,Football,84,2023-06-05
118,MMA Highlights: Reed-Edwards Event 70,Highlight,MMA,10,2023-03-11
119,NFL Replay: Gerolzhofen vs West Shaunstad 2023-02-01,Replay,NFL,84,2023-02-01
120,Tennis Replay: East Michelleside vs South Georgia 2023-05-23,Replay,Tennis,66,2023-05-23
121,The Story of Martin: A Football Legend,Documentary,Football,60,2023-10-19
122,The Story of Pieper: A Boxing Legend,Documentary,Boxing,96,2023-02-19
123,Tennis Highlights: Kuhl Event 50,Highlight,Tennis,8,2023-06-30
124,Louis Lynch on their Boxing Career,Interview,Boxing,41,2023-03-25
125,NFL Highlights: Miller Ltd Event 35,Highlight,NFL,15,2023-09-10
126,Boxing Replay: Wilsonbury vs North Tammy 2023-06-22,Replay,Boxing,115,2023-06-22
127,Darts Highlights: Owen LLC Event 70,Highlight,Darts,7,2023-06-30
128,Football Highlights: Schleich Event 85,Highlight,Football,7,2023-06-03
129,F1 Highlights: Grein Groth Röhricht Stiftung & Co. KGaA Event 55,Highlight,F1,5,2023-05-10
130,Football Highlights: Scheel Event 6,Highlight,Football,14,2023-10-12
131,The Story of Steuer: A Football Legend,Documentary,Football,100,2023-04-10
132,MMA Replay: Eberswalde vs Linmouth 2023-03-12,Replay,MMA,67,2023-03-12
133,F1 Replay: Port Joshuaside vs New Keithport 2023-04-08,Replay,F1,106,2023-04-08
134,NFL Highlights: Benton-Simmons Event 21,Highlight,NFL,3,2023-08-29
135,F1 Replay: South Nathanville vs Ashleymouth 2023-09-07,Replay,F1,116,2023-09-07
136,Football Replay: Weißenfels vs South Natashaberg 2023-09-15,Replay,Football,142,2023-09-15
137,"Football Highlights: Newman, Stokes and Ross Event 73",Highlight,Football,3,2023-06-04
138,NFL Highlights: Griffiths LLC Event 48,Highlight,NFL,8,2023-06-28
139,Football Highlights: Vaughn and Sons Event 18,Highlight,Football,11,2023-03-22
140,Football Highlights: Geisler AG Event 36,Highlight,Football,6,2023-10-11
141,Rita Juncken on their Football Career,Interview,Football,21,2023-11-25
142,Football Highlights: Holsten Gunpf e.V. Event 72,Highlight,Football,4,2023-06-20
143,Football Replay: Regensburg vs East Maryside 2023-01-14,Replay,Football,117,2023-01-14
144,F1 Replay: North Ricky vs Altentreptow 2023-02-19,Replay,F1,148,2023-02-19
145,Amy Mccormick on their Boxing Career,Interview,Boxing,17,2023-01-14
146,Football Replay: West Cynthia vs Hainichen 2023-01-09,Replay,Football,82,2023-01-09
147,The Story of Hicks: A Boxing Legend,Documentary,Boxing,56,2023-03-24
148,The Story of Buckley: A MMA Legend,Documentary,MMA,85,2023-10-09
149,NFL Highlights: Misicher Event 71,Highlight,NFL,11,2023-01-25
150,Football Replay: Graceside vs Ilmenau 2023-01-13,Replay,Football,80,2023-01-13
151,Tennis Highlights: Stadelmann GmbH Event 82,Highlight,Tennis,5,2023-09-07
152,The Story of Owens: A Boxing Legend,Documentary,Boxing,60,2023-04-19
153,Abigail Reynolds on their NFL Career,Interview,NFL,25,2023-09-19
154,The Story of Fisher: A Football Legend,Documentary,Football,115,2023-04-05
155,Boxing Highlights: Warmer AG Event 71,Highlight,Boxing,5,2023-11-20
156,"Football Highlights: Smith, Butler and Robinson Event 40",Highlight,Football,9,2023-06-30
157,Katarina Turner on their NFL Career,Interview,NFL,43,2023-02-21
158,Boxing Highlights: Liebelt e.V. Event 74,Highlight,Boxing,4,2023-09-21
159,Football Replay: Port Steven vs East James 2023-09-23,Replay,Football,69,2023-09-23
160,"NFL Highlights: Jones, Poole and Pugh Event 45",Highlight,NFL,5,2023-04-27
161,The Story of Kade: A NFL Legend,Documentary,NFL,120,2023-07-09
162,MMA Replay: West Elaineberg vs West George 2023-03-25,Replay,MMA,115,2023-03-25
163,Tennis Highlights: Aguirre Inc Event 16,Highlight,Tennis,11,2023-02-19
164,Football Replay: Port Michael vs New Eleanor 2023-09-19,Replay,Football,101,2023-09-19
165,Kathryn Campbell on their Football Career,Interview,Football,43,2023-05-21
166,The Story of Stafford: A Darts Legend,Documentary,Darts,77,2023-03-07
167,MMA Replay: Paulaside vs West Brianfurt 2023-03-29,Replay,MMA,95,2023-03-29
168,Football Replay: Abbottburgh vs Bamberg 2023-10-07,Replay,Football,128,2023-10-07
169,F1 Replay: West Russell vs Witzenhausen 2023-02-10,Replay,F1,135,2023-02-10
170,Jessica Evans on their Football Career,Interview,Football,31,2023-11-16
171,The Story of Berger: A F1 Legend,Documentary,F1,48,2023-06-24
172,MMA Replay: Ryanside vs Rahmanmouth 2023-01-17,Replay,MMA,133,2023-01-17
173,Football Replay: Prenzlau vs Coburg 2023-07-20,Replay,Football,133,2023-07-20
174,F1 Highlights: Wilmsen Bruder KG Event 64,Highlight,F1,13,2023-03-24
175,F1 Highlights: Skinner LLC Event 39,Highlight,F1,10,2023-09-07
176,Darts Replay: Nicholasmouth vs Schleiz 2023-03-28,Replay,Darts,111,2023-03-28
177,Football Replay: Pirmasens vs New Martyn 2023-11-07,Replay,Football,67,2023-11-07
178,Boxing Replay: Mariefort vs Kaiserslautern 2023-04-13,Replay,Boxing,119,2023-04-13
179,F1 Replay: Martinhaven vs Lake Jeremychester 2023-08-31,Replay,F1,100,2023-08-31
180,The Story of Miller: A Football Legend,Documentary,Football,89,2023-07-26
181,Ahmed Montgomery on their Football Career,Interview,Football,33,2023-01-27
182,Football Highlights: Green Inc Event 31,Highlight,Football,10,2023-09-24
183,Boxing Replay: Dinkelsbühl vs Port Craig 2023-01-11,Replay,Boxing,78,2023-01-11
184,Football Replay: Port Linda vs Josephinemouth 2023-08-13,Replay,Football,109,2023-08-13
185,The Story of Jordan: A Boxing Legend,Documentary,Boxing,65,2023-08-23
186,The Story of Spencer: A MMA Legend,Documentary,MMA,85,2023-01-16
187,Football Replay: Saarlouis vs Lake Julieburgh 2023-05-20,Replay,Football,125,2023-05-20
188,Tennis Highlights: Davis-Nelson Event 64,Highlight,Tennis,3,2023-07-23
189,Football Replay: Vincentton vs Francescatown 2023-10-24,Replay,Football,118,2023-10-24
190,Robert Watson on their Football Career,Interview,Football,32,2023-10-06
191,Football Replay: Thompsonborough vs Kelheim 2023-10-22,Replay,Football,136,2023-10-22
192,The Story of Wilson: A NFL Legend,Documentary,NFL,105,2023-07-27
193,Football Replay: Vechta vs Davisbury 2023-05-29,Replay,Football,73,2023-05-29
194,Tennis Highlights: Davis-Mitchell Event 94,Highlight,Tennis,8,2023-10-07
195,The Story of Rogers: A Football Legend,Documentary,Football,96,2023-04-24
196,F1 Replay: Port Hazel vs West Bethshire 2023-08-15,Replay,F1,106,2023-08-15
197,"Football Highlights: King, Banks and Taylor Event 65",Highlight,Football,10,2023-09-07
198,The Story of Bailey: A Football Legend,Documentary,Football,60,2023-07-18
199,Football Replay: Port Helen vs Bruchsal 2023-04-19,Replay,Football,107,2023-04-19
200,The Story of Henk: A Football Legend,Documentary,Football,91,2023-11-26
201,The Story of Fröhlich: A Football Legend,Documentary,Football,110,2023-09-08
202,"Football Highlights: Morgan, Walker and Butler Event 5",Highlight,Football,5,2023-01-20
203,"Darts Highlights: Mayo, James and Morales Event 67",Highlight,Darts,10,2023-01-13
204,Tennis Replay: Mühlhausen vs Jameston 2023-02-15,Replay,Tennis,77,2023-02-15
205,"F1 Highlights: Velez, Hicks and Reese Event 21",Highlight,F1,9,2023-06-14
206,Kyle Smith on their NFL Career,Interview,NFL,29,2023-07-06
207,Boxing Highlights: Vollbrecht Event 66,Highlight,Boxing,11,2023-06-09
208,F1 Highlights: Hornich Event 61,Highlight,F1,3,2023-07-06
209,"NFL Highlights: Griffiths, Scott and Taylor Event 54",Highlight,NFL,12,2023-10-04
210,Tennis Highlights: Hicks-James Event 89,Highlight,Tennis,13,2023-04-01
211,Boxing Replay: Elizabethville vs Celle 2023-05-29,Replay,Boxing,143,2023-05-29
212,The Story of Spieß: A NFL Legend,Documentary,NFL,118,2023-03-27
213,Football Replay: Siegen vs New Eric 2023-05-11,Replay,Football,121,2023-05-11
214,F1 Replay: Tirschenreuth vs Mcdonaldfurt 2023-05-23,Replay,F1,139,2023-05-23
215,The Story of Marshall: A Football Legend,Documentary,Football,76,2023-04-03
216,MMA Replay: Kelseymouth vs Kötzting 2023-09-01,Replay,MMA,74,2023-09-01
217,Boxing Replay: North Samuelchester vs Smithshire 2023-05-21,Replay,Boxing,113,2023-05-21
218,NFL Replay: Fryshire vs East Lindsey 2023-04-28,Replay,NFL,112,2023-04-28
219,"F1 Highlights: Stevenson, Booth and Jones Event 61",Highlight,F1,14,2023-01-12
220,NFL Highlights: Swanson PLC Event 67,Highlight,NFL,6,2023-11-04
221,MMA Highlights: Snyder-Flores Event 62,Highlight,MMA,11,2023-05-24
222,MMA Highlights: Rice-Payne Event 59,Highlight,MMA,11,2023-04-08
223,Football Highlights: Staude Döring AG & Co. KG Event 99,Highlight,Football,14,2023-07-05
224,Darts Highlights: Budig Event 34,Highlight,Darts,12,2023-01-08
225,MMA Highlights: Henry LLC Event 36,Highlight,MMA,11,2023-07-19
226,MMA Replay: Havelberg vs Jesuston 2023-10-10,Replay,MMA,98,2023-10-10
227,The Story of Wilmsen: A NFL Legend,Documentary,NFL,107,2023-09-26
228,Football Highlights: Pieper GmbH & Co. OHG Event 93,Highlight,Football,7,2023-05-16
229,F1 Replay: East Alexandertown vs Warendorf 2023-05-03,Replay,F1,129,2023-05-03
230,"MMA Highlights: Ward, Patel and Perkins Event 45",Highlight,MMA,15,2023-01-04
231,The Story of Rudolph: A Football Legend,Documentary,Football,81,2023-05-02
232,Michael Russell on their Football Career,Interview,Football,38,2023-08-12
233,NFL Highlights: Hyde-Fletcher Event 28,Highlight,NFL,6,2023-08-30
234,The Story of Delgado: A Football Legend,Documentary,Football,116,2023-08-11
235,Football Highlights: Mälzer Meister GmbH Event 79,Highlight,Football,14,2023-04-07
236,Football Highlights: Cunningham Group Event 86,Highlight,Football,11,2023-05-01
237,Football Replay: Eisenach vs Wittmund 2023-02-03,Replay,Football,72,2023-02-03
238,"NFL Highlights: Wilkinson, Williams and Ellis Event 13",Highlight,NFL,13,2023-07-02
239,The Story of Carpenter: A Football Legend,Documentary,Football,115,2023-06-03
240,Bradley Cooper on their Football Career,Interview,Football,40,2023-06-01
241,Football Highlights: Schweitzer KG Event 37,Highlight,Football,8,2023-07-09
242,Football Replay: Hünfeld vs Stade 2023-02-12,Replay,Football,71,2023-02-12
243,"Football Highlights: Morris, Murphy and Archer Event 95",Highlight,Football,14,2023-10-08
244,The Story of Wright: A Football Legend,Documentary,Football,67,2023-05-29
245,Darts Highlights: Neureuther e.G. Event 5,Highlight,Darts,9,2023-11-27
246,The Story of Kraus: A Football Legend,Documentary,Football,82,2023-11-04
247,The Story of Chang: A Football Legend,Documentary,Football,117,2023-09-21
248,Tennis Highlights: Segebahn Hecker AG & Co. OHG Event 43,Highlight,Tennis,7,2023-10-05
249,"F1 Highlights: Fletcher, Hawkins and Johnson Event 68",Highlight,F1,10,2023-01-07
250,The Story of Adams: A Football Legend,Documentary,Football,109,2023-08-29
251,"Football Highlights: Bell, Smith and Bowman Event 15",Highlight,Football,8,2023-09-28
252,Boxing Replay: Turnbulltown vs Gomezborough 2023-07-22,Replay,Boxing,92,2023-07-22
253,Football Highlights: Anderson-Smith Event 44,Highlight,Football,15,2023-02-27
254,NFL Replay: Mellrichstadt vs Port Geraldinestad 2023-11-06,Replay,NFL,84,2023-11-06
255,Tennis Replay: Mayen vs Richardshire 2023-08-30,Replay,Tennis,111,2023-08-30
256,The Story of Bähr: A Boxing Legend,Documentary,Boxing,56,2023-01-04
257,Football Highlights: Williams-Ferguson Event 18,Highlight,Football,10,2023-01-16
258,Football Highlights: Lindau AG Event 34,Highlight,Football,9,2023-01-25
259,NFL Replay: Teterow vs Meiningen 2023-09-24,Replay,NFL,102,2023-09-24
260,"NFL Highlights: Baker, Holland and Wright Event 2",Highlight,NFL,7,2023-04-04
261,"NFL Highlights: Williamson, Lee and Jackson Event 8",Highlight,NFL,13,2023-01-26
262,Football Replay: Alyssaborough vs Jacquelinetown 2023-10-05,Replay,Football,111,2023-10-05
263,Tennis Highlights: Mude Event 91,Highlight,Tennis,15,2023-11-28
264,Football Highlights: Roberts PLC Event 38,Highlight,Football,8,2023-10-10
265,Football Highlights: Richardson Inc Event 18,Highlight,Football,10,2023-05-16
266,NFL Replay: Mcfarlandside vs Tomborough 2023-07-13,Replay,NFL,137,2023-07-13
267,NFL Highlights: Peters Ltd Event 61,Highlight,NFL,15,2023-11-26
268,NFL Highlights: Short Group Event 28,Highlight,NFL,15,2023-05-02
269,NFL Replay: North Francesca vs Owenton 2023-01-17,Replay,NFL,70,2023-01-17
270,Boxing Highlights: Sorgatz Bonbach GbR Event 47,Highlight,Boxing,4,2023-03-16
271,Judith Salz on their Football Career,Interview,Football,45,2023-02-23
272,Tilo Bloch on their Football Career,Interview,Football,44,2023-09-19
273,Football Replay: Fordshire vs Neu-Ulm 2023-11-17,Replay,Football,126,2023-11-17
274,"NFL Highlights: Coleman, Butler and Thompson Event 92",Highlight,NFL,12,2023-10-17
275,"Tennis Highlights: Parkin, Rice and Pollard Event 58",Highlight,Tennis,15,2023-06-16
276,Football Replay: Ribnitz-Damgarten vs Port Cynthiaberg 2023-01-28,Replay,Football,113,2023-01-28
277,"Football Highlights: Brown, Burton and Jenkins Event 60",Highlight,Football,13,2023-02-07
278,The Story of Trommler: A NFL Legend,Documentary,NFL,95,2023-03-25
279,Football Replay: Hannover vs Potsdam 2023-06-15,Replay,Football,87,2023-06-15
280,Football Highlights: Harris-Thomas Event 45,Highlight,Football,14,2023-05-06
281,MMA Replay: Coburg vs Höxter 2023-01-13,Replay,MMA,68,2023-01-13
282,Melanie Lopez on their Boxing Career,Interview,Boxing,28,2023-06-20
283,NFL Highlights: Weimer Event 99,Highlight,NFL,13,2023-03-07
284,Ahmed Martin on their F1 Career,Interview,F1,36,2023-04-09
285,Tennis Highlights: Rodriguez and Sons Event 58,Highlight,Tennis,9,2023-02-28
286,NFL Highlights: Gibson-Bradley Event 85,Highlight,NFL,11,2023-08-19
287,Tennis Replay: Jeffreyburgh vs Dustinberg 2023-07-28,Replay,Tennis,75,2023-07-28
288,Boxing Replay: East Richard vs Lake Christopher 2023-07-01,Replay,Boxing,127,2023-07-01
289,MMA Replay: Shaneport vs Jenningsville 2023-03-18,Replay,MMA,60,2023-03-18
290,The Story of McKenzie: A MMA Legend,Documentary,MMA,104,2023-06-29
291,Boxing Highlights: Anders KG Event 69,Highlight,Boxing,9,2023-03-16
292,The Story of Hill: A Football Legend,Documentary,Football,89,2023-10-20
293,Football Replay: Bad Liebenwerda vs Soltau 2023-01-16,Replay,Football,74,2023-01-16
294,NFL Replay: Martynport vs Malchin 2023-03-01,Replay,NFL,138,2023-03-01
295,The Story of Wiek: A Tennis Legend,Documentary,Tennis,47,2023-06-18
296,Football Replay: Lanechester vs Russellville 2023-06-14,Replay,Football,136,2023-06-14
297,F1 Replay: Main-Höchst vs Schwabmünchen 2023-02-24,Replay,F1,150,2023-02-24
298,The Story of Gutknecht: A Football Legend,Documentary,Football,50,2023-07-16
299,Football Highlights: Otto Event 28,Highlight,Football,15,2023-02-07
300,The Story of Fischer: A Football Legend,Documentary,Football,109,2023-04-12
301,Elena Shaw on their Football Career,Interview,Football,30,2023-05-11
302,NFL Highlights: Armstrong-Bradley Event 42,Highlight,NFL,6,2023-07-19
303,"Football Highlights: Yates, Clayton and Dobson Event 85",Highlight,Football,11,2023-04-16
304,Football Replay: North Annafurt vs Port Carolineshire 2023-03-09,Replay,Football,67,2023-03-09
305,"F1 Highlights: Wilkins, Dean and Mason Event 95",Highlight,F1,5,2023-03-30
306,Boxing Highlights: Smith Ltd Event 64,Highlight,Boxing,3,2023-01-07
307,Stewart Wernecke on their MMA Career,Interview,MMA,34,2023-06-08
308,The Story of Richardson: A Football Legend,Documentary,Football,98,2023-06-09
309,Football Highlights: Moore PLC Event 24,Highlight,Football,15,2023-11-11
310,Football Highlights: Bentley-Jenkins Event 29,Highlight,Football,7,2023-11-27
311,The Story of Smith: A Football Legend,Documentary,Football,104,2023-08-03
312,Ekkehart Stevens on their F1 Career,Interview,F1,36,2023-01-21
313,Football Highlights: Täsche GmbH & Co. OHG Event 32,Highlight,Football,7,2023-06-12
314,F1 Replay: Iserlohn vs Port Martin 2023-07-25,Replay,F1,117,2023-07-25
315,The Story of Söding: A Football Legend,Documentary,Football,69,2023-08-19
316,Football Replay: Prenzlau vs East Michellefurt 2023-07-02,Replay,Football,137,2023-07-02
317,Tennis Highlights: Johnson and Sons Event 25,Highlight,Tennis,15,2023-04-11
318,The Story of Davies: A NFL Legend,Documentary,NFL,116,2023-11-12
319,Football Replay: Robertostad vs Cottbus 2023-03-10,Replay,Football,102,2023-03-10
320,Tennis Highlights: Oestrovsky Seidel AG Event 28,Highlight,Tennis,6,2023-04-02
321,Alwine Henry on their Football Career,Interview,Football,40,2023-01-16
322,Waldtraut Jackson on their NFL Career,Interview,NFL,23,2023-01-29
323,Football Highlights: Beyer AG Event 42,Highlight,Football,15,2023-11-29
324,Boxing Replay: Sandersview vs Riesa 2023-06-08,Replay,Boxing,143,2023-06-08
325,Football Highlights: Pieper Event 66,Highlight,Football,10,2023-02-21
326,"Darts Highlights: Carter, King and Willis Event 93",Highlight,Darts,10,2023-06-11
327,The Story of Smith: A Football Legend,Documentary,Football,71,2023-07-03
328,Boxing Highlights: Karz GmbH & Co. KG Event 73,Highlight,Boxing,6,2023-09-08
329,Football Highlights: Täsche GmbH & Co. KGaA Event 71,Highlight,Football,12,2023-09-12
330,Boxing Highlights: Begum LLC Event 20,Highlight,Boxing,6,2023-07-29
331,Football Highlights: Austin Ltd Event 32,Highlight,Football,10,2023-10-12
332,MMA Highlights: Kühnert Event 44,Highlight,MMA,7,2023-03-11
333,The Story of Holt: A Boxing Legend,Documentary,Boxing,107,2023-10-30
334,NFL Highlights: Shah-Morrison Event 46,Highlight,NFL,5,2023-03-12
335,Boxing Replay: North Amyport vs Jüterbog 2023-05-22,Replay,Boxing,83,2023-05-22
336,Vanessa Bell on their Boxing Career,Interview,Boxing,13,2023-09-27
337,Darts Highlights: Chan Ltd Event 10,Highlight,Darts,13,2023-08-24
338,Football Replay: Stevenmouth vs New Tracyborough 2023-04-15,Replay,Football,77,2023-04-15
339,The Story of Shaw: A Football Legend,Documentary,Football,64,2023-10-12
340,Boxing Replay: Diepholz vs Maddenside 2023-07-05,Replay,Boxing,107,2023-07-05
341,F1 Replay: Melanietown vs Daystad 2023-09-04,Replay,F1,138,2023-09-04
342,William Steuer on their NFL Career,Interview,NFL,11,2023-11-17
343,F1 Replay: Waldmünchen vs Rothenburg ob der Tauber 2023-07-30,Replay,F1,61,2023-07-30
344,NFL Replay: Petersonburgh vs South Robertahaven 2023-02-20,Replay,NFL,128,2023-02-20
345,Michelle Davey on their Football Career,Interview,Football,37,2023-05-11
346,The Story of Grant: A Tennis Legend,Documentary,Tennis,58,2023-07-19
347,Gerard Moore on their Boxing Career,Interview,Boxing,25,2023-07-15
348,Boxing Replay: Everettton vs East Jamesmouth 2023-08-14,Replay,Boxing,105,2023-08-14
349,Football Replay: West Adamside vs New Douglashaven 2023-08-15,Replay,Football,107,2023-08-15
350,Mustafa Sullivan on their Boxing Career,Interview,Boxing,25,2023-03-20
351,Hilda Wagenknecht on their Football Career,Interview,Football,15,2023-10-17
352,"Tennis Highlights: Barnes, Molina and Baird Event 98",Highlight,Tennis,3,2023-04-09
353,Football Replay: East Christopherfurt vs Hunterfurt 2023-08-29,Replay,Football,130,2023-08-29
354,F1 Highlights: Walter Stiftung & Co. KG Event 90,Highlight,F1,5,2023-09-28
355,Darts Replay: Lake Patricia vs Rathenow 2023-03-12,Replay,Darts,142,2023-03-12
356,The Story of Walker: A F1 Legend,Documentary,F1,57,2023-07-11
357,The Story of Rees: A Tennis Legend,Documentary,Tennis,74,2023-07-12
358,Tennis Replay: Port Ryanmouth vs Johnsonbury 2023-01-13,Replay,Tennis,132,2023-01-13
359,Football Highlights: Hanson-Hill Event 10,Highlight,Football,13,2023-03-09
360,Sierra Orr on their Tennis Career,Interview,Tennis,12,2023-04-01
361,Tennis Replay: South Barbaraside vs Herzberg 2023-02-20,Replay,Tennis,62,2023-02-20
362,Nuri Jähn on their F1 Career,Interview,F1,35,2023-04-21
363,Gary Blackburn on their Football Career,Interview,Football,25,2023-09-26
364,Darts Highlights: Heydrich Event 87,Highlight,Darts,11,2023-01-02
365,"NFL Highlights: Trevino, Schmidt and Scott Event 18",Highlight,NFL,15,2023-09-10
366,Jozef Barrera on their NFL Career,Interview,NFL,42,2023-11-20
367,Football Highlights: Hudson-Martinez Event 13,Highlight,Football,9,2023-03-31
368,Football Replay: East Jack vs East Shirleyside 2023-05-04,Replay,Football,137,2023-05-04
369,The Story of Smith: A MMA Legend,Documentary,MMA,95,2023-05-24
370,Donna Holt on their Football Career,Interview,Football,27,2023-11-18
371,The Story of Vaughan: A Boxing Legend,Documentary,Boxing,74,2023-10-12
372,MMA Highlights: Mcdaniel-Mayer Event 56,Highlight,MMA,5,2023-01-12
373,NFL Highlights: Seifert AG Event 11,Highlight,NFL,15,2023-11-11
374,"NFL Highlights: King, Payne and Ponce Event 92",Highlight,NFL,4,2023-07-28
375,Football Replay: Neubrandenburg vs Port Staceymouth 2023-01-20,Replay,Football,141,2023-01-20
376,Football Replay: Katiestad vs Aurich 2023-01-03,Replay,Football,106,2023-01-03
377,Football Replay: Mackenzieport vs Lake Thomas 2023-05-19,Replay,Football,99,2023-05-19
378,NFL Highlights: Sims Group Event 14,Highlight,NFL,5,2023-11-06
379,Boxing Replay: Kevinfurt vs Ericabury 2023-09-01,Replay,Boxing,131,2023-09-01
380,Boxing Highlights: Haering Event 4,Highlight,Boxing,4,2023-09-02
381,"Football Highlights: Taylor, Rodgers and Miller Event 77",Highlight,Football,15,2023-04-18
382,Football Highlights: Eckbauer Köster GbR Event 38,Highlight,Football,9,2023-06-11
383,Football Highlights: Girschner GmbH Event 72,Highlight,Football,6,2023-01-17
384,Football Highlights: Gnatz Kramer KG Event 49,Highlight,Football,5,2023-09-02
385,Football Replay: Lake Allan vs Johnsonfort 2023-01-29,Replay,Football,123,2023-01-29
386,Football Replay: Lake Shaun vs Senftenberg 2023-07-01,Replay,Football,95,2023-07-01
387,Boxing Highlights: Ruppersberger AG & Co. KGaA Event 10,Highlight,Boxing,8,2023-11-23
388,Football Replay: Lake Jordanmouth vs Paderborn 2023-03-05,Replay,Football,140,2023-03-05
389,F1 Highlights: Knappe Event 59,Highlight,F1,4,2023-07-24
390,Football Replay: Port Julian vs Jacksonstad 2023-07-29,Replay,Football,110,2023-07-29
391,F1 Highlights: Zimmer Albers GbR Event 43,Highlight,F1,10,2023-05-30
392,Darts Highlights: Schmidt LLC Event 84,Highlight,Darts,12,2023-10-23
393,Football Replay: Davieston vs Nealside 2023-08-08,Replay,Football,148,2023-08-08
394,Football Replay: Ludwigslust vs New Jillside 2023-04-02,Replay,Football,110,2023-04-02
395,Graeme Bennett on their Football Career,Interview,Football,41,2023-08-19
396,Conny Käster on their NFL Career,Interview,NFL,30,2023-05-18
397,"Darts Highlights: Brown, Davies and Smith Event 51",Highlight,Darts,8,2023-05-15
398,F1 Replay: Patelchester vs Illertissen 2023-04-25,Replay,F1,135,2023-04-25
399,Katelyn Johnson on their Football Career,Interview,Football,45,2023-06-28
400,NFL Replay: South Charles vs East Diane 2023-02-13,Replay,NFL,150,2023-02-13
401,NFL Replay: North Nathanfurt vs Belzig 2023-02-16,Replay,NFL,148,2023-02-16
402,Darts Replay: Miltenberg vs Oranienburg 2023-01-28,Replay,Darts,112,2023-01-28
403,Football Highlights: Drubin Event 39,Highlight,Football,6,2023-05-20
404,Football Replay: Moyerton vs Recklinghausen 2023-04-19,Replay,Football,114,2023-04-19
405,The Story of Kraushaar: A Football Legend,Documentary,Football,106,2023-07-24
406,"Boxing Highlights: Hall, Todd and Williams Event 89",Highlight,Boxing,9,2023-07-09
407,NFL Highlights: Eigenwillig Event 47,Highlight,NFL,14,2023-10-27
408,The Story of Rosemann: A Boxing Legend,Documentary,Boxing,55,2023-08-25
409,Football Replay: Graybury vs Northeim 2023-03-01,Replay,Football,145,2023-03-01
410,"F1 Highlights: Howard, Howard and Doherty Event 6",Highlight,F1,12,2023-11-11
411,Trude Barajas on their NFL Career,Interview,NFL,35,2023-01-13
412,John White on their Football Career,Interview,Football,37,2023-02-25
413,Football Replay: Port Monicaberg vs Port Cameron 2023-03-15,Replay,Football,88,2023-03-15
414,Boxing Highlights: Harding-Potter Event 75,Highlight,Boxing,14,2023-10-15
415,"Boxing Highlights: Thomas, Harrell and Strickland Event 51",Highlight,Boxing,10,2023-01-11
416,The Story of Scholz: A F1 Legend,Documentary,F1,109,2023-09-30
417,MMA Replay: Lake Patricia vs Osbornehaven 2023-01-02,Replay,MMA,121,2023-01-02
418,Boxing Replay: South Erica vs South Matthew 2023-10-05,Replay,Boxing,70,2023-10-05
419,MMA Replay: Maldonadoburgh vs West Ryan 2023-04-29,Replay,MMA,78,2023-04-29
420,Football Highlights: Alvarado Inc Event 27,Highlight,Football,11,2023-10-18
421,Boxing Highlights: Dussen van GbR Event 57,Highlight,Boxing,14,2023-11-16
422,"Football Highlights: King, Webb and Taylor Event 39",Highlight,Football,3,2023-05-01
423,The Story of Kruschwitz: A Football Legend,Documentary,Football,88,2023-09-28
424,NFL Highlights: Stiebitz Löffler AG Event 22,Highlight,NFL,14,2023-11-25
425,Football Replay: Dinslaken vs Jonesbury 2023-10-28,Replay,Football,80,2023-10-28
426,Boxing Highlights: Johnson-Willis Event 60,Highlight,Boxing,6,2023-06-22
427,The Story of Jackson: A F1 Legend,Documentary,F1,68,2023-03-24
428,Boxing Highlights: Irwin-Stone Event 4,Highlight,Boxing,14,2023-06-09
429,"Football Highlights: Kennedy, Williams and Bradley Event 76",Highlight,Football,9,2023-03-13
430,NFL Highlights: Thomas-Butler Event 27,Highlight,NFL,7,2023-07-04
431,The Story of Nunez: A Darts Legend,Documentary,Darts,53,2023-09-25
432,"NFL Highlights: Wood, Middleton and McKenzie Event 69",Highlight,NFL,5,2023-02-15
433,Football Highlights: Ayala Inc Event 15,Highlight,Football,7,2023-01-08
434,Boxing Highlights: Wilson-Gallagher Event 82,Highlight,Boxing,8,2023-09-10
435,F1 Highlights: Miller Group Event 76,Highlight,F1,4,2023-11-24
436,Darts Highlights: Spencer and Sons Event 80,Highlight,Darts,5,2023-11-20
437,The Story of Lorch: A NFL Legend,Documentary,NFL,83,2023-07-13
438,Laura Jackson on their F1 Career,Interview,F1,18,2023-08-16
439,Football Highlights: Gorlitz Event 15,Highlight,Football,5,2023-04-08
440,Football Highlights: Webster Ltd Event 50,Highlight,Football,9,2023-05-23
441,"F1 Highlights: Leach, Sutton and Mason Event 55",Highlight,F1,5,2023-04-29
442,Boxing Highlights: Gehringer Event 83,Highlight,Boxing,5,2023-09-28
443,Boxing Highlights: Paffrath OHG mbH Event 18,Highlight,Boxing,5,2023-01-21
444,Boxing Highlights: Mann PLC Event 7,Highlight,Boxing,8,2023-11-18
445,Desiree Lewis on their Boxing Career,Interview,Boxing,22,2023-02-27
446,The Story of Nerger: A MMA Legend,Documentary,MMA,109,2023-11-02
447,Boxing Highlights: Sanderson LLC Event 63,Highlight,Boxing,9,2023-06-09
448,Boxing Highlights: Martin Group Event 22,Highlight,Boxing,4,2023-01-18
449,NFL Highlights: Kusch Lindner Stiftung & Co. KG Event 29,Highlight,NFL,7,2023-06-08
450,Football Replay: South Robertstad vs Julianstad 2023-04-10,Replay,Football,96,2023-04-10
451,Boxing Replay: East Christian vs Schwandorf 2023-04-18,Replay,Boxing,123,2023-04-18
452,Football Highlights: Tintzmann Kade GmbH Event 15,Highlight,Football,7,2023-11-23
453,The Story of Butler: A Darts Legend,Documentary,Darts,91,2023-09-16
454,NFL Highlights: Estrada Ltd Event 98,Highlight,NFL,14,2023-02-03
455,Football Highlights: Gonzales-Simmons Event 55,Highlight,Football,4,2023-07-20
456,NFL Highlights: Langern Event 32,Highlight,NFL,7,2023-06-23
457,The Story of Adler: A Football Legend,Documentary,Football,78,2023-10-14
458,Darts Highlights: Scholz Birnbaum AG Event 57,Highlight,Darts,4,2023-08-11
459,The Story of Ortiz: A Football Legend,Documentary,Football,120,2023-03-28
460,Tennis Highlights: Simmons and Sons Event 79,Highlight,Tennis,13,2023-10-18
461,"F1 Highlights: Campbell, Douglas and Russell Event 27",Highlight,F1,6,2023-06-25
462,The Story of Weimer: A F1 Legend,Documentary,F1,113,2023-02-11
463,Boxing Replay: Ritaview vs Nabburg 2023-03-28,Replay,Boxing,101,2023-03-28
464,Jacob Haase on their Football Career,Interview,Football,27,2023-10-04
465,Valerie Goodman on their Boxing Career,Interview,Boxing,16,2023-08-03
466,NFL Replay: Güstrow vs Havelberg 2023-09-21,Replay,NFL,112,2023-09-21
467,Antonietta Bolton on their MMA Career,Interview,MMA,18,2023-11-25
468,Football Highlights: Lorch AG Event 19,Highlight,Football,14,2023-03-06
469,Football Highlights: Davis-Long Event 87,Highlight,Football,9,2023-04-17
470,F1 Highlights: Eberhardt Müller GmbH Event 35,Highlight,F1,13,2023-04-21
471,Boxing Highlights: Eberhardt e.V. Event 82,Highlight,Boxing,15,2023-01-31
472,The Story of Bishop: A Football Legend,Documentary,Football,110,2023-07-09
473,NFL Highlights: Drub Event 48,Highlight,NFL,10,2023-02-08
474,John Burrows on their Football Career,Interview,Football,10,2023-05-29
475,The Story of Robson: A Darts Legend,Documentary,Darts,56,2023-07-15
476,Boxing Highlights: Yates-Chapman Event 86,Highlight,Boxing,14,2023-02-06
477,"Football Highlights: Stewart, Hall and Byrne Event 69",Highlight,Football,9,2023-07-05
478,Boxing Replay: Wolfratshausen vs Calw 2023-10-08,Replay,Boxing,87,2023-10-08
479,Football Highlights: Karz AG Event 37,Highlight,Football,8,2023-07-27
480,Football Highlights: Nerger GmbH Event 63,Highlight,Football,15,2023-07-10
481,"NFL Highlights: McLean, Young and Ahmed Event 7",Highlight,NFL,3,2023-05-28
482,NFL Replay: South Brenda vs Lewisburgh 2023-06-06,Replay,NFL,118,2023-06-06
483,Tennis Replay: Lake Pamela vs West Abigailside 2023-03-09,Replay,Tennis,80,2023-03-09
484,"Football Highlights: Wood, Wall and Bass Event 55",Highlight,Football,6,2023-09-17
485,Pero Schüler on their Tennis Career,Interview,Tennis,29,2023-04-27
486,MMA Replay: Port Kevin vs Stendal 2023-03-31,Replay,MMA,95,2023-03-31
487,Football Replay: East Samuel vs Port Jessicamouth 2023-04-06,Replay,Football,70,2023-04-06
488,Tennis Highlights: Porter PLC Event 22,Highlight,Tennis,3,2023-04-25
489,"Football Highlights: Chase, Barnes and Smith Event 90",Highlight,Football,15,2023-07-31
490,NFL Replay: North Alex vs North Garryton 2023-07-25,Replay,NFL,150,2023-07-25
491,Football Replay: Katiechester vs Hechingen 2023-01-18,Replay,Football,69,2023-01-18
492,Football Replay: New Janice vs Fallingbostel 2023-05-09,Replay,Football,147,2023-05-09
493,Football Highlights: Donnelly-Slater Event 44,Highlight,Football,4,2023-02-19
494,Pamela Kambs on their Boxing Career,Interview,Boxing,18,2023-01-07
495,Football Highlights: Kaufman-Price Event 12,Highlight,Football,14,2023-03-06
496,The Story of Nerger: A Football Legend,Documentary,Football,92,2023-08-02
497,The Story of Ross: A Football Legend,Documentary,Football,62,2023-01-22
498,NFL Highlights: Wallace Inc Event 9,Highlight,NFL,11,2023-06-23
499,F1 Highlights: Jones LLC Event 22,Highlight,F1,10,2023-04-08
500,Football Highlights: Margraf GmbH Event 96,Highlight,Football,5,2023-06-10
501,Denis Kensy on their F1 Career,Interview,F1,38,2023-03-20
502,The Story of Simpson: A Football Legend,Documentary,Football,57,2023-01-19
503,Football Replay: New Catherine vs West Amy 2023-10-06,Replay,Football,109,2023-10-06
504,Boxing Highlights: Lewis LLC Event 18,Highlight,Boxing,6,2023-09-04
505,Football Replay: Zeulenroda vs South Johnny 2023-03-23,Replay,Football,130,2023-03-23
506,"NFL Highlights: Le, Murray and Taylor Event 37",Highlight,NFL,15,2023-02-13
507,Joshua Brooks on their Football Career,Interview,Football,29,2023-01-09
508,F1 Replay: Bamberg vs Leonardburgh 2023-06-10,Replay,F1,84,2023-06-10
509,Football Highlights: Boucsein GmbH & Co. OHG Event 7,Highlight,Football,15,2023-01-20
510,The Story of Khan: A MMA Legend,Documentary,MMA,108,2023-06-13
511,"Football Highlights: Lewis, Jones and Payne Event 82",Highlight,Football,12,2023-04-04
512,Tennis Replay: Grimmen vs West Angela 2023-09-05,Replay,Tennis,61,2023-09-05
513,Heidi Wood on their MMA Career,Interview,MMA,18,2023-11-24
514,Darts Highlights: Ruppert Event 54,Highlight,Darts,8,2023-01-21
515,Football Highlights: Pierce-Hunt Event 61,Highlight,Football,15,2023-07-14
516,F1 Replay: Görlitz vs Olpe 2023-06-29,Replay,F1,61,2023-06-29
517,Football Replay: West Lisa vs New Travis 2023-01-30,Replay,Football,67,2023-01-30
518,Jay Meister on their Football Career,Interview,Football,28,2023-07-24
519,Boxing Highlights: Schmiedecke Event 54,Highlight,Boxing,9,2023-08-21
520,Football Highlights: Parker Group Event 69,Highlight,Football,11,2023-01-20
521,Football Highlights: Gotthard Event 40,Highlight,Football,4,2023-09-13
522,Football Highlights: Juncken AG & Co. KG Event 20,Highlight,Football,11,2023-10-30
523,F1 Highlights: Miller-James Event 98,Highlight,F1,13,2023-02-27
524,Football Highlights: Barnes and Sons Event 90,Highlight,Football,9,2023-01-29
525,Darts Highlights: Thomas-Zhang Event 8,Highlight,Darts,6,2023-07-26
526,Boxing Replay: South Liamview vs Tecklenburg 2023-02-19,Replay,Boxing,118,2023-02-19
527,Football Highlights: Olson-Atkins Event 86,Highlight,Football,14,2023-07-20
528,Football Highlights: Williams-Burke Event 2,Highlight,Football,14,2023-07-14
529,Football Replay: Halberstadt vs North Brenda 2023-05-03,Replay,Football,123,2023-05-03
530,Samantha Oestrovsky on their Boxing Career,Interview,Boxing,26,2023-08-22
531,Football Replay: Stevensmouth vs New Stephanie 2023-06-27,Replay,Football,94,2023-06-27
532,Football Highlights: Fowler Inc Event 4,Highlight,Football,8,2023-05-07
533,The Story of Murphy: A Football Legend,Documentary,Football,53,2023-02-03
534,MMA Replay: Ireneburgh vs South Rachaelhaven 2023-08-02,Replay,MMA,140,2023-08-02
535,Boxing Replay: Rostock vs Kerrside 2023-01-05,Replay,Boxing,106,2023-01-05
536,Tennis Replay: Leeside vs Andrewport 2023-08-04,Replay,Tennis,81,2023-08-04
537,"Football Highlights: Proctor, Evans and Walker Event 14",Highlight,Football,12,2023-08-24
538,Football Highlights: Schinke AG & Co. OHG Event 95,Highlight,Football,11,2023-02-19
539,Tennis Replay: Lake Michael vs West Anthony 2023-01-05,Replay,Tennis,61,2023-01-05
540,Boxing Replay: South Josephshire vs New Ashleighfort 2023-04-14,Replay,Boxing,109,2023-04-14
541,Heinz-Otto Mcmahon on their Football Career,Interview,Football,12,2023-01-22
542,"Tennis Highlights: Wilkinson, Cunningham and Wall Event 95",Highlight,Tennis,13,2023-11-18
543,Football Highlights: Ahmed-Butler Event 54,Highlight,Football,14,2023-03-25
544,Darts Highlights: Cruz-Clark Event 74,Highlight,Darts,8,2023-11-22
545,NFL Replay: West Christian vs Barkerview 2023-03-02,Replay,NFL,66,2023-03-02
546,Darts Replay: North Rhys vs South Francisco 2023-07-23,Replay,Darts,65,2023-07-23
547,Hans-H. Adams on their Football Career,Interview,Football,39,2023-03-05
548,The Story of Preiß: A NFL Legend,Documentary,NFL,84,2023-11-20
549,F1 Highlights: Krein Event 2,Highlight,F1,8,2023-06-29
550,F1 Replay: Eisenberg vs Lake Amy 2023-05-04,Replay,F1,98,2023-05-04
551,Football Highlights: Loos Event 48,Highlight,Football,12,2023-05-07
552,Ria Nelson on their MMA Career,Interview,MMA,22,2023-04-19
553,Boxing Highlights: Steinberg AG Event 32,Highlight,Boxing,5,2023-08-18
554,Boxing Replay: Plauen vs North Nicolamouth 2023-07-12,Replay,Boxing,89,2023-07-12
555,F1 Highlights: Turner LLC Event 89,Highlight,F1,3,2023-02-04
556,Carin Thomas on their Football Career,Interview,Football,34,2023-01-03
557,The Story of Baldwin: A NFL Legend,Documentary,NFL,58,2023-06-13
558,MMA Replay: West Toddberg vs Joshuafort 2023-02-22,Replay,MMA,113,2023-02-22
559,Football Highlights: Berry and Sons Event 19,Highlight,Football,14,2023-01-06
560,Football Replay: Zerbst vs West Matthew 2023-11-24,Replay,Football,89,2023-11-24
561,The Story of Mcguire: A Boxing Legend,Documentary,Boxing,92,2023-07-14
562,NFL Highlights: Pieper Zobel GmbH Event 75,Highlight,NFL,4,2023-01-14
563,F1 Highlights: Trubin Event 51,Highlight,F1,4,2023-07-18
564,Football Highlights: Spence-Curry Event 85,Highlight,Football,5,2023-01-09
565,Football Replay: Kendrafort vs South Maria 2023-05-13,Replay,Football,100,2023-05-13
566,Keith Wells on their Football Career,Interview,Football,30,2023-05-05
567,Football Highlights: Warner-Mathews Event 10,Highlight,Football,6,2023-01-11
568,NFL Replay: Lake Sabrinaborough vs Lisaville 2023-10-25,Replay,NFL,73,2023-10-25
569,Football Replay: West Stephaniefort vs Spremberg 2023-02-21,Replay,Football,119,2023-02-21
570,Football Highlights: Wilson LLC Event 46,Highlight,Football,15,2023-05-03
571,Football Replay: Bamberg vs Margaretside 2023-05-30,Replay,Football,93,2023-05-30
572,The Story of Duncan: A Football Legend,Documentary,Football,83,2023-03-12
573,The Story of Flowers: A NFL Legend,Documentary,NFL,50,2023-02-23
574,Tennis Replay: Port Barry vs Joetown 2023-07-22,Replay,Tennis,78,2023-07-22
575,Football Replay: Carriehaven vs Zerbst 2023-08-12,Replay,Football,105,2023-08-12
576,Football Highlights: Franke AG Event 39,Highlight,Football,7,2023-02-25
577,The Story of Jacob: A Football Legend,Documentary,Football,96,2023-03-29
578,The Story of Rosenow: A F1 Legend,Documentary,F1,115,2023-03-20
579,Boxing Replay: West Graham vs North Robertburgh 2023-08-23,Replay,Boxing,77,2023-08-23
580,Football Replay: Rossshire vs South Kevin 2023-10-29,Replay,Football,88,2023-10-29
581,Darts Replay: Lake Mohammedmouth vs Ueckermünde 2023-01-11,Replay,Darts,107,2023-01-11
582,MMA Highlights: Klapp GmbH Event 11,Highlight,MMA,12,2023-02-28
583,Tennis Highlights: Gray-Roberts Event 10,Highlight,Tennis,3,2023-04-29
584,Patricia Schäfer on their Football Career,Interview,Football,38,2023-01-22
585,The Story of Blümel: A Football Legend,Documentary,Football,87,2023-10-27
586,MMA Replay: Wrightview vs Sallymouth 2023-08-20,Replay,MMA,66,2023-08-20
587,F1 Replay: Martinhaven vs North Hollyview 2023-05-06,Replay,F1,110,2023-05-06
588,Football Highlights: Gonzales-Nguyen Event 55,Highlight,Football,5,2023-06-13
589,Tennis Highlights: Clark LLC Event 36,Highlight,Tennis,7,2023-07-14
590,Football Highlights: Mills-Walton Event 79,Highlight,Football,12,2023-09-27
591,"F1 Highlights: Bates, Kay and Osborne Event 64",Highlight,F1,9,2023-11-15
592,The Story of Schulz: A Boxing Legend,Documentary,Boxing,56,2023-03-12
593,Football Replay: Simsstad vs Kyritz 2023-03-03,Replay,Football,85,2023-03-03
594,NFL Highlights: Harris Inc Event 32,Highlight,NFL,13,2023-02-26
595,Jack Zimmerman on their Boxing Career,Interview,Boxing,11,2023-02-25
596,Matthew Cooper on their NFL Career,Interview,NFL,32,2023-03-02
597,"NFL Highlights: Larson, Burnett and Woodard Event 45",Highlight,NFL,12,2023-03-24
598,Football Highlights: Rohleder Stiftung & Co. KG Event 24,Highlight,Football,3,2023-04-29
599,Football Highlights: Adams-Montes Event 100,Highlight,Football,7,2023-03-13
600,MMA Replay: North Katieton vs Warendorf 2023-07-04,Replay,MMA,127,2023-07-04
601,F1 Highlights: Oestrovsky AG Event 30,Highlight,F1,5,2023-06-11
602,NFL Replay: Fosterland vs Perleberg 2023-05-13,Replay,NFL,94,2023-05-13
603,NFL Highlights: Neuschäfer GbR Event 95,Highlight,NFL,3,2023-01-26
604,The Story of Carter: A MMA Legend,Documentary,MMA,118,2023-02-06
605,The Story of Hörle: A NFL Legend,Documentary,NFL,90,2023-08-01
606,Gerard Williams on their MMA Career,Interview,MMA,21,2023-01-30
607,F1 Replay: New Francisport vs Artern 2023-05-01,Replay,F1,149,2023-05-01
608,"F1 Highlights: Norman, Miller and Welch Event 91",Highlight,F1,14,2023-04-20
609,F1 Highlights: Hartmann Event 19,Highlight,F1,12,2023-08-13
610,Elmar Hermann on their Darts Career,Interview,Darts,41,2023-10-17
611,Football Highlights: Misicher Event 5,Highlight,Football,4,2023-03-01
612,F1 Replay: East James vs Weißwasser 2023-09-27,Replay,F1,62,2023-09-27
613,Football Highlights: Wulf GmbH Event 79,Highlight,Football,6,2023-07-06
614,The Story of Carter: A Football Legend,Documentary,Football,67,2023-01-30
615,Simon Duran on their Darts Career,Interview,Darts,30,2023-09-30
616,Football Replay: West Sylvia vs North Angelafort 2023-10-12,Replay,Football,150,2023-10-12
617,Juan Harris on their NFL Career,Interview,NFL,43,2023-03-05
618,The Story of Johnson: A MMA Legend,Documentary,MMA,92,2023-08-27
619,NFL Highlights: Todd-Edwards Event 76,Highlight,NFL,4,2023-10-06
620,Football Highlights: Ernst Event 21,Highlight,Football,14,2023-05-13
621,Ellie Hartmann on their NFL Career,Interview,NFL,41,2023-01-26
622,Football Highlights: Ramirez-Rich Event 72,Highlight,Football,14,2023-10-05
623,The Story of Bonilla: A F1 Legend,Documentary,F1,90,2023-06-21
624,F1 Replay: Lake Amber vs Göttingen 2023-08-31,Replay,F1,82,2023-08-31
625,"NFL Highlights: Wells, Avila and Mosley Event 38",Highlight,NFL,5,2023-03-09
626,Football Replay: Gordonberg vs Göppingen 2023-09-13,Replay,Football,149,2023-09-13
627,Melanie Valdez on their Football Career,Interview,Football,12,2023-10-14
628,Football Replay: Regensburg vs Vilsbiburg 2023-05-30,Replay,Football,138,2023-05-30
629,F1 Replay: Ueckermünde vs Sankt Goarshausen 2023-06-04,Replay,F1,123,2023-06-04
630,NFL Replay: Rayfort vs Port Meredith 2023-02-24,Replay,NFL,90,2023-02-24
631,Football Highlights: Paul-Stevens Event 82,Highlight,Football,4,2023-04-27
632,The Story of Ortmann: A NFL Legend,Documentary,NFL,87,2023-02-21
633,Football Highlights: Zhang-Medina Event 32,Highlight,Football,14,2023-06-05
634,Football Replay: Evansville vs Neustrelitz 2023-04-24,Replay,Football,73,2023-04-24
635,Football Highlights: Villanueva-Simon Event 57,Highlight,Football,14,2023-07-26
636,Football Highlights: Thompson Ltd Event 53,Highlight,Football,10,2023-09-10
637,The Story of Wilkinson: A Football Legend,Documentary,Football,93,2023-05-18
638,Boxing Replay: Bad Brückenau vs Eberswalde 2023-09-30,Replay,Boxing,133,2023-09-30
639,NFL Highlights: Conradi Event 21,Highlight,NFL,10,2023-08-24
640,Darts Replay: Saarbrücken vs Schlüchtern 2023-04-30,Replay,Darts,97,2023-04-30
641,Football Replay: North Jason vs Burgdorf 2023-05-17,Replay,Football,73,2023-05-17
642,Football Replay: Neunburg vorm Wald vs New Jake 2023-08-18,Replay,Football,108,2023-08-18
643,Football Replay: North Angelachester vs Pearsonstad 2023-08-01,Replay,Football,71,2023-08-01
644,MMA Highlights: Jessel Event 62,Highlight,MMA,14,2023-08-01
645,MMA Replay: New Amybury vs Port Amandaport 2023-02-20,Replay,MMA,81,2023-02-20
646,Boxing Highlights: Noack Hornich GbR Event 7,Highlight,Boxing,4,2023-05-09
647,MMA Highlights: Taylor-Woods Event 53,Highlight,MMA,14,2023-07-22
648,Tennis Highlights: Austermühle Gude GmbH Event 70,Highlight,Tennis,7,2023-09-26
649,Football Highlights: Harris PLC Event 13,Highlight,Football,3,2023-10-30
650,Boxing Highlights: Scott LLC Event 63,Highlight,Boxing,5,2023-07-19
651,Football Replay: Greiz vs North Nicholas 2023-08-09,Replay,Football,71,2023-08-09
652,NFL Replay: Port Glenhaven vs Masseyland 2023-06-13,Replay,NFL,136,2023-06-13
653,Football Highlights: Rörricht AG Event 27,Highlight,Football,5,2023-05-11
654,MMA Highlights: Storey-Reeves Event 61,Highlight,MMA,4,2023-04-19
655,Football Highlights: Cook Ltd Event 63,Highlight,Football,13,2023-10-27
656,F1 Replay: Spremberg vs Jamesborough 2023-06-02,Replay,F1,109,2023-06-02
657,Tennis Replay: Martinfurt vs Gräfenhainichen 2023-09-10,Replay,Tennis,107,2023-09-10
658,Football Replay: East Gavinhaven vs Cynthiashire 2023-02-06,Replay,Football,116,2023-02-06
659,"Football Highlights: Mathews, Castaneda and Goodwin Event 35",Highlight,Football,12,2023-03-18
660,NFL Replay: Bruchsal vs Erkelenz 2023-11-28,Replay,NFL,145,2023-11-28
661,NFL Replay: West John vs Robertsonland 2023-06-12,Replay,NFL,129,2023-06-12
662,NFL Highlights: Bender-Young Event 30,Highlight,NFL,11,2023-11-13
663,Football Replay: Williamstown vs East Elizabeth 2023-09-08,Replay,Football,126,2023-09-08
664,Boxing Highlights: Young PLC Event 61,Highlight,Boxing,12,2023-02-08
665,The Story of Harper: A Boxing Legend,Documentary,Boxing,55,2023-04-08
666,"Tennis Highlights: Garza, Wilson and Roy Event 5",Highlight,Tennis,11,2023-06-10
667,"Boxing Highlights: Morgan, Lee and Barrett Event 74",Highlight,Boxing,13,2023-05-25
668,Mandy Reynolds on their Football Career,Interview,Football,38,2023-05-16
669,MMA Replay: Thomasborough vs West Jessica 2023-10-27,Replay,MMA,87,2023-10-27
670,The Story of Long: A Football Legend,Documentary,Football,99,2023-04-15
671,NFL Replay: Recklinghausen vs Leonmouth 2023-03-10,Replay,NFL,85,2023-03-10
672,Zachary Benthin on their F1 Career,Interview,F1,26,2023-09-28
673,NFL Highlights: Karz Bien GbR Event 9,Highlight,NFL,4,2023-09-05
674,Football Highlights: Williams-Atkinson Event 42,Highlight,Football,7,2023-09-15
675,Tennis Highlights: Killer GmbH Event 2,Highlight,Tennis,15,2023-03-10
676,"F1 Highlights: Brown, Smith and McLean Event 54",Highlight,F1,4,2023-03-18
677,Football Highlights: Käster KGaA Event 76,Highlight,Football,12,2023-08-12
678,The Story of Oliver: A MMA Legend,Documentary,MMA,58,2023-07-03
679,Football Highlights: Hübel Event 37,Highlight,Football,11,2023-08-31
680,The Story of Dobes: A Tennis Legend,Documentary,Tennis,78,2023-09-02
681,Boxing Highlights: Cooke-Porter Event 78,Highlight,Boxing,10,2023-11-11
682,Football Replay: Josephburgh vs Port Davidchester 2023-09-30,Replay,Football,78,2023-09-30
683,NFL Highlights: Chadwick-Carter Event 52,Highlight,NFL,3,2023-03-13
684,Tennis Highlights: Morgan-Scott Event 89,Highlight,Tennis,6,2023-01-10
685,Boxing Replay: Lüdinghausen vs Eugenefort 2023-07-01,Replay,Boxing,94,2023-07-01
686,The Story of Heintze: A Football Legend,Documentary,Football,83,2023-11-01
687,"Darts Highlights: Miller, Washington and Gutierrez Event 90",Highlight,Darts,13,2023-05-16
688,Tennis Replay: Abbiemouth vs Lake Jamie 2023-01-30,Replay,Tennis,77,2023-01-30
689,"NFL Highlights: Vaughn, Mclean and Boyer Event 100",Highlight,NFL,8,2023-09-23
690,Boxing Replay: Gillland vs Hallmouth 2023-07-05,Replay,Boxing,142,2023-07-05
691,Boxing Replay: Brand vs Lake Chloe 2023-04-29,Replay,Boxing,112,2023-04-29
692,NFL Highlights: Budig Event 48,Highlight,NFL,3,2023-01-20
693,Football Highlights: Clark-Hess Event 40,Highlight,Football,14,2023-04-06
694,Football Highlights: Wagenknecht Preiß KG Event 68,Highlight,Football,12,2023-04-23
695,Football Replay: New Norman vs East Dawnburgh 2023-04-08,Replay,Football,85,2023-04-08
696,The Story of Rädel: A Football Legend,Documentary,Football,103,2023-11-17
697,Football Replay: Gerolzhofen vs North Katherinefurt 2023-02-05,Replay,Football,85,2023-02-05
698,Darts Replay: Bad Brückenau vs South Jose 2023-09-20,Replay,Darts,124,2023-09-20
699,"Tennis Highlights: Evans, Cooke and Barnett Event 88",Highlight,Tennis,3,2023-09-13
700,Boxing Replay: Jeffreytown vs Kirstyton 2023-08-26,Replay,Boxing,117,2023-08-26
701,Tennis Replay: Karenmouth vs Craighaven 2023-09-12,Replay,Tennis,135,2023-09-12
702,Football Highlights: Clarke LLC Event 34,Highlight,Football,14,2023-03-27
703,The Story of Frazier: A Football Legend,Documentary,Football,48,2023-04-16
704,Football Highlights: Rogge Event 74,Highlight,Football,15,2023-03-01
705,Brett King on their Tennis Career,Interview,Tennis,24,2023-10-24
706,"Football Highlights: Bonilla, Cannon and Rojas Event 53",Highlight,Football,11,2023-08-28
707,NFL Replay: Lüdenscheid vs New Regina 2023-10-25,Replay,NFL,147,2023-10-25
708,Tennis Replay: South Amandaburgh vs Smithstad 2023-03-07,Replay,Tennis,142,2023-03-07
709,Darts Replay: Allenmouth vs New Shellyburgh 2023-03-27,Replay,Darts,88,2023-03-27
710,Darts Replay: Nicolaburgh vs Louisland 2023-05-24,Replay,Darts,99,2023-05-24
711,NFL Highlights: Thomas-Smith Event 36,Highlight,NFL,9,2023-03-12
712,The Story of Forbes: A Tennis Legend,Documentary,Tennis,103,2023-04-09
713,Boxing Replay: East Callumtown vs Worbis 2023-04-02,Replay,Boxing,146,2023-04-02
714,F1 Highlights: Baker-Perry Event 75,Highlight,F1,4,2023-10-04
715,MMA Replay: Eisenberg vs Lüdinghausen 2023-01-24,Replay,MMA,107,2023-01-24
716,F1 Highlights: Peacock Ltd Event 37,Highlight,F1,7,2023-06-11
717,Boxing Highlights: Williams-Woods Event 44,Highlight,Boxing,7,2023-09-03
718,Tennis Highlights: Pohl GbR Event 34,Highlight,Tennis,13,2023-07-12
719,Tennis Highlights: Young-Lin Event 39,Highlight,Tennis,6,2023-05-06
720,NFL Replay: Wiedenbrück vs Adamberg 2023-03-09,Replay,NFL,67,2023-03-09
721,The Story of Campbell: A Darts Legend,Documentary,Darts,96,2023-10-02
722,NFL Highlights: Day LLC Event 93,Highlight,NFL,3,2023-10-15
723,MMA Highlights: Briemer Stiftung & Co. KG Event 34,Highlight,MMA,9,2023-09-21
724,NFL Highlights: Jungfer Event 75,Highlight,NFL,14,2023-03-02
725,Jasmine Bond on their Darts Career,Interview,Darts,31,2023-02-24
726,Football Highlights: Huynh Group Event 69,Highlight,Football,13,2023-11-24
727,The Story of Spieß: A Tennis Legend,Documentary,Tennis,90,2023-06-15
728,Darts Highlights: Häring Schweitzer Stiftung & Co. KGaA Event 85,Highlight,Darts,11,2023-11-28
729,Football Replay: North James vs Stantonfort 2023-05-08,Replay,Football,76,2023-05-08
730,"NFL Highlights: White, Bright and Mejia Event 72",Highlight,NFL,15,2023-01-24
731,Zenta Holmes on their MMA Career,Interview,MMA,31,2023-05-10
732,Football Highlights: Mccoy-Porter Event 29,Highlight,Football,14,2023-06-11
733,The Story of Begum: A Boxing Legend,Documentary,Boxing,87,2023-08-19
734,F1 Highlights: French-Munoz Event 60,Highlight,F1,4,2023-02-28
735,Tennis Highlights: Foster-Reid Event 75,Highlight,Tennis,12,2023-01-12
736,Nathan Leonard on their Football Career,Interview,Football,22,2023-10-13
737,Tennis Highlights: Franke Event 49,Highlight,Tennis,11,2023-11-13
738,Football Replay: Bowenton vs Brookschester 2023-10-08,Replay,Football,79,2023-10-08
739,Football Replay: Port Heather vs Havelberg 2023-08-13,Replay,Football,112,2023-08-13
740,Amy Bohlander on their Tennis Career,Interview,Tennis,39,2023-05-27
741,Tennis Replay: Claytonmouth vs West Adrian 2023-08-26,Replay,Tennis,83,2023-08-26
742,The Story of Aguilar: A Boxing Legend,Documentary,Boxing,67,2023-04-15
743,Football Highlights: Brewer-Wilson Event 58,Highlight,Football,7,2023-10-01
744,NFL Replay: Perezstad vs West Aaronshire 2023-07-24,Replay,NFL,133,2023-07-24
745,The Story of Mosemann: A Boxing Legend,Documentary,Boxing,56,2023-06-22
746,Boxing Replay: South Marissastad vs Evanstown 2023-11-13,Replay,Boxing,114,2023-11-13
747,MMA Highlights: Schüler Werner GmbH & Co. KG Event 50,Highlight,MMA,3,2023-11-08
748,Football Replay: Reginaldfurt vs Barbaraside 2023-11-12,Replay,Football,107,2023-11-12
749,Ina Booth on their Tennis Career,Interview,Tennis,43,2023-06-15
750,NFL Replay: Feuchtwangen vs Koblenz 2023-01-11,Replay,NFL,140,2023-01-11
751,Football Highlights: Steele PLC Event 45,Highlight,Football,7,2023-01-08
752,Football Replay: Armstrongmouth vs Lukeburgh 2023-06-03,Replay,Football,135,2023-06-03
753,Football Highlights: Smith-Scott Event 6,Highlight,Football,7,2023-01-01
754,Ryan Clark on their Boxing Career,Interview,Boxing,43,2023-07-02
755,Football Highlights: Ford Ltd Event 88,Highlight,Football,5,2023-09-02
756,Tennis Highlights: Matthäi Event 46,Highlight,Tennis,15,2023-10-15
757,MMA Replay: South Nataliebury vs East Benjaminmouth 2023-08-23,Replay,MMA,111,2023-08-23
758,Football Replay: Viersen vs North Aaron 2023-08-09,Replay,Football,76,2023-08-09
759,Football Replay: Pricemouth vs Soltau 2023-04-30,Replay,Football,124,2023-04-30
760,Football Replay: Großenhain vs Waldmünchen 2023-03-24,Replay,Football,143,2023-03-24
761,The Story of Hayes: A Football Legend,Documentary,Football,77,2023-03-17
762,The Story of Oderwald: A F1 Legend,Documentary,F1,51,2023-02-17
763,NFL Highlights: Kambs Scholz GmbH & Co. KG Event 3,Highlight,NFL,3,2023-05-21
764,Boxing Highlights: Kuhl Dörschner AG & Co. OHG Event 49,Highlight,Boxing,4,2023-04-07
765,Boxing Highlights: Morris and Sons Event 20,Highlight,Boxing,6,2023-03-25
766,F1 Highlights: Biggen Event 39,Highlight,F1,9,2023-07-16
767,NFL Highlights: Pope-Watson Event 35,Highlight,NFL,12,2023-05-20
768,Football Highlights: Thompson LLC Event 14,Highlight,Football,11,2023-06-24
769,Football Highlights: Howard Inc Event 15,Highlight,Football,15,2023-01-04
770,Football Replay: East Darren vs North Ashleighside 2023-01-28,Replay,Football,85,2023-01-28
771,The Story of Lutz: A Darts Legend,Documentary,Darts,70,2023-03-19
772,"Boxing Highlights: Reynolds, Hussain and King Event 21",Highlight,Boxing,3,2023-01-02
773,"Tennis Highlights: Martin, Baker and Ali Event 89",Highlight,Tennis,10,2023-05-20
774,Football Highlights: Smith Inc Event 86,Highlight,Football,4,2023-11-06
775,Cindy Wilmsen on their Darts Career,Interview,Darts,41,2023-03-26
776,Football Replay: Humphreysstad vs Burgdorf 2023-04-06,Replay,Football,125,2023-04-06
777,NFL Replay: Herzberg vs West Benjamin 2023-10-02,Replay,NFL,92,2023-10-02
778,Boxing Highlights: Rohleder Event 38,Highlight,Boxing,7,2023-11-22
779,Football Highlights: Powell-Young Event 23,Highlight,Football,3,2023-04-23
780,The Story of Hall: A Football Legend,Documentary,Football,85,2023-02-27
781,Football Highlights: Howe-Davis Event 98,Highlight,Football,3,2023-03-19
782,Football Replay: New Josephview vs Zerbst 2023-02-12,Replay,Football,142,2023-02-12
783,Football Replay: Priceport vs Johnsonville 2023-02-24,Replay,Football,116,2023-02-24
784,Joshua Davis on their Football Career,Interview,Football,15,2023-11-27
785,"Football Highlights: Willis, Bolton and Bruce Event 15",Highlight,Football,9,2023-09-21
786,Boxing Highlights: Valdez-Farley Event 50,Highlight,Boxing,14,2023-10-02
787,The Story of Wieloch: A NFL Legend,Documentary,NFL,66,2023-11-18
788,NFL Replay: Nordhausen vs Sternberg 2023-11-24,Replay,NFL,67,2023-11-24
789,Aaron Arnold on their Darts Career,Interview,Darts,16,2023-07-03
790,F1 Highlights: Krebs KG Event 73,Highlight,F1,13,2023-01-13
791,F1 Highlights: Haering Event 100,Highlight,F1,8,2023-05-18
792,Tennis Highlights: Barlow PLC Event 94,Highlight,Tennis,5,2023-05-03
793,Boxing Highlights: Steinberg Süßebier GmbH Event 53,Highlight,Boxing,10,2023-01-20
794,Football Replay: Andreafort vs East George 2023-02-25,Replay,Football,100,2023-02-25
795,Tennis Replay: Port Suzannemouth vs Garmisch-Partenkirchen 2023-09-20,Replay,Tennis,127,2023-09-20
796,The Story of Lee: A F1 Legend,Documentary,F1,117,2023-04-21
797,MMA Replay: Erding vs Bellport 2023-03-22,Replay,MMA,103,2023-03-22
798,NFL Highlights: Bell Ltd Event 80,Highlight,NFL,4,2023-08-09
799,"NFL Highlights: Palmer, Holmes and Day Event 62",Highlight,NFL,8,2023-08-25
800,"F1 Highlights: Sutton, Cook and Sutton Event 20",Highlight,F1,11,2023-03-28
801,The Story of Todd: A F1 Legend,Documentary,F1,46,2023-02-01
802,Football Highlights: Rowe LLC Event 61,Highlight,Football,10,2023-05-12
803,The Story of Hartmann: A Football Legend,Documentary,Football,107,2023-10-01
804,Football Highlights: Martinez PLC Event 36,Highlight,Football,3,2023-05-12
805,"F1 Highlights: Abbott, Simmons and Taylor Event 49",Highlight,F1,9,2023-03-09
806,The Story of Wende: A Football Legend,Documentary,Football,101,2023-11-08
807,The Story of Green: A Boxing Legend,Documentary,Boxing,108,2023-06-11
808,Football Highlights: Snyder-Cain Event 64,Highlight,Football,14,2023-11-28
809,Football Highlights: Vincent Inc Event 53,Highlight,Football,3,2023-07-04
810,Football Highlights: Köhler GmbH Event 12,Highlight,Football,15,2023-01-05
811,"F1 Highlights: French, Jackson and Ortiz Event 39",Highlight,F1,11,2023-07-27
812,NFL Highlights: Rose-Bennett Event 59,Highlight,NFL,8,2023-08-12
813,Football Highlights: Owen-Hunt Event 29,Highlight,Football,10,2023-08-19
814,"NFL Highlights: Bates, Waters and Hampton Event 77",Highlight,NFL,10,2023-04-15
815,Football Highlights: Stoll GmbH Event 58,Highlight,Football,4,2023-03-08
816,NFL Replay: New Dakotahaven vs Julianshire 2023-05-09,Replay,NFL,60,2023-05-09
817,Darts Highlights: Rogner Event 38,Highlight,Darts,11,2023-10-13
818,"NFL Highlights: Clark, James and Fox Event 6",Highlight,NFL,5,2023-05-28
819,Darts Highlights: Butler-Moore Event 96,Highlight,Darts,14,2023-06-27
820,Football Highlights: Juncken Jacobi Jäckel AG Event 26,Highlight,Football,6,2023-07-23
821,Tennis Replay: Gregoryville vs Brand 2023-03-05,Replay,Tennis,87,2023-03-05
822,NFL Highlights: Todd-Keller Event 92,Highlight,NFL,8,2023-10-10
823,Boxing Replay: Port Ashleychester vs North Monica 2023-10-08,Replay,Boxing,141,2023-10-08
824,The Story of Mcknight: A F1 Legend,Documentary,F1,102,2023-04-29
825,F1 Highlights: Jackson PLC Event 65,Highlight,F1,5,2023-02-21
826,Susann Pratt on their Football Career,Interview,Football,13,2023-01-13
827,Boxing Highlights: Eberhardt Event 75,Highlight,Boxing,10,2023-11-04
828,David Heß on their NFL Career,Interview,NFL,21,2023-05-16
829,Football Highlights: Klemm GmbH & Co. KG Event 17,Highlight,Football,4,2023-05-27
830,F1 Highlights: Löwer AG Event 42,Highlight,F1,11,2023-02-07
831,The Story of Börner: A Boxing Legend,Documentary,Boxing,76,2023-05-05
832,MMA Replay: Lake Luisberg vs Jena 2023-11-07,Replay,MMA,97,2023-11-07
833,Football Highlights: Rios-Bryan Event 53,Highlight,Football,12,2023-05-25
834,NFL Highlights: Phillips LLC Event 39,Highlight,NFL,14,2023-04-25
835,Football Highlights: Rodriguez-Williams Event 95,Highlight,Football,11,2023-02-02
836,Football Highlights: Richards LLC Event 80,Highlight,Football,14,2023-07-22
837,Football Replay: Celle vs Bautzen 2023-07-30,Replay,Football,146,2023-07-30
838,NFL Replay: Vincentview vs West Danielstad 2023-06-25,Replay,NFL,82,2023-06-25
839,NFL Highlights: Watson LLC Event 42,Highlight,NFL,14,2023-02-19
840,Football Replay: Lake Justin vs Port Ronnieberg 2023-05-26,Replay,Football,121,2023-05-26
841,"MMA Highlights: Bryant, Miller and Jackson Event 91",Highlight,MMA,9,2023-03-17
842,Tennis Highlights: Saunders-Jackson Event 69,Highlight,Tennis,7,2023-02-03
843,The Story of Riley: A Boxing Legend,Documentary,Boxing,46,2023-08-03
844,Football Highlights: Adler Kohl KG Event 19,Highlight,Football,3,2023-07-19
845,"Football Highlights: Phillips, Trevino and Mcintyre Event 97",Highlight,Football,15,2023-06-20
846,Football Replay: Artern vs Grimma 2023-04-12,Replay,Football,92,2023-04-12
847,Football Replay: Carlfort vs Iserlohn 2023-05-19,Replay,Football,97,2023-05-19
848,Boxing Replay: Warrenport vs Stephenmouth 2023-03-28,Replay,Boxing,105,2023-03-28
849,The Story of Tucker: A Football Legend,Documentary,Football,116,2023-07-24
850,The Story of Galloway: A NFL Legend,Documentary,NFL,116,2023-02-08
851,Boxing Highlights: Tlustek AG & Co. KGaA Event 90,Highlight,Boxing,7,2023-06-21
852,Football Highlights: Seip Mude e.G. Event 49,Highlight,Football,9,2023-04-03
853,NFL Highlights: Huynh PLC Event 88,Highlight,NFL,8,2023-10-06
854,Henry Parker on their Football Career,Interview,Football,26,2023-07-06
855,Tennis Replay: South Shelbyfort vs Emmendingen 2023-07-20,Replay,Tennis,116,2023-07-20
856,The Story of Roy: A Tennis Legend,Documentary,Tennis,92,2023-10-07
857,The Story of auch Schlauchin: A Boxing Legend,Documentary,Boxing,70,2023-03-01
858,The Story of Davis: A MMA Legend,Documentary,MMA,82,2023-03-29
859,MMA Highlights: Brown PLC Event 10,Highlight,MMA,5,2023-02-20
860,Helmar Roberts on their NFL Career,Interview,NFL,17,2023-01-17
861,Boxing Highlights: Scott Group Event 72,Highlight,Boxing,7,2023-07-01
862,F1 Replay: Savageview vs Rudolstadt 2023-06-14,Replay,F1,92,2023-06-14
863,Boxing Replay: Simonburgh vs Whiteburgh 2023-01-22,Replay,Boxing,79,2023-01-22
864,Tennis Replay: Crossport vs Powellfort 2023-02-05,Replay,Tennis,136,2023-02-05
865,MMA Replay: Lake Brandonville vs Keithland 2023-01-12,Replay,MMA,138,2023-01-12
866,The Story of Meister: A Football Legend,Documentary,Football,118,2023-02-06
867,"Football Highlights: Atkinson, Brown and Thompson Event 91",Highlight,Football,8,2023-11-09
868,MMA Highlights: Diaz-Norris Event 67,Highlight,MMA,4,2023-04-04
869,The Story of Wilson: A Football Legend,Documentary,Football,114,2023-03-21
870,Football Highlights: Vollbrecht Häring AG & Co. OHG Event 29,Highlight,Football,6,2023-06-30
871,Football Highlights: Lachmann Event 38,Highlight,Football,6,2023-01-16
872,Jeffrey Morton on their F1 Career,Interview,F1,40,2023-11-11
873,Connor Beier on their Darts Career,Interview,Darts,10,2023-06-22
874,Football Replay: Sharpeview vs Tranborough 2023-11-25,Replay,Football,90,2023-11-25
875,Marie Simpson on their F1 Career,Interview,F1,25,2023-05-08
876,Michele Bohnbach on their NFL Career,Interview,NFL,30,2023-04-03
877,NFL Highlights: Hauffer Bohnbach AG Event 15,Highlight,NFL,9,2023-09-27
878,NFL Replay: South Pauline vs West Kristin 2023-02-16,Replay,NFL,63,2023-02-16
879,Timothy Weinhold on their Darts Career,Interview,Darts,33,2023-07-16
880,Boxing Highlights: Robinson-Rodriguez Event 63,Highlight,Boxing,3,2023-04-10
881,NFL Replay: Carolineside vs New Emilymouth 2023-01-27,Replay,NFL,101,2023-01-27
882,MMA Highlights: Murphy-Kim Event 22,Highlight,MMA,15,2023-11-18
883,Football Highlights: Mielcarek GmbH & Co. KG Event 9,Highlight,Football,6,2023-01-24
884,NFL Highlights: Patterson-Lynch Event 88,Highlight,NFL,9,2023-11-30
885,The Story of Burns: A Football Legend,Documentary,Football,100,2023-02-04
886,MMA Highlights: Niemeier Textor GbR Event 96,Highlight,MMA,13,2023-03-09
887,Boxing Replay: Charleshaven vs Williamburgh 2023-07-16,Replay,Boxing,102,2023-07-16
888,Football Replay: Olpe vs Iainview 2023-06-15,Replay,Football,82,2023-06-15
889,The Story of Losekann: A F1 Legend,Documentary,F1,118,2023-03-26
890,The Story of Chapman: A Tennis Legend,Documentary,Tennis,97,2023-03-18
891,F1 Highlights: Webb-Hardin Event 56,Highlight,F1,8,2023-03-31
892,NFL Replay: Kellyborough vs Germersheim 2023-04-30,Replay,NFL,128,2023-04-30
893,NFL Replay: Hohenstein-Ernstthal vs East Michaelstad 2023-01-17,Replay,NFL,68,2023-01-17
894,The Story of Schacht: A F1 Legend,Documentary,F1,54,2023-04-13
895,Boxing Highlights: Edwards-Bennett Event 38,Highlight,Boxing,15,2023-10-28
896,"F1 Highlights: Taylor, Gould and Morris Event 37",Highlight,F1,15,2023-01-17
897,Andrea King on their Football Career,Interview,Football,11,2023-10-29
898,Boxing Highlights: Gunpf Becker Stiftung & Co. KG Event 18,Highlight,Boxing,14,2023-10-05
899,NFL Highlights: Martin LLC Event 70,Highlight,NFL,7,2023-03-03
900,Silvia Herrmann on their Football Career,Interview,Football,33,2023-03-02
901,Matthew Ochoa on their Football Career,Interview,Football,45,2023-08-22
902,Football Replay: New Samanthaburgh vs Jacquelinetown 2023-07-18,Replay,Football,133,2023-07-18
903,Boxing Highlights: Schacht GmbH Event 11,Highlight,Boxing,7,2023-01-02
904,NFL Replay: Kelleychester vs Knightstad 2023-03-06,Replay,NFL,104,2023-03-06
905,Tennis Replay: Emmaton vs Höxter 2023-02-28,Replay,Tennis,125,2023-02-28
906,Football Replay: South Jeremy vs Haldensleben 2023-01-19,Replay,Football,138,2023-01-19
907,The Story of Stumpf: A Football Legend,Documentary,Football,68,2023-04-20
908,F1 Highlights: Buckley-Perry Event 7,Highlight,F1,15,2023-08-31
909,Betina Bohnbach on their MMA Career,Interview,MMA,39,2023-03-26
910,"Football Highlights: Jones, Anderson and Smith Event 86",Highlight,Football,4,2023-05-10
911,Football Replay: Richardsonberg vs Lake Sheilaside 2023-08-05,Replay,Football,134,2023-08-05
912,Football Highlights: Cook-Mendoza Event 17,Highlight,Football,13,2023-03-20
913,"Football Highlights: Deleon, Porter and Hoffman Event 80",Highlight,Football,4,2023-02-04
914,Carolyn Lindner on their Football Career,Interview,Football,38,2023-10-19
915,NFL Highlights: Heuser Event 89,Highlight,NFL,12,2023-02-19
916,F1 Replay: New Graeme vs Ravensburg 2023-04-13,Replay,F1,100,2023-04-13
917,Bernard Smith on their Football Career,Interview,Football,30,2023-11-20
918,Football Replay: Abigailmouth vs Paigeside 2023-03-08,Replay,Football,142,2023-03-08
919,"Darts Highlights: Hill, Robinson and Jones Event 18",Highlight,Darts,13,2023-04-17
920,"Tennis Highlights: Shepherd, Johnson and Rowe Event 60",Highlight,Tennis,10,2023-02-20
921,Football Highlights: Zirme Pohl GmbH Event 71,Highlight,Football,4,2023-06-05
922,F1 Replay: Greiz vs Clarkfurt 2023-07-11,Replay,F1,95,2023-07-11
923,The Story of Kohl: A Football Legend,Documentary,Football,113,2023-06-11
924,NFL Replay: Thompsonchester vs Eisenach 2023-01-17,Replay,NFL,140,2023-01-17
925,Football Replay: Iserlohn vs West John 2023-02-22,Replay,Football,62,2023-02-22
926,The Story of Webb: A F1 Legend,Documentary,F1,119,2023-07-18
927,NFL Highlights: Jockel GmbH & Co. KG Event 28,Highlight,NFL,3,2023-03-13
928,Boxing Highlights: Ortmann Event 70,Highlight,Boxing,10,2023-01-31
929,"Football Highlights: Rodriguez, Lewis and Nelson Event 51",Highlight,Football,6,2023-08-28
930,The Story of Maynard: A F1 Legend,Documentary,F1,82,2023-01-09
931,Boxing Replay: New Michael vs Mariaview 2023-05-28,Replay,Boxing,71,2023-05-28
932,Boxing Highlights: Smith-Clark Event 85,Highlight,Boxing,6,2023-09-07
933,The Story of Jäkel: A Darts Legend,Documentary,Darts,66,2023-02-21
934,The Story of Petty: A Football Legend,Documentary,Football,65,2023-06-22
935,MMA Replay: West Kayleighside vs New Kimberly 2023-06-29,Replay,MMA,144,2023-06-29
936,The Story of Willis: A Football Legend,Documentary,Football,106,2023-02-07
937,Andres Wilms on their Football Career,Interview,Football,41,2023-04-25
938,Football Replay: Watsonchester vs Erding 2023-04-03,Replay,Football,89,2023-04-03
939,Football Replay: Port Judith vs New Raymond 2023-05-09,Replay,Football,106,2023-05-09
940,"Tennis Highlights: Clark, Barry and Olson Event 6",Highlight,Tennis,3,2023-01-10
941,Horst-Günter Tschentscher on their Football Career,Interview,Football,43,2023-11-14
942,"Football Highlights: Townsend, Jones and Hamilton Event 95",Highlight,Football,7,2023-11-09
943,"F1 Highlights: Stephens, Pena and Hall Event 49",Highlight,F1,13,2023-08-30
944,F1 Highlights: Flantz Kitzmann GmbH Event 10,Highlight,F1,11,2023-04-26
945,MMA Replay: Lake Melaniemouth vs East Jacob 2023-05-07,Replay,MMA,88,2023-05-07
946,Football Highlights: Barkholz Bruder GmbH & Co. KGaA Event 45,Highlight,Football,10,2023-06-17
947,The Story of Bauer: A Tennis Legend,Documentary,Tennis,45,2023-05-03
948,Football Highlights: Parker and Sons Event 22,Highlight,Football,6,2023-11-11
949,F1 Replay: Konstanz vs North Mollyborough 2023-04-14,Replay,F1,87,2023-04-14
950,Football Replay: Malcolmtown vs Mittweida 2023-04-19,Replay,Football,137,2023-04-19
951,"Football Highlights: Barlow, Smith and Harrison Event 30",Highlight,Football,9,2023-07-14
952,The Story of Dobes: A NFL Legend,Documentary,NFL,106,2023-02-10
953,"Boxing Highlights: Manning, Read and Young Event 76",Highlight,Boxing,5,2023-09-19
954,Boxing Highlights: Perkins PLC Event 32,Highlight,Boxing,3,2023-01-02
955,F1 Replay: Port Mindyshire vs Ryanton 2023-05-12,Replay,F1,77,2023-05-12
956,Football Highlights: Rust Ehlert GbR Event 74,Highlight,Football,5,2023-04-25
957,Football Replay: Iserlohn vs Eberswalde 2023-02-01,Replay,Football,83,2023-02-01
958,Boxing Highlights: Garcia-Osborne Event 73,Highlight,Boxing,13,2023-04-02
959,NFL Replay: Neuss vs South Susanfurt 2023-06-05,Replay,NFL,144,2023-06-05
960,The Story of Taylor: A MMA Legend,Documentary,MMA,72,2023-09-14
961,MMA Highlights: Wagenknecht AG & Co. KG Event 62,Highlight,MMA,5,2023-09-04
962,Boxing Replay: West Anne vs Jemmahaven 2023-08-08,Replay,Boxing,78,2023-08-08
963,The Story of Gutierrez: A Darts Legend,Documentary,Darts,68,2023-04-07
964,"Boxing Highlights: Sanderson, Roberts and Bell Event 22",Highlight,Boxing,14,2023-09-17
965,Tennis Highlights: Tröst Ebert AG Event 77,Highlight,Tennis,12,2023-02-17
966,Football Replay: Burtonmouth vs Main-Höchst 2023-08-11,Replay,Football,76,2023-08-11
967,Football Replay: Cloppenburg vs Shawborough 2023-03-06,Replay,Football,124,2023-03-06
968,Darts Highlights: Evans-Powell Event 78,Highlight,Darts,4,2023-09-01
969,Tennis Replay: East Dianafort vs Rostock 2023-11-23,Replay,Tennis,136,2023-11-23
970,NFL Replay: Mühldorf am Inn vs South Leeview 2023-06-23,Replay,NFL,124,2023-06-23
971,The Story of Pechel: A Football Legend,Documentary,Football,61,2023-02-22
972,Tatiana Seip on their Boxing Career,Interview,Boxing,10,2023-08-19
973,The Story of Warmer: A NFL Legend,Documentary,NFL,100,2023-11-25
974,Football Highlights: Stadelmann Wulf GbR Event 6,Highlight,Football,14,2023-01-03
975,Football Highlights: Spencer Ltd Event 62,Highlight,Football,15,2023-09-26
976,The Story of Kuhl: A Football Legend,Documentary,Football,118,2023-03-05
977,Football Replay: Osterburg vs North Jessicashire 2023-09-08,Replay,Football,121,2023-09-08
978,The Story of Kensy: A Tennis Legend,Documentary,Tennis,55,2023-06-18
979,Tennis Replay: Günzburg vs Zeulenroda 2023-05-30,Replay,Tennis,112,2023-05-30
980,Football Replay: Brownton vs Neustrelitz 2023-06-08,Replay,Football,60,2023-06-08
981,"Football Highlights: Stanley, Wood and Boyle Event 1",Highlight,Football,9,2023-02-21
982,NFL Highlights: Russell Ltd Event 41,Highlight,NFL,9,2023-07-23
983,Football Highlights: Allen-Mora Event 84,Highlight,Football,12,2023-04-05
984,Tennis Replay: Ebern vs Lake Justinton 2023-06-19,Replay,Tennis,114,2023-06-19
985,F1 Highlights: Norman-Mcdaniel Event 88,Highlight,F1,9,2023-11-11
986,The Story of Hale: A Boxing Legend,Documentary,Boxing,116,2023-11-14
987,Football Highlights: Etzler Kuhl e.G. Event 72,Highlight,Football,10,2023-04-20
988,Football Replay: East Connie vs Pritzwalk 2023-03-03,Replay,Football,104,2023-03-03
989,The Story of Taylor: A Football Legend,Documentary,Football,62,2023-08-31
990,The Story of Siering: A NFL Legend,Documentary,NFL,74,2023-05-05
991,NFL Highlights: Hull-Frank Event 21,Highlight,NFL,4,2023-08-08
992,Boxing Replay: Lübben vs Hinesberg 2023-04-14,Replay,Boxing,103,2023-04-14
993,The Story of Cooper: A F1 Legend,Documentary,F1,51,2023-01-23
994,MMA Replay: Jadeberg vs Wernigerode 2023-04-01,Replay,MMA,60,2023-04-01
995,The Story of Lee: A Darts Legend,Documentary,Darts,105,2023-04-08
996,Betty Ward on their Boxing Career,Interview,Boxing,14,2023-01-21
997,Football Replay: Zerbst vs Savagebury 2023-08-03,Replay,Football,137,2023-08-03
998,Football Replay: South Deborahfort vs New Glenn 2023-10-29,Replay,Football,111,2023-10-29
999,Boxing Highlights: Skinner LLC Event 92,Highlight,Boxing,12,2023-05-28
1000,NFL Replay: Hettstedt vs North Jasonborough 2023-06-30,Replay,NFL,82,2023-06-30
1001,Boxing Highlights: Thompson-Hinton Event 26,Highlight,Boxing,13,2023-10-14
1002,Aziz King on their Boxing Career,Interview,Boxing,22,2023-01-09
1003,F1 Replay: Mainburg vs Port Erikaburgh 2023-01-27,Replay,F1,126,2023-01-27
1004,F1 Highlights: Wulf Vogt OHG mbH Event 87,Highlight,F1,3,2023-11-23
1005,"NFL Highlights: Holland, Reid and Sanderson Event 21",Highlight,NFL,4,2023-08-16
1006,Nurten Scott on their NFL Career,Interview,NFL,32,2023-04-19
1007,Boxing Highlights: Wilson-Price Event 26,Highlight,Boxing,11,2023-11-01
1008,NFL Replay: New Erinland vs Faulknerview 2023-10-05,Replay,NFL,71,2023-10-05
1009,"NFL Highlights: Baker, Hughes and Lee Event 72",Highlight,NFL,12,2023-07-12
1010,MMA Highlights: Bowman-Lopez Event 36,Highlight,MMA,6,2023-07-18
1011,"Football Highlights: Lewis, Mueller and Wagner Event 52",Highlight,Football,12,2023-07-22
1012,Football Replay: West Simonborough vs Stade 2023-10-14,Replay,Football,124,2023-10-14
1013,Football Replay: Bützow vs West Damien 2023-05-24,Replay,Football,97,2023-05-24
1014,Football Highlights: Stumpf Jacobi Jäckel GmbH & Co. OHG Event 66,Highlight,Football,7,2023-06-12
1015,The Story of Pearson: A Darts Legend,Documentary,Darts,118,2023-04-05
1016,Boxing Replay: Cherylview vs Bennettfurt 2023-11-15,Replay,Boxing,108,2023-11-15
1017,NFL Highlights: Hunter-O'Neill Event 97,Highlight,NFL,8,2023-02-17
1018,André Lindner on their Boxing Career,Interview,Boxing,39,2023-04-23
1019,The Story of Reinhardt: A Tennis Legend,Documentary,Tennis,106,2023-05-11
1020,Football Replay: Ludwigsburg vs New Brandonport 2023-08-06,Replay,Football,141,2023-08-06
1021,The Story of Watson: A Football Legend,Documentary,Football,74,2023-11-26
1022,The Story of Trapp: A Boxing Legend,Documentary,Boxing,90,2023-01-10
1023,Football Highlights: Miah LLC Event 34,Highlight,Football,6,2023-06-26
1024,Football Replay: East Brandon vs New Brianchester 2023-01-17,Replay,Football,103,2023-01-17
1025,MMA Replay: Lindaborough vs Feuchtwangen 2023-03-03,Replay,MMA,120,2023-03-03
1026,Football Highlights: Ramirez PLC Event 74,Highlight,Football,7,2023-06-18
1027,NFL Replay: Markmouth vs Sebnitz 2023-04-07,Replay,NFL,84,2023-04-07
1028,Football Highlights: Löchel AG & Co. KG Event 95,Highlight,Football,6,2023-06-01
1029,The Story of Holden: A Football Legend,Documentary,Football,70,2023-08-01
1030,The Story of Herrmann: A Darts Legend,Documentary,Darts,90,2023-01-03
1031,Football Replay: Coxmouth vs Brilon 2023-05-15,Replay,Football,70,2023-05-15
1032,NFL Highlights: Stevens-Bryant Event 79,Highlight,NFL,3,2023-10-15
1033,The Story of May: A Boxing Legend,Documentary,Boxing,50,2023-11-17
1034,The Story of Jackson: A Football Legend,Documentary,Football,85,2023-06-29
1035,MMA Highlights: Wood-Elliott Event 74,Highlight,MMA,7,2023-02-19
1036,MMA Highlights: Radisch Event 66,Highlight,MMA,7,2023-08-17
1037,"NFL Highlights: Curtis, Franco and Dunn Event 17",Highlight,NFL,3,2023-06-23
1038,Boxing Highlights: Davies Group Event 70,Highlight,Boxing,3,2023-08-05
1039,Football Highlights: Williams LLC Event 88,Highlight,Football,15,2023-03-15
1040,MMA Replay: München vs East Fernandomouth 2023-04-16,Replay,MMA,149,2023-04-16
1041,Football Highlights: Gonzalez-Weber Event 2,Highlight,Football,3,2023-07-07
1042,"Football Highlights: Yang, Cruz and Mcintyre Event 13",Highlight,Football,8,2023-02-20
1043,Tennis Highlights: Wilson Inc Event 24,Highlight,Tennis,11,2023-10-06
1044,Football Replay: Grahammouth vs East Paigeshire 2023-11-29,Replay,Football,138,2023-11-29
1045,Football Highlights: Junck Gotthard AG Event 55,Highlight,Football,6,2023-09-10
1046,NFL Highlights: Hall Group Event 47,Highlight,NFL,9,2023-01-22
1047,Football Replay: West Christineview vs Alanhaven 2023-09-15,Replay,Football,76,2023-09-15
1048,Falko Reyes on their NFL Career,Interview,NFL,16,2023-01-17
1049,"Darts Highlights: Wade, Patel and Young Event 72",Highlight,Darts,9,2023-04-27
1050,The Story of Schmiedecke: A Football Legend,Documentary,Football,64,2023-10-03
1051,Football Highlights: Anderson Group Event 54,Highlight,Football,10,2023-05-04
1052,Tennis Replay: Lake Douglasburgh vs Soest 2023-01-16,Replay,Tennis,140,2023-01-16
1053,NFL Highlights: Howell LLC Event 63,Highlight,NFL,7,2023-04-10
1054,Tennis Replay: Kulmbach vs East Judith 2023-06-20,Replay,Tennis,66,2023-06-20
1055,"NFL Highlights: Fowler, Miller and Wood Event 8",Highlight,NFL,6,2023-09-16
1056,The Story of Mitchell: A Boxing Legend,Documentary,Boxing,57,2023-06-06
1057,Football Highlights: Evans Inc Event 47,Highlight,Football,8,2023-06-10
1058,MMA Highlights: Jäkel Caspar AG & Co. KGaA Event 33,Highlight,MMA,8,2023-06-12
1059,Football Replay: East Henry vs Kaiserslautern 2023-01-17,Replay,Football,146,2023-01-17
1060,Sharon Nichols on their Football Career,Interview,Football,44,2023-07-10
1061,NFL Replay: New Daisy vs Anthonyberg 2023-03-21,Replay,NFL,105,2023-03-21
1062,Boxing Highlights: Ladeck GbR Event 100,Highlight,Boxing,14,2023-03-29
1063,Football Highlights: Jones Ltd Event 79,Highlight,Football,7,2023-08-02
1064,MMA Highlights: Christoph GbR Event 22,Highlight,MMA,13,2023-03-01
1065,The Story of Jüttner: A Football Legend,Documentary,Football,118,2023-02-20
1066,Tennis Highlights: Pieper GmbH Event 11,Highlight,Tennis,5,2023-01-18
1067,Football Highlights: Hiller Event 84,Highlight,Football,7,2023-04-22
1068,"F1 Highlights: Vasquez, Hayes and Hart Event 51",Highlight,F1,7,2023-03-03
1069,The Story of Mude: A NFL Legend,Documentary,NFL,91,2023-07-18
1070,Boxing Highlights: Eberth AG & Co. KGaA Event 58,Highlight,Boxing,9,2023-07-11
1071,Tennis Replay: West Joanne vs Hughesville 2023-08-10,Replay,Tennis,76,2023-08-10
1072,NFL Highlights: Rose Stahr GmbH & Co. KG Event 96,Highlight,NFL,14,2023-05-03
1073,Football Highlights: Pärtzelt Eberth OHG mbH Event 51,Highlight,Football,4,2023-03-31
1074,MMA Replay: Pegnitz vs North Steven 2023-01-26,Replay,MMA,120,2023-01-26
1075,Football Highlights: Barkholz Stiftung & Co. KG Event 51,Highlight,Football,11,2023-08-10
1076,The Story of Nash: A Football Legend,Documentary,Football,78,2023-11-28
1077,Football Highlights: Dawson Inc Event 50,Highlight,Football,7,2023-02-19
1078,NFL Replay: Kemnath vs Norden 2023-02-09,Replay,NFL,116,2023-02-09
1079,Football Highlights: Taylor-Carter Event 22,Highlight,Football,3,2023-03-14
1080,Football Replay: Rodriguezville vs North Nicolemouth 2023-02-18,Replay,Football,101,2023-02-18
1081,The Story of Brown: A Boxing Legend,Documentary,Boxing,114,2023-10-25
1082,Yvonne Ebert on their Boxing Career,Interview,Boxing,18,2023-04-06
1083,Martin Fowler on their NFL Career,Interview,NFL,21,2023-04-24
1084,Boxing Highlights: Parsons Inc Event 96,Highlight,Boxing,13,2023-06-28
1085,The Story of Döhn: A Boxing Legend,Documentary,Boxing,113,2023-07-12
1086,Football Highlights: Wernecke e.V. Event 70,Highlight,Football,6,2023-04-20
1087,The Story of Textor: A Boxing Legend,Documentary,Boxing,91,2023-04-15
1088,Football Highlights: Kramer GbR Event 2,Highlight,Football,3,2023-07-20
1089,NFL Highlights: Schüler AG Event 18,Highlight,NFL,8,2023-01-03
1090,Boxing Replay: Norden vs Lake Joanna 2023-06-28,Replay,Boxing,148,2023-06-28
1091,Stephen Young on their MMA Career,Interview,MMA,40,2023-11-04
1092,NFL Replay: West Simon vs Rostock 2023-11-28,Replay,NFL,97,2023-11-28
1093,NFL Highlights: Ziegert Siering GmbH & Co. KGaA Event 71,Highlight,NFL,8,2023-01-12
1094,Tennis Replay: Riveratown vs Staßfurt 2023-06-12,Replay,Tennis,115,2023-06-12
1095,Football Highlights: Krein Event 95,Highlight,Football,13,2023-05-21
1096,Football Highlights: Stiffel Jessel AG Event 34,Highlight,Football,4,2023-06-22
1097,Football Highlights: Meyer Event 98,Highlight,Football,15,2023-09-18
1098,Henry Pittman on their Darts Career,Interview,Darts,27,2023-07-22
1099,NFL Replay: West Yolandahaven vs East Maxmouth 2023-01-13,Replay,NFL,94,2023-01-13
1100,Tennis Highlights: Wright-Bell Event 24,Highlight,Tennis,5,2023-04-29
1101,F1 Replay: Port Jessica vs Calau 2023-11-18,Replay,F1,139,2023-11-18
1102,NFL Highlights: Jackson-Ward Event 63,Highlight,NFL,6,2023-08-22
1103,Football Highlights: Wohlgemut Mühle KGaA Event 69,Highlight,Football,3,2023-06-04
1104,Football Replay: Joybury vs Parkermouth 2023-01-31,Replay,Football,94,2023-01-31
1105,Boxing Replay: Lake Abdul vs New Juliabury 2023-10-10,Replay,Boxing,61,2023-10-10
1106,Football Replay: Pasewalk vs West Sethburgh 2023-09-01,Replay,Football,123,2023-09-01
1107,Boxing Replay: Victoriafurt vs East Herbertshire 2023-09-20,Replay,Boxing,123,2023-09-20
1108,Valerie Meyers on their Boxing Career,Interview,Boxing,12,2023-02-09
1109,"Darts Highlights: Wilson, Levine and Castillo Event 19",Highlight,Darts,3,2023-04-25
1110,Football Replay: Miltenberg vs Porterberg 2023-06-02,Replay,Football,129,2023-06-02
1111,Football Highlights: Graham PLC Event 33,Highlight,Football,9,2023-07-04
1112,The Story of Smith: A Football Legend,Documentary,Football,76,2023-03-29
1113,MMA Highlights: Hall Inc Event 32,Highlight,MMA,14,2023-10-09
1114,Bernard Clark on their Football Career,Interview,Football,16,2023-01-12
1115,MMA Highlights: Hornig AG & Co. KG Event 61,Highlight,MMA,9,2023-03-13
1116,Football Highlights: Burton-Smith Event 42,Highlight,Football,5,2023-02-26
1117,"Football Highlights: Jones, Freeman and Norman Event 71",Highlight,Football,11,2023-09-06
1118,Boxing Replay: Hünfeld vs Shirleymouth 2023-06-02,Replay,Boxing,98,2023-06-02
1119,Tennis Replay: East Molly vs Port Charlene 2023-04-18,Replay,Tennis,145,2023-04-18
1120,Football Replay: Melissachester vs Sparksside 2023-11-25,Replay,Football,141,2023-11-25
1121,Football Highlights: O'Sullivan Ltd Event 36,Highlight,Football,12,2023-07-17
1122,NFL Replay: Port Mathew vs Dixonville 2023-10-31,Replay,NFL,61,2023-10-31
1123,Max Hauffer on their F1 Career,Interview,F1,40,2023-03-05
1124,"Football Highlights: Adams, Freeman and Bailey Event 99",Highlight,Football,4,2023-08-18
1125,Boxing Replay: East Robin vs Haldensleben 2023-01-08,Replay,Boxing,147,2023-01-08
1126,"MMA Highlights: Mitchell, Ward and Hopkins Event 98",Highlight,MMA,13,2023-03-06
1127,Football Replay: Garmisch-Partenkirchen vs Port Andreatown 2023-04-23,Replay,Football,79,2023-04-23
1128,NFL Highlights: Renner Event 17,Highlight,NFL,10,2023-11-02
1129,MMA Replay: Lake Holly vs Neunburg vorm Wald 2023-04-14,Replay,MMA,142,2023-04-14
1130,The Story of Ruiz: A Darts Legend,Documentary,Darts,101,2023-11-18
1131,Football Highlights: Johnston-Harris Event 49,Highlight,Football,8,2023-01-20
1132,Football Highlights: Metz Event 6,Highlight,Football,10,2023-01-03
1133,F1 Highlights: Wallace-Hobbs Event 70,Highlight,F1,14,2023-04-30
1134,F1 Highlights: Eberhardt GbR Event 70,Highlight,F1,8,2023-03-01
1135,Boxing Highlights: Phillips-Miller Event 77,Highlight,Boxing,11,2023-09-28
1136,Boxing Replay: Kellyshire vs Williamsstad 2023-10-31,Replay,Boxing,117,2023-10-31
1137,Football Replay: Nicolaview vs Oberviechtach 2023-03-27,Replay,Football,106,2023-03-27
1138,"NFL Highlights: Roberts, Saunders and Hansen Event 65",Highlight,NFL,9,2023-08-10
1139,Tennis Highlights: Charles-Lee Event 80,Highlight,Tennis,8,2023-02-09
1140,The Story of Burgess: A Football Legend,Documentary,Football,53,2023-03-07
1141,"Boxing Highlights: Jackson, Johnson and Sherman Event 50",Highlight,Boxing,6,2023-05-05
1142,Boxing Highlights: Brown Ltd Event 71,Highlight,Boxing,5,2023-02-18
1143,Football Highlights: Sanford-Gordon Event 83,Highlight,Football,8,2023-05-05
1144,Boxing Replay: Port Ian vs Monicahaven 2023-09-09,Replay,Boxing,68,2023-09-09
1145,MMA Replay: Nördlingen vs Vechta 2023-11-13,Replay,MMA,82,2023-11-13
1146,The Story of Weihmann: A Football Legend,Documentary,Football,107,2023-10-04
1147,Football Replay: Clarkbury vs Saarlouis 2023-03-20,Replay,Football,142,2023-03-20
1148,The Story of Wright: A NFL Legend,Documentary,NFL,112,2023-06-10
1149,F1 Highlights: Thompson LLC Event 7,Highlight,F1,8,2023-11-26
1150,NFL Replay: Monschau vs Anklam 2023-10-14,Replay,NFL,61,2023-10-14
1151,Isabelle Lewis on their Football Career,Interview,Football,41,2023-11-05
1152,Thilo Bell on their Darts Career,Interview,Darts,39,2023-02-02
1153,The Story of Newman: A Football Legend,Documentary,Football,116,2023-11-23
1154,Tennis Highlights: Nerger KG Event 48,Highlight,Tennis,15,2023-05-07
1155,Darts Highlights: Wagenknecht Henschel KGaA Event 35,Highlight,Darts,11,2023-05-30
1156,Football Replay: New David vs East Susanborough 2023-05-31,Replay,Football,98,2023-05-31
1157,Football Replay: New Heathermouth vs Lake Anthonyberg 2023-01-16,Replay,Football,126,2023-01-16
1158,NFL Replay: Anklam vs Bad Liebenwerda 2023-10-20,Replay,NFL,128,2023-10-20
1159,Football Highlights: Hermann AG & Co. OHG Event 85,Highlight,Football,6,2023-10-25
1160,MMA Highlights: Rogers-Barnes Event 72,Highlight,MMA,14,2023-07-10
1161,NFL Highlights: McDonald LLC Event 99,Highlight,NFL,13,2023-03-30
1162,NFL Highlights: Parkes Group Event 90,Highlight,NFL,13,2023-05-12
1163,Football Highlights: Galvan-Evans Event 24,Highlight,Football,11,2023-02-07
1164,"Football Highlights: Burns, Bailey and Andrews Event 21",Highlight,Football,11,2023-09-20
1165,Jean Lehmann on their Boxing Career,Interview,Boxing,32,2023-03-09
1166,Katalin Zobel on their F1 Career,Interview,F1,30,2023-11-24
1167,The Story of Garcia: A Boxing Legend,Documentary,Boxing,100,2023-05-27
1168,The Story of Thompson: A Football Legend,Documentary,Football,75,2023-04-20
1169,Football Highlights: Börner GmbH Event 99,Highlight,Football,11,2023-04-03
1170,Yvonne Mälzer on their Football Career,Interview,Football,38,2023-06-01
1171,Football Highlights: Roskoth Gieß OHG mbH Event 93,Highlight,Football,3,2023-06-26
1172,Joanne Wilson on their F1 Career,Interview,F1,43,2023-05-19
1173,Tennis Replay: Stanleyton vs Port Perrymouth 2023-04-27,Replay,Tennis,60,2023-04-27
1174,Football Highlights: Wallace Inc Event 41,Highlight,Football,3,2023-03-10
1175,The Story of Castro: A MMA Legend,Documentary,MMA,80,2023-09-05
1176,Graeme Ward on their Boxing Career,Interview,Boxing,19,2023-03-22
1177,Boxing Replay: South Maureenhaven vs Merrittborough 2023-03-07,Replay,Boxing,79,2023-03-07
1178,Football Replay: Wolmirstedt vs South James 2023-01-31,Replay,Football,134,2023-01-31
1179,Football Replay: South Andreshire vs Kleve 2023-10-22,Replay,Football,98,2023-10-22
1180,Football Replay: South Megan vs Genthin 2023-06-15,Replay,Football,87,2023-06-15
1181,NFL Highlights: Kabus Event 62,Highlight,NFL,5,2023-03-05
1182,"Tennis Highlights: Gardiner, Morris and Jennings Event 90",Highlight,Tennis,12,2023-06-24
1183,The Story of Ladeck: A Football Legend,Documentary,Football,83,2023-09-24
1184,Darts Replay: East Maureenstad vs Luckenwalde 2023-03-25,Replay,Darts,108,2023-03-25
1185,Football Replay: Acevedofurt vs West Ashleyland 2023-05-17,Replay,Football,102,2023-05-17
1186,Darts Highlights: Schmidtke OHG mbH Event 54,Highlight,Darts,4,2023-07-18
1187,The Story of Eimer: A Football Legend,Documentary,Football,46,2023-01-31
1188,F1 Highlights: Nichols Inc Event 7,Highlight,F1,7,2023-07-03
1189,Football Highlights: Eigenwillig AG Event 73,Highlight,Football,5,2023-08-11
1190,"NFL Highlights: Freeman, Stein and Peterson Event 20",Highlight,NFL,3,2023-10-28
1191,MMA Highlights: Jäntsch Pärtzelt KGaA Event 58,Highlight,MMA,15,2023-08-07
1192,Boxing Highlights: Brennan-Palmer Event 29,Highlight,Boxing,9,2023-06-28
1193,Football Replay: Bad Kissingen vs Gerolzhofen 2023-08-15,Replay,Football,76,2023-08-15
1194,"Boxing Highlights: Sheppard, Wang and Smith Event 96",Highlight,Boxing,3,2023-10-18
1195,Football Highlights: Cartwright-Kaur Event 52,Highlight,Football,11,2023-11-17
1196,"NFL Highlights: Metcalfe, Edwards and White Event 98",Highlight,NFL,5,2023-11-08
1197,Football Highlights: Etzold e.G. Event 51,Highlight,Football,13,2023-01-31
1198,"F1 Highlights: Watson, Wagner and Rosales Event 95",Highlight,F1,11,2023-05-31
1199,Football Replay: East Aimeeton vs South Katiemouth 2023-06-16,Replay,Football,115,2023-06-16
1200,Tennis Highlights: Stumpf Lehmann Stiftung & Co. KGaA Event 12,Highlight,Tennis,4,2023-09-24
1201,Boxing Highlights: Aumann Ditschlerin AG & Co. OHG Event 45,Highlight,Boxing,6,2023-08-24
1202,"F1 Highlights: Castro, Evans and Burns Event 4",Highlight,F1,15,2023-01-14
1203,MMA Highlights: Weinhold Herrmann Stiftung & Co. KGaA Event 79,Highlight,MMA,15,2023-09-11
1204,Football Highlights: Henck Schinke AG Event 6,Highlight,Football,6,2023-01-13
1205,Football Replay: Neuss vs Erfurt 2023-05-22,Replay,Football,70,2023-05-22
1206,Football Replay: Groß-Gerau vs Recklinghausen 2023-07-06,Replay,Football,139,2023-07-06
1207,Ekkehard Odom on their Tennis Career,Interview,Tennis,28,2023-05-08
1208,NFL Replay: South Georgeborough vs Kamenz 2023-10-27,Replay,NFL,74,2023-10-27
1209,"Boxing Highlights: White, Thornton and Torres Event 43",Highlight,Boxing,6,2023-11-21
1210,Football Highlights: Long LLC Event 70,Highlight,Football,11,2023-07-06
1211,The Story of Cunningham: A Boxing Legend,Documentary,Boxing,63,2023-07-17
1212,NFL Highlights: Möchlichen Ritter KGaA Event 49,Highlight,NFL,12,2023-03-12
1213,Lucy Schaaf on their Boxing Career,Interview,Boxing,26,2023-03-20
1214,Football Replay: Navarroborough vs Niesky 2023-06-15,Replay,Football,149,2023-06-15
1215,Football Highlights: Ali Inc Event 84,Highlight,Football,3,2023-11-27
1216,NFL Replay: Gelnhausen vs Theresaberg 2023-04-11,Replay,NFL,144,2023-04-11
1217,The Story of Singh: A NFL Legend,Documentary,NFL,58,2023-02-15
1218,Tennis Replay: Kevintown vs Port Marc 2023-05-21,Replay,Tennis,143,2023-05-21
1219,"MMA Highlights: Woods, Flores and Watts Event 66",Highlight,MMA,14,2023-08-14
1220,Football Replay: Uelzen vs Port Clive 2023-11-01,Replay,Football,136,2023-11-01
1221,Football Highlights: Martinez-Robinson Event 65,Highlight,Football,10,2023-07-24
1222,NFL Highlights: Neureuther AG & Co. KGaA Event 6,Highlight,NFL,6,2023-10-16
1223,Heidelore White on their Football Career,Interview,Football,41,2023-07-18
1224,Football Highlights: Donnelly-Norton Event 45,Highlight,Football,13,2023-02-23
1225,F1 Highlights: Watson-Ryan Event 31,Highlight,F1,11,2023-01-21
1226,Football Replay: Miltenberg vs Bad Kreuznach 2023-06-08,Replay,Football,92,2023-06-08
1227,The Story of Gallagher: A Tennis Legend,Documentary,Tennis,48,2023-04-13
1228,Tammy Häring on their MMA Career,Interview,MMA,24,2023-06-13
1229,Tennis Replay: Ahmedberg vs Huntmouth 2023-02-14,Replay,Tennis,144,2023-02-14
1230,NFL Replay: New Cynthia vs New Derrick 2023-08-06,Replay,NFL,126,2023-08-06
1231,Hannah Barker on their F1 Career,Interview,F1,24,2023-01-20
1232,"F1 Highlights: Fletcher, White and Graham Event 55",Highlight,F1,7,2023-03-23
1233,Tony Ladeck on their Football Career,Interview,Football,44,2023-11-28
1234,NFL Replay: North Carlosfurt vs Soltau 2023-01-04,Replay,NFL,134,2023-01-04
1235,"Darts Highlights: North, Taylor and Jones Event 18",Highlight,Darts,7,2023-09-06
1236,Tennis Highlights: Lyons-Black Event 18,Highlight,Tennis,9,2023-06-08
1237,Oda Noack on their MMA Career,Interview,MMA,19,2023-09-04
1238,F1 Highlights: Thompson-Hoffman Event 21,Highlight,F1,8,2023-10-15
1239,Boxing Replay: Williamsland vs New Benjaminhaven 2023-02-07,Replay,Boxing,75,2023-02-07
1240,Darts Replay: Perleberg vs Kötzting 2023-11-28,Replay,Darts,78,2023-11-28
1241,NFL Highlights: Sanderson Group Event 53,Highlight,NFL,9,2023-09-18
1242,NFL Highlights: Hudson PLC Event 82,Highlight,NFL,14,2023-03-02
1243,NFL Replay: East Timothytown vs Oliviahaven 2023-11-26,Replay,NFL,73,2023-11-26
1244,Football Replay: Dariusville vs Lauramouth 2023-05-20,Replay,Football,138,2023-05-20
1245,F1 Highlights: Morgan-Holmes Event 79,Highlight,F1,6,2023-08-26
1246,Football Highlights: Bolzmann KG Event 4,Highlight,Football,8,2023-10-19
1247,NFL Replay: Emmendingen vs Angermünde 2023-03-16,Replay,NFL,77,2023-03-16
1248,F1 Highlights: Hicks LLC Event 92,Highlight,F1,13,2023-04-18
1249,Tennis Highlights: Singleton-Johnson Event 63,Highlight,Tennis,10,2023-10-14
1250,Football Replay: Flowersfort vs Wetzlar 2023-11-06,Replay,Football,64,2023-11-06
1251,MMA Highlights: Eberhardt Wesack Stiftung & Co. KG Event 35,Highlight,MMA,9,2023-09-20
1252,NFL Replay: Gunzenhausen vs Port Suzanne 2023-11-26,Replay,NFL,85,2023-11-26
1253,The Story of Weihmann: A Football Legend,Documentary,Football,101,2023-08-28
1254,The Story of Fliegner: A Boxing Legend,Documentary,Boxing,86,2023-01-18
1255,The Story of Döhn: A Tennis Legend,Documentary,Tennis,99,2023-04-24
1256,"Football Highlights: Hoffman, Moses and Ferguson Event 95",Highlight,Football,9,2023-11-25
1257,Football Highlights: Webster Inc Event 96,Highlight,Football,12,2023-06-07
1258,Boxing Highlights: Hiller Event 91,Highlight,Boxing,15,2023-06-11
1259,Football Replay: Annefurt vs Evanstown 2023-04-18,Replay,Football,118,2023-04-18
1260,The Story of Faust: A Football Legend,Documentary,Football,76,2023-02-26
1261,Football Highlights: Eberth Wulf AG & Co. OHG Event 95,Highlight,Football,3,2023-03-07
1262,"Boxing Highlights: Hawkins, Wheeler and O'Neill Event 81",Highlight,Boxing,3,2023-09-11
1263,Boxing Replay: Perleberg vs Wanzleben 2023-05-06,Replay,Boxing,98,2023-05-06
1264,The Story of Michael: A Football Legend,Documentary,Football,66,2023-10-13
1265,"F1 Highlights: Robinson, Lloyd and Hughes Event 7",Highlight,F1,14,2023-02-11
1266,Football Highlights: Evans-Fuller Event 83,Highlight,Football,10,2023-08-09
1267,Boxing Replay: Samuelside vs Port Amelia 2023-10-20,Replay,Boxing,83,2023-10-20
1268,The Story of Duncan: A MMA Legend,Documentary,MMA,114,2023-02-15
1269,Boxing Replay: Deggendorf vs Worbis 2023-11-05,Replay,Boxing,117,2023-11-05
1270,Boxing Replay: Fulda vs Gardnerport 2023-09-08,Replay,Boxing,85,2023-09-08
1271,The Story of Bowman: A Football Legend,Documentary,Football,86,2023-01-14
1272,"Tennis Highlights: Garza, Escobar and Flores Event 21",Highlight,Tennis,14,2023-05-20
1273,"Football Highlights: Smith, Shelton and Martin Event 91",Highlight,Football,10,2023-11-16
1274,Football Highlights: Barnett LLC Event 91,Highlight,Football,9,2023-07-09
1275,MMA Highlights: Carpenter Group Event 79,Highlight,MMA,5,2023-03-19
1276,Football Highlights: Lachmann Event 99,Highlight,Football,5,2023-03-15
1277,Kathryn van der Dussen on their F1 Career,Interview,F1,19,2023-05-29
1278,Football Replay: South Vicki vs Rudolstadt 2023-07-13,Replay,Football,66,2023-07-13
1279,Football Highlights: Mies Event 99,Highlight,Football,10,2023-02-26
1280,Football Replay: Gütersloh vs East Derek 2023-02-15,Replay,Football,76,2023-02-15
1281,Ashleigh Johnson on their Football Career,Interview,Football,26,2023-04-28
1282,Boxing Replay: Thomasport vs Gonzalezhaven 2023-01-11,Replay,Boxing,123,2023-01-11
1283,Football Highlights: Seifert Kraus KG Event 64,Highlight,Football,6,2023-03-01
1284,NFL Replay: North Stephen vs Porterview 2023-03-14,Replay,NFL,118,2023-03-14
1285,Football Highlights: Smith Group Event 77,Highlight,Football,3,2023-04-01
1286,Boxing Replay: Colemanberg vs Hollyberg 2023-09-06,Replay,Boxing,139,2023-09-06
1287,Darts Highlights: Ramsey Ltd Event 27,Highlight,Darts,3,2023-09-18
1288,Football Replay: Shannonfort vs Germersheim 2023-04-28,Replay,Football,104,2023-04-28
1289,Tennis Replay: Strasburg vs Hannoversch Münden 2023-06-25,Replay,Tennis,145,2023-06-25
1290,"F1 Highlights: Hayes, Owen and Marshall Event 43",Highlight,F1,4,2023-03-04
1291,Boxing Replay: Tübingen vs Pegnitz 2023-11-28,Replay,Boxing,82,2023-11-28
1292,Football Replay: Schwandorf vs Anthonymouth 2023-01-28,Replay,Football,144,2023-01-28
1293,"F1 Highlights: Smith, Jarvis and Woods Event 72",Highlight,F1,5,2023-08-22
1294,Babett Stephens on their NFL Career,Interview,NFL,33,2023-04-10
1295,Megan Baum on their Football Career,Interview,Football,29,2023-01-29
1296,Tennis Highlights: Gordon LLC Event 9,Highlight,Tennis,15,2023-08-18
1297,F1 Highlights: Fleming Group Event 38,Highlight,F1,10,2023-01-22
1298,NFL Replay: Moers vs Hayesfort 2023-08-04,Replay,NFL,95,2023-08-04
1299,Boxing Highlights: Miller-Moore Event 27,Highlight,Boxing,14,2023-03-18
1300,Football Replay: New Jadeberg vs Ameliaport 2023-11-11,Replay,Football,133,2023-11-11
1301,F1 Highlights: Burns-Stevenson Event 12,Highlight,F1,10,2023-09-27
1302,F1 Highlights: Bailey Ltd Event 91,Highlight,F1,7,2023-04-19
1303,Darts Highlights: Murphy-Reid Event 34,Highlight,Darts,11,2023-01-16
1304,F1 Highlights: Garcia LLC Event 17,Highlight,F1,12,2023-04-16
1305,Boxing Highlights: Martinez-Gray Event 81,Highlight,Boxing,10,2023-01-03
1306,Football Highlights: Osborne-Clark Event 79,Highlight,Football,6,2023-02-09
1307,MMA Highlights: Förster Putz KG Event 1,Highlight,MMA,4,2023-05-26
1308,F1 Replay: Denisechester vs Wolfratshausen 2023-09-24,Replay,F1,75,2023-09-24
1309,Football Highlights: Margraf AG Event 79,Highlight,Football,9,2023-02-07
1310,Football Highlights: Key-Williams Event 72,Highlight,Football,15,2023-07-18
1311,Football Highlights: Reinhardt AG Event 26,Highlight,Football,14,2023-05-03
1312,NFL Replay: New Robertshire vs Rathenow 2023-01-13,Replay,NFL,99,2023-01-13
1313,Boxing Highlights: Buchholz Weinhold GmbH Event 99,Highlight,Boxing,3,2023-08-17
1314,Football Replay: Sanchezville vs Parsberg 2023-10-16,Replay,Football,110,2023-10-16
1315,F1 Highlights: Harris-Ball Event 4,Highlight,F1,5,2023-01-04
1316,Darts Replay: Allanville vs North Alice 2023-09-13,Replay,Darts,146,2023-09-13
1317,Boxing Highlights: Preiß AG Event 5,Highlight,Boxing,13,2023-03-15
1318,Football Replay: North Brettstad vs Lake Alexandratown 2023-08-10,Replay,Football,118,2023-08-10
1319,The Story of West: A Boxing Legend,Documentary,Boxing,87,2023-09-09
1320,Darts Highlights: Campbell-Simmons Event 96,Highlight,Darts,3,2023-04-17
1321,The Story of Diaz: A Football Legend,Documentary,Football,85,2023-09-12
1322,Football Highlights: Briemer KG Event 74,Highlight,Football,13,2023-02-16
1323,Tennis Highlights: Allen-Thompson Event 46,Highlight,Tennis,4,2023-07-28
1324,Rudolph Harrison on their Football Career,Interview,Football,11,2023-01-23
1325,Football Highlights: Parsons-Patel Event 69,Highlight,Football,5,2023-01-27
1326,Football Highlights: Thomas-Carter Event 77,Highlight,Football,4,2023-06-17
1327,The Story of Thomas: A NFL Legend,Documentary,NFL,85,2023-03-14
1328,Football Highlights: Ullmann Lange e.V. Event 12,Highlight,Football,10,2023-11-04
1329,The Story of Schlosser: A Football Legend,Documentary,Football,83,2023-11-19
1330,Football Replay: Zschopau vs Hicksside 2023-08-23,Replay,Football,74,2023-08-23
1331,"Football Highlights: Campbell, Davis and Hill Event 26",Highlight,Football,4,2023-10-06
1332,Football Highlights: Shah-Rahman Event 62,Highlight,Football,11,2023-11-28
1333,Football Replay: Wilsonburgh vs Grahamport 2023-11-12,Replay,Football,121,2023-11-12
1334,Boxing Highlights: Sanchez Group Event 100,Highlight,Boxing,8,2023-09-16
1335,Tennis Replay: West Leah vs South Mitchellfurt 2023-03-19,Replay,Tennis,126,2023-03-19
1336,Football Highlights: Rosenow AG & Co. KGaA Event 93,Highlight,Football,3,2023-03-19
1337,"NFL Highlights: Hudson, Wood and King Event 67",Highlight,NFL,4,2023-07-06
1338,MMA Replay: South Katherine vs Hamburg 2023-06-07,Replay,MMA,147,2023-06-07
1339,The Story of Wang: A Tennis Legend,Documentary,Tennis,87,2023-03-31
1340,Football Highlights: Rodriguez-Hall Event 67,Highlight,Football,15,2023-06-10
1341,"Football Highlights: Hughes, Mistry and Shaw Event 74",Highlight,Football,15,2023-05-13
1342,"Tennis Highlights: Chandler, Dixon and Murphy Event 42",Highlight,Tennis,6,2023-08-11
1343,Football Replay: Johnhaven vs Lüdinghausen 2023-07-24,Replay,Football,100,2023-07-24
1344,The Story of Röhrdanz: A NFL Legend,Documentary,NFL,79,2023-08-02
1345,Football Replay: East Alice vs Lake Conorberg 2023-03-12,Replay,Football,61,2023-03-12
1346,Sarah Gunpf on their F1 Career,Interview,F1,16,2023-06-27
1347,Football Replay: Sömmerda vs Singhfort 2023-10-13,Replay,Football,100,2023-10-13
1348,MMA Replay: Waterston vs Vechta 2023-10-28,Replay,MMA,96,2023-10-28
1349,Football Highlights: Rörricht Event 40,Highlight,Football,12,2023-01-14
1350,The Story of Spencer: A Boxing Legend,Documentary,Boxing,51,2023-08-31
1351,Boxing Replay: Carlton vs Regen 2023-05-23,Replay,Boxing,146,2023-05-23
1352,Football Replay: Michaelmouth vs Bogen 2023-09-01,Replay,Football,71,2023-09-01
1353,Football Highlights: Freeman Ltd Event 77,Highlight,Football,12,2023-02-12
1354,NFL Highlights: Fox Group Event 58,Highlight,NFL,12,2023-11-10
1355,"Football Highlights: Grimes, Roberts and Rivers Event 26",Highlight,Football,14,2023-03-22
1356,The Story of Kennedy: A Darts Legend,Documentary,Darts,55,2023-09-29
1357,Maureen Wulff on their NFL Career,Interview,NFL,39,2023-08-19
1358,"Football Highlights: Holland, Cooper and Taylor Event 90",Highlight,Football,10,2023-04-19
1359,Football Replay: Griesbach Rottal vs Tiffanychester 2023-03-08,Replay,Football,142,2023-03-08
1360,Boxing Highlights: Calderon-Williams Event 30,Highlight,Boxing,6,2023-07-15
1361,Tennis Replay: Aue vs East Jessica 2023-10-15,Replay,Tennis,93,2023-10-15
1362,Debra Barton on their Football Career,Interview,Football,31,2023-03-17
1363,The Story of Hall: A Tennis Legend,Documentary,Tennis,103,2023-04-01
1364,"Football Highlights: Carter, Dunn and Knight Event 15",Highlight,Football,8,2023-04-08
1365,Darts Highlights: Anders GmbH & Co. KG Event 37,Highlight,Darts,15,2023-11-07
1366,F1 Highlights: Klemm Event 66,Highlight,F1,4,2023-05-27
1367,NFL Highlights: Stokes-Blake Event 14,Highlight,NFL,8,2023-05-07
1368,Football Highlights: Crawford-Henderson Event 39,Highlight,Football,11,2023-05-04
1369,F1 Highlights: Schroeder-Long Event 31,Highlight,F1,12,2023-03-17
1370,Football Replay: Johnfurt vs Lake Patriciaburgh 2023-04-05,Replay,Football,121,2023-04-05
1371,Football Highlights: Schenk Event 89,Highlight,Football,12,2023-10-06
1372,MMA Highlights: Woodward Inc Event 73,Highlight,MMA,15,2023-11-09
1373,NFL Highlights: Zänker Cichorius GmbH & Co. KG Event 23,Highlight,NFL,13,2023-04-18
1374,NFL Highlights: Neureuther Fröhlich AG Event 92,Highlight,NFL,12,2023-05-20
1375,The Story of Scheibe: A Football Legend,Documentary,Football,104,2023-11-02
1376,Football Highlights: Huffman LLC Event 57,Highlight,Football,5,2023-04-25
1377,Boxing Highlights: Jessel AG Event 77,Highlight,Boxing,4,2023-08-13
1378,F1 Highlights: Kuhl AG Event 49,Highlight,F1,8,2023-08-11
1379,NFL Highlights: Anders Event 12,Highlight,NFL,6,2023-07-10
1380,The Story of Jennings: A Tennis Legend,Documentary,Tennis,45,2023-10-21
1381,The Story of Petersen: A NFL Legend,Documentary,NFL,102,2023-08-30
1382,Football Highlights: Lewis-Thomas Event 74,Highlight,Football,10,2023-07-01
1383,NFL Replay: Port Debra vs North Keith 2023-01-06,Replay,NFL,100,2023-01-06
1384,NFL Replay: South Meganshire vs Säckingen 2023-04-01,Replay,NFL,146,2023-04-01
1385,MMA Highlights: Barrett LLC Event 56,Highlight,MMA,14,2023-08-17
1386,Günther Hernandez on their Football Career,Interview,Football,15,2023-02-07
1387,F1 Highlights: Brooks-Graham Event 66,Highlight,F1,9,2023-05-31
1388,The Story of Oderwald: A Tennis Legend,Documentary,Tennis,52,2023-02-22
1389,Boxing Highlights: Krebs Meister GmbH & Co. OHG Event 7,Highlight,Boxing,3,2023-01-13
1390,Darts Highlights: Barnes LLC Event 46,Highlight,Darts,4,2023-08-06
1391,The Story of Jones: A Tennis Legend,Documentary,Tennis,75,2023-10-19
1392,F1 Highlights: Blümel AG & Co. KGaA Event 81,Highlight,F1,8,2023-11-06
1393,Boxing Highlights: Atzler Thies GbR Event 56,Highlight,Boxing,11,2023-11-20
1394,Football Replay: Hamburg vs Wolfach 2023-03-22,Replay,Football,77,2023-03-22
1395,Football Replay: Gotha vs South Melissa 2023-09-06,Replay,Football,106,2023-09-06
1396,The Story of Matthews: A Football Legend,Documentary,Football,61,2023-09-21
1397,Football Replay: Jessicaside vs East Kathleen 2023-11-05,Replay,Football,62,2023-11-05
1398,Tennis Replay: Zerbst vs North Kevinmouth 2023-07-12,Replay,Tennis,144,2023-07-12
1399,"MMA Highlights: Ellis, Richards and Byrne Event 11",Highlight,MMA,5,2023-07-01
1400,Boxing Highlights: Higgins Ltd Event 59,Highlight,Boxing,15,2023-02-23
1401,MMA Highlights: Fischer Förster e.G. Event 80,Highlight,MMA,5,2023-04-25
1402,Boxing Highlights: Carey-Smith Event 58,Highlight,Boxing,9,2023-11-21
1403,Football Highlights: Jones-Bell Event 78,Highlight,Football,3,2023-01-06
1404,"Darts Highlights: Parker, Walker and Ryan Event 31",Highlight,Darts,14,2023-11-03
1405,Boxing Highlights: Wright-Brown Event 70,Highlight,Boxing,12,2023-03-06
1406,MMA Highlights: Carter-Gallagher Event 73,Highlight,MMA,10,2023-10-28
1407,Football Highlights: Howard LLC Event 62,Highlight,Football,14,2023-03-30
1408,NFL Replay: Clareland vs Mcgeefurt 2023-08-27,Replay,NFL,127,2023-08-27
1409,Matthew Drub on their MMA Career,Interview,MMA,27,2023-02-01
1410,Football Highlights: Chapman Inc Event 79,Highlight,Football,4,2023-04-09
1411,F1 Replay: Port Brandonton vs Plauen 2023-09-11,Replay,F1,144,2023-09-11
1412,Carol Kitzmann on their Football Career,Interview,Football,44,2023-11-03
1413,The Story of Paffrath: A Football Legend,Documentary,Football,51,2023-09-04
1414,Sam Allen on their Boxing Career,Interview,Boxing,10,2023-05-11
1415,Boxing Highlights: Hande OHG mbH Event 61,Highlight,Boxing,12,2023-04-16
1416,Boxing Highlights: Hester-Ramirez Event 38,Highlight,Boxing,7,2023-07-21
1417,NFL Replay: Kellystad vs Jamesland 2023-06-22,Replay,NFL,136,2023-06-22
1418,NFL Highlights: Lewis Ltd Event 73,Highlight,NFL,7,2023-08-29
1419,Boxing Replay: Calderonland vs Michaelville 2023-09-09,Replay,Boxing,81,2023-09-09
1420,"NFL Highlights: McKenzie, Taylor and Thomas Event 38",Highlight,NFL,15,2023-08-05
1421,"Football Highlights: Delgado, Dawson and Hamilton Event 63",Highlight,Football,4,2023-02-12
1422,Football Replay: Dessau vs West Francesville 2023-04-01,Replay,Football,95,2023-04-01
1423,F1 Replay: North Heidiberg vs Lake Michaelberg 2023-03-16,Replay,F1,95,2023-03-16
1424,The Story of Textor: A Football Legend,Documentary,Football,59,2023-04-05
1425,Tennis Highlights: Weaver-Kim Event 95,Highlight,Tennis,5,2023-06-10
1426,"Football Highlights: Lowe, Stephens and Thomas Event 23",Highlight,Football,7,2023-09-30
1427,The Story of Hawkins: A Football Legend,Documentary,Football,68,2023-01-09
1428,The Story of Freudenberger: A Tennis Legend,Documentary,Tennis,88,2023-03-18
1429,George Carr on their MMA Career,Interview,MMA,19,2023-11-09
1430,The Story of Blake: A NFL Legend,Documentary,NFL,97,2023-04-20
1431,The Story of Heinz: A Football Legend,Documentary,Football,101,2023-05-28
1432,Football Highlights: Morrison Group Event 74,Highlight,Football,14,2023-09-11
1433,The Story of Tucker: A Football Legend,Documentary,Football,78,2023-06-08
1434,The Story of Perry: A Football Legend,Documentary,Football,66,2023-11-25
1435,Boxing Highlights: Smith-Cooper Event 61,Highlight,Boxing,14,2023-09-07
1436,Cameron Howarth on their Tennis Career,Interview,Tennis,24,2023-01-10
1437,"NFL Highlights: Hill, Read and Reid Event 61",Highlight,NFL,7,2023-11-01
1438,Tennis Replay: Tirschenreuth vs Kellyhaven 2023-05-06,Replay,Tennis,61,2023-05-06
1439,NFL Replay: Lisaport vs Katherineside 2023-11-18,Replay,NFL,108,2023-11-18
1440,MMA Highlights: Nicholson Ltd Event 88,Highlight,MMA,3,2023-01-09
1441,Boxing Replay: Hechingen vs Uffenheim 2023-08-08,Replay,Boxing,105,2023-08-08
1442,Istvan Smith on their Boxing Career,Interview,Boxing,27,2023-09-26
1443,Football Highlights: Slater and Sons Event 13,Highlight,Football,7,2023-09-06
1444,Football Highlights: Savage LLC Event 99,Highlight,Football,13,2023-06-22
1445,NFL Highlights: Ryan-Gill Event 76,Highlight,NFL,15,2023-03-18
1446,Football Replay: Hannoversch Münden vs Smithborough 2023-09-22,Replay,Football,148,2023-09-22
1447,Denise Carsten on their Football Career,Interview,Football,10,2023-03-27
1448,Darts Highlights: Schweitzer Event 2,Highlight,Darts,9,2023-05-18
1449,Football Replay: Miltenberg vs Nathanfort 2023-03-31,Replay,Football,117,2023-03-31
1450,NFL Highlights: Mitchell LLC Event 33,Highlight,NFL,6,2023-09-14
1451,F1 Replay: Port Dale vs Lake Julia 2023-06-24,Replay,F1,67,2023-06-24
1452,June Knowles on their NFL Career,Interview,NFL,23,2023-03-16
1453,Kyle Wheeler on their F1 Career,Interview,F1,17,2023-04-01
1454,F1 Replay: North Nathanhaven vs Fosterstad 2023-08-25,Replay,F1,108,2023-08-25
1455,Tennis Highlights: Carter-Watts Event 73,Highlight,Tennis,15,2023-02-09
1456,Marc Barber on their Tennis Career,Interview,Tennis,21,2023-09-23
1457,Boxing Replay: New Pauline vs North Alice 2023-11-20,Replay,Boxing,69,2023-11-20
1458,Tennis Highlights: Hill-Meyer Event 36,Highlight,Tennis,15,2023-02-15
1459,Tennis Highlights: Hammond Inc Event 99,Highlight,Tennis,15,2023-04-11
1460,Football Highlights: Thompson Ltd Event 10,Highlight,Football,7,2023-03-31
1461,The Story of Walker: A Football Legend,Documentary,Football,87,2023-02-21
1462,Hans-Josef Wise on their Football Career,Interview,Football,26,2023-06-25
1463,Football Replay: New Shaneview vs Leahbury 2023-08-22,Replay,Football,85,2023-08-22
1464,Football Highlights: Ball-Wilson Event 63,Highlight,Football,4,2023-01-15
1465,NFL Replay: Viechtach vs Sandersmouth 2023-07-30,Replay,NFL,87,2023-07-30
1466,Football Highlights: Cross and Sons Event 57,Highlight,Football,14,2023-10-08
1467,Football Replay: West Robertberg vs Caroltown 2023-07-21,Replay,Football,69,2023-07-21
1468,Football Highlights: Mueller Ltd Event 58,Highlight,Football,3,2023-03-21
1469,The Story of Misicher: A Football Legend,Documentary,Football,45,2023-04-19
1470,Gabriela Conley on their NFL Career,Interview,NFL,27,2023-09-08
1471,Football Replay: North Gavinton vs Tuttlingen 2023-03-18,Replay,Football,110,2023-03-18
1472,Boxing Highlights: Scholz Event 99,Highlight,Boxing,10,2023-10-16
1473,"Boxing Highlights: Beltran, Norton and Hopkins Event 94",Highlight,Boxing,15,2023-04-05
1474,The Story of Schuchhardt: A Football Legend,Documentary,Football,73,2023-09-10
1475,MMA Replay: West Sarahmouth vs Thomasmouth 2023-03-16,Replay,MMA,121,2023-03-16
1476,Boxing Replay: Port Kerry vs Butlerland 2023-11-25,Replay,Boxing,105,2023-11-25
1477,Football Highlights: Lucas-Evans Event 8,Highlight,Football,13,2023-09-24
1478,Megan Gonzalez on their F1 Career,Interview,F1,33,2023-10-08
1479,MMA Highlights: Buchholz Event 11,Highlight,MMA,10,2023-01-13
1480,The Story of Süßebier: A Football Legend,Documentary,Football,70,2023-04-22
1481,Football Replay: Viersen vs Schwabmünchen 2023-04-04,Replay,Football,109,2023-04-04
1482,Football Highlights: Wohlgemut Stiftung & Co. KG Event 50,Highlight,Football,4,2023-05-04
1483,"Football Highlights: Farley, Esparza and Murphy Event 11",Highlight,Football,13,2023-03-16
1484,Football Highlights: Harrison-Gardner Event 5,Highlight,Football,6,2023-05-12
1485,MMA Replay: Allenmouth vs Danielport 2023-09-28,Replay,MMA,90,2023-09-28
1486,Football Highlights: Hartman-Dixon Event 70,Highlight,Football,13,2023-05-30
1487,Boxing Highlights: Smith and Sons Event 58,Highlight,Boxing,3,2023-08-04
1488,Football Replay: West Vanessa vs Höxter 2023-04-29,Replay,Football,65,2023-04-29
1489,Football Highlights: Flowers-Henderson Event 84,Highlight,Football,13,2023-10-15
1490,MMA Highlights: Thanel AG & Co. KG Event 69,Highlight,MMA,5,2023-07-06
1491,"Football Highlights: Evans, Bishop and Scott Event 10",Highlight,Football,3,2023-08-30
1492,Boxing Highlights: Brown PLC Event 3,Highlight,Boxing,10,2023-07-21
1493,Sieghard James on their F1 Career,Interview,F1,25,2023-01-28
1494,Football Highlights: Schönland KG Event 23,Highlight,Football,13,2023-11-23
1495,Football Replay: Lake Geoffreychester vs Recklinghausen 2023-09-15,Replay,Football,72,2023-09-15
1496,"Football Highlights: Jones, Cooper and Chapman Event 76",Highlight,Football,4,2023-08-03
1497,The Story of Schaaf: A Football Legend,Documentary,Football,108,2023-06-19
1498,F1 Highlights: Boucsein AG Event 9,Highlight,F1,15,2023-11-21
1499,Football Replay: East Charlotte vs Maureenstad 2023-04-09,Replay,Football,146,2023-04-09
1500,"Football Highlights: Vargas, Kim and Lewis Event 88",Highlight,Football,12,2023-02-09
