search_id,user_id,search_timestamp,search_term
1,592,2023-11-29 15:16:04,full match Hamilton 2024
2,1047,2024-02-24 15:21:34,MMA
3,774,2023-06-28 01:27:36,interview Grand Prix
4,1698,2023-02-02 18:07:21,highlights Super Bowl
5,1049,2023-06-16 03:33:30,Brady
6,1087,2023-08-21 02:31:05,full match Brady
7,2700,2023-09-14 03:19:24,replay World Cup
8,2279,2023-03-05 05:47:48,replay Premier League 2023
9,1411,2023-04-01 13:53:33,full match Hart
10,443,2024-01-17 12:38:48,documentary Football
11,2165,2023-04-03 20:04:33,replay Darts 2024
12,1753,2023-11-17 01:36:02,full match Boxing
13,44,2023-03-19 03:44:12,Verstappen
14,399,2023-10-28 00:35:09,replay Grand Prix
15,1208,2023-08-13 11:29:24,documentary F1
16,2403,2023-07-21 16:39:13,replay World Cup
17,1316,2023-07-09 03:12:20,highlights MMA 2024
18,946,2023-08-06 05:12:41,interview Mayweather
19,36,2023-09-10 00:06:30,full match Champions League
20,54,2023-12-08 16:19:41,replay Joshua
21,2198,2024-01-08 20:55:14,highlights Mayweather
22,1235,2023-06-20 01:53:30,highlights Mayweather
23,2566,2024-02-25 13:36:40,full match Hamilton
24,23,2024-03-23 15:40:52,full match Joshua
25,21,2023-09-14 01:43:10,Verstappen 2024
26,1425,2023-04-23 00:28:22,full match Briemer 2024
27,837,2023-07-07 08:38:14,Super Bowl
28,1036,2024-02-28 15:50:36,documentary World Cup 2024
29,579,2023-08-29 06:26:50,Premier League
30,2680,2023-12-21 05:06:57,East Jessicaborough
31,1354,2023-10-06 12:44:30,documentary Grand Prix
32,1462,2023-11-21 05:38:11,highlights Stendal
33,1227,2023-08-24 07:52:02,replay Mayweather
34,1979,2023-12-20 02:41:19,replay Gardner
35,1428,2024-02-03 22:29:39,full match Premier League
36,117,2023-01-13 07:36:17,Mahomes 2024
37,387,2023-02-28 14:04:41,full match Super Bowl
38,732,2023-09-13 07:15:16,F1 2023
39,604,2023-02-02 02:38:45,highlights NFL
40,1782,2023-02-02 07:55:04,Premier League
41,187,2023-01-09 16:29:22,F1
42,1439,2023-09-24 05:01:22,replay Mayweather
43,351,2023-11-30 20:12:21,Football 2024
44,260,2023-12-06 01:30:00,interview Premier League
45,1693,2024-03-12 19:11:00,documentary Rivera
46,924,2024-01-18 00:22:38,full match Football
47,2630,2023-10-15 19:35:22,full match Brady
48,2875,2024-01-18 20:45:39,Champions League
49,2453,2024-02-16 00:42:34,documentary Brady
50,1671,2024-02-03 11:20:19,full match Premier League
51,2187,2023-08-13 02:21:27,replay Hamilton
52,1265,2024-02-22 21:58:42,full match Smith
53,344,2024-01-03 18:29:08,Tennis 2024
54,2893,2023-01-01 08:20:52,Darts
55,2298,2023-02-13 01:45:04,replay F1
56,1691,2023-02-20 23:43:53,Tennis
57,443,2023-02-15 08:37:36,full match Darts
58,1953,2023-11-27 23:06:27,replay Verstappen
59,2913,2024-03-10 17:27:51,interview Neureuther
60,1895,2023-03-24 17:27:00,Football
61,591,2023-12-11 22:51:42,Verstappen
62,413,2023-04-15 23:22:07,Grand Prix
63,772,2023-10-19 03:25:32,World Cup
64,2218,2023-03-22 05:03:25,Darts
65,1143,2023-03-12 06:13:42,Super Bowl
66,573,2023-02-07 03:54:55,replay Brady
67,1836,2023-05-09 05:53:09,Premier League
68,2750,2023-12-01 19:27:12,Stiebitz
69,2897,2024-03-04 04:27:19,Champions League
70,2706,2023-12-31 00:19:36,full match Champions League
71,451,2024-01-15 17:26:59,replay Football 2024
72,1677,2023-05-15 20:54:23,interview Verstappen
73,1594,2024-01-20 16:59:16,replay Darts
74,621,2024-01-30 23:38:26,Lindau
75,1445,2024-01-13 16:36:01,MMA
76,45,2023-10-08 07:12:57,replay F1
77,2080,2023-02-04 13:28:51,highlights Grand Prix
78,2326,2023-10-29 14:15:37,highlights Tennis
79,2480,2024-03-18 12:47:42,Brady 2024
80,2420,2023-06-30 06:05:24,replay Verstappen
81,2656,2023-10-25 15:39:24,interview Boxing
82,1045,2023-05-08 10:48:09,Brady
83,706,2023-02-17 05:12:55,Verstappen
84,644,2023-10-18 17:10:45,replay Mayweather
85,1815,2024-02-26 20:01:38,Premier League
86,1409,2023-03-01 01:35:13,documentary Shaffer
87,4,2023-12-26 17:59:07,Konstanz
88,2863,2023-02-20 14:11:43,replay Grand Prix
89,250,2023-10-08 07:22:53,full match NFL
90,2239,2024-01-15 16:39:50,full match Football
91,2295,2023-01-10 12:21:51,NFL
92,25,2023-03-14 20:38:32,replay MMA
93,538,2023-02-19 17:52:42,Darts
94,2690,2023-10-06 06:34:08,replay Verstappen
95,2996,2023-08-18 08:08:51,full match Football
96,66,2023-12-01 04:53:51,full match Joshua
97,656,2023-06-21 16:44:19,Joshua
98,845,2023-05-20 21:07:35,highlights NFL
99,188,2023-12-06 10:03:58,full match Football
100,588,2023-02-18 20:24:21,replay Verstappen
101,1274,2023-03-12 08:51:10,replay Verstappen
102,2446,2023-11-22 13:51:47,interview NFL
103,616,2023-08-31 22:25:54,interview MMA
104,2987,2023-10-14 14:33:17,interview Brady
105,2297,2023-01-15 21:12:56,interview MMA
106,565,2024-01-08 04:40:42,replay Grand Prix 2024
107,2597,2023-01-26 05:56:36,interview Football
108,2,2024-02-24 01:20:49,highlights Premier League 2024
109,608,2023-05-13 16:41:53,interview World Cup
110,174,2024-02-06 09:03:08,documentary Hamilton
111,2074,2023-12-04 19:46:49,highlights Mahomes 2024
112,398,2023-04-23 23:19:56,highlights Mayweather
113,2672,2023-07-21 19:55:49,Darts
114,393,2024-03-14 10:20:09,Darts
115,1083,2023-08-13 18:41:19,NFL
116,2727,2023-05-10 05:55:43,highlights Super Bowl
117,1674,2023-02-06 17:11:41,Football
118,2026,2023-05-16 13:16:06,full match Darts
119,2070,2023-08-10 18:02:31,full match World Cup
120,491,2023-03-13 13:20:04,Grand Prix
121,2166,2023-03-08 14:04:42,Hamilton
122,836,2023-09-16 22:38:01,F1
123,2447,2023-05-15 23:12:44,highlights Darts
124,213,2023-03-11 14:05:24,replay Football
125,137,2023-02-19 17:19:26,full match Premier League
126,2931,2024-01-01 00:16:43,replay Mayweather
127,1383,2023-02-22 10:14:48,full match Verstappen
128,301,2023-04-11 22:27:11,interview World Cup
129,362,2023-02-12 12:43:36,interview Boxing
130,519,2023-07-10 22:53:06,interview Verstappen
131,2885,2023-05-16 18:06:33,NFL
132,624,2023-03-22 05:01:43,documentary Darts 2024
133,2814,2023-02-18 08:37:47,highlights Verstappen
134,359,2023-01-30 23:57:34,Verstappen
135,116,2023-07-23 10:56:51,full match Mahomes 2024
136,2248,2024-02-03 13:03:18,Hamilton
137,69,2023-10-09 22:14:37,full match Boxing
138,1176,2023-08-18 06:10:08,highlights NFL
139,693,2023-08-07 19:19:48,highlights Grand Prix
140,2982,2023-09-08 18:02:11,Gardelegen
141,1095,2024-03-26 08:06:15,interview Brady 2023
142,2219,2023-08-08 19:36:45,highlights NFL
143,835,2023-03-09 08:08:24,F1
144,2513,2023-11-11 03:27:48,full match F1
145,247,2024-02-08 05:36:55,Football 2024
146,2870,2023-11-01 07:55:24,full match Darts
147,212,2024-02-01 15:06:08,documentary Tennis
148,1842,2023-05-27 14:44:37,full match Verstappen
149,2970,2023-06-30 12:51:05,Darts
150,1410,2023-07-24 23:04:39,Verstappen 2024
151,2922,2023-10-20 23:23:11,replay F1
152,454,2023-02-24 06:49:20,documentary Boxing
153,876,2023-03-16 23:11:03,Tennis
154,989,2023-05-07 02:10:20,full match Boxing
155,763,2023-04-09 11:30:22,Wilson
156,144,2023-07-25 14:25:00,full match Borken
157,1616,2023-05-16 19:38:53,Mahomes
158,188,2023-01-26 12:48:38,full match Briemer
159,2828,2023-12-01 18:43:15,Mayweather
160,1681,2024-01-23 09:04:29,highlights Joshua 2024
161,1070,2023-11-29 13:54:09,Hamilton
162,430,2023-05-26 11:08:21,Brady 2024
163,1202,2023-01-20 16:37:58,documentary NFL
164,1018,2023-03-09 21:05:18,interview Jenkinsmouth
165,2881,2023-05-17 05:41:04,highlights Premier League
166,2653,2023-02-28 16:19:46,Joshua
167,1129,2023-04-10 05:03:19,highlights Premier League
168,2117,2023-01-30 05:07:26,interview Champions League 2024
169,1760,2023-04-24 18:05:26,documentary Darts
170,1160,2024-01-29 12:44:57,Joshua
171,1300,2024-03-10 22:25:46,full match Premier League
172,240,2023-04-02 14:15:24,interview Verstappen
173,1291,2023-06-15 15:42:14,Tennis
174,2299,2024-01-17 01:29:55,replay Mayweather
175,1185,2024-01-25 18:56:31,replay Mayweather
176,185,2024-03-08 10:18:05,highlights Boxing 2024
177,2928,2023-10-05 08:15:01,Hölzenbecher
178,1678,2024-03-07 12:01:43,documentary Champions League
179,1739,2023-10-20 03:33:43,Boxing
180,1418,2023-11-03 21:26:45,Super Bowl
181,1374,2023-01-23 19:38:09,Verstappen
182,1849,2024-01-25 23:38:50,highlights Football
183,499,2023-01-07 00:21:57,replay Mude
184,363,2023-05-21 09:23:50,documentary Hamilton
185,1624,2023-12-07 03:28:39,interview NFL
186,1327,2024-02-21 19:10:54,documentary West Ericachester
187,95,2023-06-21 18:08:25,Grand Prix
188,2361,2023-07-20 18:06:26,highlights Brady 2023
189,2720,2023-11-13 10:20:55,MMA
190,2224,2023-11-24 14:28:03,Joshua
191,2710,2023-02-12 17:51:36,documentary Football
192,722,2023-12-06 14:18:32,documentary Mahomes
193,1867,2023-07-02 18:20:21,Verstappen
194,2658,2023-12-06 20:16:44,replay World Cup
195,1012,2023-03-07 09:11:09,replay Football 2023
196,1389,2024-01-03 09:55:14,documentary F1
197,431,2023-09-23 07:20:41,interview Mayweather
198,1732,2023-01-13 10:06:41,Verstappen 2023
199,1437,2024-01-18 19:21:04,NFL
200,2210,2023-02-28 09:18:01,highlights Grand Prix 2023
201,2877,2023-06-14 13:35:10,full match World Cup 2024
202,1821,2023-05-19 23:53:26,F1
203,1935,2023-07-14 03:45:53,highlights Super Bowl
204,2014,2023-09-30 18:11:27,Brady
205,1885,2023-08-13 19:01:08,replay Football
206,693,2024-02-14 04:36:38,interview Joshua
207,810,2023-11-20 03:56:03,Tennis
208,1711,2024-03-14 23:23:08,full match Joshua
209,1558,2023-03-29 09:13:52,documentary Ruppersberger
210,855,2023-04-01 23:23:35,Mayweather
211,78,2023-01-06 14:17:15,highlights MMA
212,2738,2023-01-12 04:53:01,Premier League
213,912,2023-10-04 22:13:40,documentary Mayweather
214,1544,2024-03-16 10:07:07,Brady
215,1334,2023-06-29 04:32:47,Premier League
216,60,2023-09-18 21:04:29,interview Konstanz
217,2425,2023-02-16 22:19:09,replay Premier League
218,1320,2023-12-04 09:58:54,Football
219,1970,2023-10-10 21:44:07,Verstappen
220,1334,2023-08-20 10:50:54,Grand Prix
221,81,2024-03-11 06:55:15,full match Super Bowl
222,1486,2023-03-01 06:14:43,documentary Darts
223,360,2023-09-05 20:04:18,full match Mayweather
224,762,2023-02-17 14:47:50,full match Grand Prix
225,830,2023-04-03 21:12:56,interview Hamilton
226,2073,2023-06-08 21:01:39,Brady
227,335,2023-12-21 12:39:25,Joshua
228,1817,2023-07-30 19:06:12,highlights Verstappen
229,1368,2023-02-04 09:00:15,Hamilton
230,402,2023-06-29 12:47:16,replay Hamilton
231,1222,2023-04-09 01:08:02,full match Boxing
232,1492,2023-02-10 06:05:21,documentary MMA
233,2183,2023-03-18 03:07:29,Martinez
234,1103,2023-04-01 10:07:11,Champions League
235,183,2023-11-17 10:59:46,highlights Super Bowl
236,1077,2023-12-29 18:47:01,Joshua
237,2919,2023-05-02 06:50:28,interview Darts
238,2121,2023-11-02 08:41:24,replay F1
239,1911,2023-06-21 02:08:30,documentary Super Bowl
240,553,2024-01-06 16:11:17,World Cup
241,872,2023-05-31 06:52:56,full match Grand Prix
242,1460,2023-03-12 22:02:38,documentary Mayweather
243,1061,2023-11-12 02:22:39,documentary Harloff
244,271,2023-10-26 15:57:40,F1
245,2761,2023-08-11 08:01:50,full match F1
246,819,2023-03-01 11:11:01,Grand Prix
247,1209,2023-02-24 01:37:06,full match Ring
248,1296,2023-02-04 22:37:43,F1
249,2666,2023-03-21 22:34:32,interview Mayweather
250,2033,2023-02-09 23:22:37,Osborn
251,1406,2023-02-07 08:51:32,highlights Premier League
252,636,2024-02-07 11:49:48,Darts 2024
253,1745,2023-09-06 00:45:14,documentary World Cup
254,2852,2024-02-09 15:18:14,replay Tennis
255,1801,2023-04-20 18:24:30,highlights World Cup
256,1673,2023-04-08 05:57:41,Boxing
257,1917,2023-02-15 11:10:41,full match Tennis
258,2523,2024-02-03 02:36:59,Premier League
259,2272,2023-02-18 09:40:34,documentary Mayweather
260,48,2023-02-28 17:07:04,replay Super Bowl
261,1277,2024-01-31 13:52:14,replay Darts
262,1697,2023-01-28 10:21:58,full match Hamilton
263,1997,2024-01-20 00:07:39,documentary Darts
264,506,2023-06-15 07:48:09,highlights Mahomes
265,2543,2023-06-30 15:12:10,documentary Boxing
266,1504,2023-07-10 11:59:18,highlights Decker
267,757,2023-06-07 18:59:59,highlights Parsberg
268,255,2023-03-20 15:28:58,documentary Boxing 2024
269,292,2023-04-30 19:53:45,Verstappen
270,241,2023-11-29 04:21:39,highlights Premier League
271,1030,2023-07-10 02:41:07,full match MMA
272,2293,2023-02-10 16:20:33,interview Grand Prix 2023
273,146,2024-01-10 06:11:46,full match Boxing
274,423,2023-02-16 17:58:34,Darts
275,1952,2023-03-22 08:52:02,full match World Cup
276,1965,2023-11-03 14:35:05,interview NFL
277,1808,2023-06-02 15:28:53,interview Premier League
278,2534,2023-08-13 01:46:38,interview New Garymouth
279,1556,2023-04-21 21:34:15,full match Hamilton
280,2237,2023-09-27 01:53:00,documentary Tennis
281,2808,2023-11-21 00:57:16,replay Vanessaburgh
282,338,2023-12-18 06:26:38,documentary Boxing
283,96,2023-03-11 23:20:38,replay Boxing
284,2574,2024-01-13 22:41:42,Champions League
285,1352,2023-02-28 06:53:12,Champions League
286,1721,2023-02-18 15:58:55,Super Bowl
287,1487,2023-12-17 01:11:43,Champions League
288,1293,2023-09-22 22:19:46,full match Grein Groth
289,1453,2024-01-16 00:04:39,full match Super Bowl 2024
290,774,2023-03-11 17:56:39,interview Mayweather
291,1111,2023-08-25 16:53:49,highlights Boxing
292,1279,2024-03-11 01:42:47,highlights Boxing
293,352,2024-03-18 03:16:59,interview Joshua
294,577,2023-05-13 18:25:40,full match Joshua
295,3,2023-06-29 17:39:27,replay Mahomes
296,2162,2023-01-22 00:19:35,Joshua
297,1576,2023-09-25 22:18:08,Premier League 2024
298,1730,2023-09-10 09:39:40,replay Mayweather
299,1834,2024-02-22 04:34:15,highlights Super Bowl
300,2896,2023-08-03 19:09:09,documentary Football
301,2643,2023-10-28 01:35:50,replay Boxing
302,18,2023-06-23 20:52:47,World Cup
303,982,2023-04-15 12:45:58,replay Grand Prix 2023
304,2609,2023-10-14 17:58:16,full match Hamilton
305,2594,2023-03-13 15:47:21,full match F1
306,417,2023-08-27 20:23:41,highlights Verstappen
307,418,2023-11-17 11:30:56,highlights World Cup
308,725,2023-09-05 08:38:07,full match Tennis
309,2387,2024-03-04 16:24:47,interview Hamilton 2023
310,1911,2023-09-28 21:21:34,New Paulborough
311,192,2023-10-17 23:21:19,full match Super Bowl
312,1468,2023-05-04 16:22:53,full match Brady
313,517,2023-07-13 08:01:32,replay World Cup
314,1601,2024-01-19 23:38:08,full match Grand Prix
315,903,2023-12-26 10:06:01,Football
316,1221,2024-02-06 12:02:39,highlights Brady
317,178,2023-06-30 08:39:12,interview Brady
318,751,2023-11-22 23:40:24,interview Super Bowl
319,2626,2023-07-10 16:31:00,replay Gardner
320,478,2023-04-04 21:18:25,Champions League
321,2377,2024-02-26 03:35:32,interview Hamilton
322,157,2024-03-20 08:58:00,documentary NFL
323,1901,2023-03-03 09:33:34,highlights Darts
324,2123,2024-02-19 02:19:38,replay World Cup 2023
325,1147,2024-03-17 02:18:51,documentary Super Bowl
326,1463,2023-03-11 10:57:10,MMA
327,2178,2023-07-12 10:04:34,replay NFL
328,1667,2023-07-07 22:23:14,Joshua 2023
329,1721,2023-02-17 14:45:10,replay Mahomes
330,2065,2023-04-07 15:15:05,Football
331,70,2023-10-01 22:10:01,full match MMA
332,2717,2023-09-19 05:33:40,documentary Mayweather
333,1763,2024-03-12 15:11:48,Tennis
334,2503,2024-03-08 20:00:51,interview Joshua
335,2631,2023-06-18 20:48:37,replay Boxing
336,227,2023-10-18 00:37:17,full match Hamilton
337,1388,2023-01-04 10:28:22,highlights Premier League 2023
338,2282,2024-01-26 06:47:15,Gill
339,1357,2023-08-31 18:21:21,replay Super Bowl 2023
340,2477,2023-12-29 02:30:58,full match Darts
341,2930,2023-10-14 01:56:55,full match Football
342,2580,2023-11-03 00:21:25,Boxing
343,2228,2023-11-23 17:23:07,interview Super Bowl
344,1917,2023-05-08 08:18:25,replay World Cup
345,72,2023-01-29 14:57:02,highlights Verstappen
346,97,2023-02-12 14:07:33,highlights F1
347,2805,2024-03-12 23:49:46,Darts
348,5,2023-10-16 04:21:52,documentary Premier League
349,2522,2024-02-21 18:26:14,interview Joshua
350,247,2023-04-28 08:57:18,Grand Prix
351,505,2024-01-16 15:45:59,replay Super Bowl
352,2470,2023-08-06 23:45:02,full match Tennis
353,1934,2023-05-02 05:07:48,documentary Verstappen
354,421,2023-05-11 02:37:49,World Cup
355,1130,2023-10-11 21:37:50,interview F1
356,2100,2024-03-07 11:49:42,full match NFL
357,2364,2023-06-26 00:24:19,documentary Grand Prix
358,1283,2024-01-13 17:34:56,full match World Cup
359,723,2024-01-13 13:23:57,documentary Boxing
360,307,2024-01-23 13:05:41,highlights Champions League 2024
361,2021,2023-07-12 02:14:33,documentary Heser 2023
362,2288,2023-03-23 13:00:22,documentary World Cup 2024
363,2302,2023-08-10 08:19:13,Football
364,2910,2024-01-08 17:24:28,Brady
365,654,2023-06-01 15:06:15,full match Champions League
366,758,2024-01-04 18:44:12,interview Port Shirley 2024
367,2580,2024-02-13 12:51:44,documentary Tennis
368,1394,2023-06-18 03:52:23,documentary NFL 2023
369,2702,2024-03-07 19:39:12,highlights Premier League
370,2124,2023-10-16 04:42:43,interview Premier League
371,115,2023-03-04 04:22:04,replay Champions League
372,2308,2024-03-11 15:10:05,interview Brady
373,831,2024-03-05 19:51:23,documentary Darts
374,205,2023-04-02 05:27:31,Darts
375,535,2023-04-06 01:49:24,full match Football
376,2294,2023-11-24 05:12:34,Tennis
377,2981,2023-01-13 05:37:30,documentary F1
378,1724,2024-01-07 12:45:34,documentary Bad Langensalza
379,521,2024-01-28 18:45:56,documentary World Cup
380,2139,2023-03-29 20:34:12,World Cup
381,432,2023-05-18 03:31:48,Joshua
382,389,2023-06-27 20:50:03,interview Football
383,896,2023-12-17 19:15:45,NFL 2023
384,1404,2023-05-31 14:16:36,World Cup
385,425,2023-07-08 04:10:10,highlights Mahomes 2023
386,265,2023-04-30 11:40:21,replay Super Bowl
387,2059,2024-02-08 14:00:44,interview Joshua 2024
388,2176,2024-01-19 10:56:52,full match NFL
389,333,2023-08-25 05:40:41,highlights Super Bowl 2023
390,637,2023-09-11 00:20:05,highlights Darts
391,2449,2023-07-27 15:05:13,NFL
392,216,2023-09-14 08:09:10,Brady
393,1947,2023-08-22 02:55:19,replay NFL
394,1593,2023-06-30 09:00:32,F1
395,456,2023-08-11 22:19:50,Champions League
396,2919,2023-04-23 09:35:21,NFL
397,406,2023-11-27 05:55:34,full match Martin
398,2987,2024-03-09 21:22:12,Mayweather
399,940,2023-09-30 16:02:33,full match Darts
400,1159,2023-08-23 01:13:40,full match Brady
401,1025,2024-02-22 01:50:15,Tennis
402,1038,2023-06-14 12:49:55,documentary Grand Prix
403,261,2023-01-12 14:10:53,replay Lake Jamie
404,331,2023-05-05 21:23:05,Tennis
405,966,2023-12-05 12:40:35,replay Super Bowl
406,2172,2024-02-09 18:32:46,highlights Football
407,2633,2023-04-23 02:03:43,Premier League
408,1976,2023-11-29 05:05:01,Verstappen 2024
409,1316,2023-12-25 20:04:47,Hamilton
410,2917,2024-03-09 20:45:58,replay NFL
411,1176,2023-06-03 18:35:36,Premier League
412,881,2023-02-06 19:53:23,replay Darts
413,521,2023-06-21 08:14:15,F1
414,1544,2023-11-19 15:56:08,Darts
415,502,2023-12-30 17:55:07,highlights Allenstad
416,669,2023-05-17 07:50:33,Premier League 2023
417,1671,2023-07-24 18:22:36,Grand Prix
418,1305,2024-02-17 16:47:22,documentary F1
419,2376,2023-11-26 21:25:58,interview F1
420,1591,2023-11-18 01:13:39,highlights Hamilton
421,1577,2023-03-13 20:44:36,interview Football
422,2181,2023-06-12 21:56:11,NFL
423,2344,2024-03-01 04:26:23,full match Verstappen
424,2424,2023-12-13 20:03:38,full match Football
425,1002,2024-03-28 03:44:52,full match F1
426,1866,2023-10-28 22:03:49,Verstappen
427,674,2023-05-06 15:08:23,Champions League
428,2315,2023-07-15 20:58:32,replay Super Bowl
429,2174,2024-03-21 01:16:50,replay Mayweather
430,2016,2023-05-30 16:56:05,replay Mahomes
431,2024,2024-03-04 18:39:21,replay Super Bowl
432,2224,2023-10-28 03:29:29,NFL 2024
433,1396,2024-02-13 14:20:48,replay World Cup
434,1998,2024-01-12 12:25:16,Grand Prix
435,1569,2024-03-12 10:11:30,full match Darts
436,460,2023-12-02 05:14:32,highlights Super Bowl
437,975,2023-07-10 12:28:49,interview MMA 2024
438,2769,2023-05-24 01:08:21,full match Brady
439,967,2023-09-19 10:06:47,full match Boxing
440,1654,2024-02-14 07:03:58,interview NFL
441,925,2023-05-19 12:39:54,documentary Boxing
442,2863,2023-09-01 11:15:10,replay Champions League
443,677,2023-11-07 10:39:22,Mayweather
444,2753,2024-02-11 08:27:27,full match Super Bowl
445,1218,2023-12-24 10:03:07,highlights Tennis
446,2496,2023-01-13 07:11:59,Super Bowl
447,2336,2023-07-18 14:42:24,documentary Premier League
448,1234,2023-06-20 02:22:56,documentary Joshua 2024
449,749,2023-12-21 10:27:42,Mayweather
450,1684,2023-05-28 07:05:42,highlights F1
451,2490,2023-02-26 19:57:21,documentary Verstappen
452,2047,2023-05-19 10:55:11,Darts
453,203,2024-02-21 13:15:11,Darts
454,13,2023-11-23 12:00:37,Joshua
455,1814,2023-06-25 18:58:41,documentary Darts
456,222,2023-08-29 19:07:11,Cochran
457,1259,2023-01-12 05:39:29,highlights Champions League
458,562,2023-08-12 04:57:33,highlights Boxing
459,20,2023-09-01 23:20:47,documentary Tennis
460,1419,2023-07-20 09:41:39,Verstappen 2024
461,2586,2023-01-28 06:38:23,Premier League 2024
462,1112,2023-12-31 19:08:06,replay Tennis
463,363,2023-10-08 07:41:33,replay Premier League
464,135,2023-09-15 11:07:50,full match Tennis
465,2130,2023-06-25 17:07:59,Super Bowl
466,1079,2023-08-13 05:25:56,Verstappen
467,1960,2023-12-03 09:37:02,full match Grand Prix
468,351,2024-01-16 12:27:29,interview Boxing
469,1063,2023-11-30 02:23:06,Football
470,2406,2023-01-27 16:50:45,documentary Donaueschingen 2024
471,2519,2023-02-16 21:05:35,documentary Tennis
472,2912,2023-08-22 01:25:38,Joshua 2023
473,2159,2023-08-13 11:13:34,Darts
474,1297,2023-11-17 14:04:04,documentary Brady
475,1197,2023-10-21 00:01:13,documentary Mitchell
476,1424,2023-10-15 12:56:01,documentary MMA
477,1865,2023-05-25 18:50:11,Champions League
478,1783,2023-09-06 07:16:01,replay Tennis
479,2182,2023-10-15 10:56:47,highlights Joshua
480,984,2024-02-21 07:50:55,replay Super Bowl
481,2972,2024-03-13 23:00:32,documentary Hamilton
482,2427,2023-08-31 00:52:54,interview Darts
483,2119,2023-11-21 05:39:44,replay Mahomes 2023
484,1387,2023-10-11 18:33:28,full match Champions League
485,22,2023-02-23 02:59:26,interview Grand Prix
486,1802,2023-09-21 02:50:42,highlights Champions League
487,501,2024-01-09 23:47:41,Hamilton
488,2480,2024-01-14 18:30:56,Darts
489,2234,2023-01-08 02:37:37,documentary Mahomes
490,476,2023-09-11 14:40:54,Premier League
491,2877,2023-12-02 06:29:30,highlights Super Bowl
492,1057,2023-10-20 13:36:24,full match Verstappen
493,71,2023-07-26 14:02:55,highlights Boxing
494,604,2023-05-11 12:07:14,replay Premier League
495,1649,2024-03-26 21:44:00,Mahomes
496,1402,2024-02-24 21:19:46,highlights World Cup
497,2086,2024-03-29 03:53:56,highlights Valdez
498,1230,2024-03-09 05:03:06,interview Brady
499,653,2023-09-03 21:32:08,interview Darts
500,725,2023-11-03 20:54:31,Champions League
501,1193,2023-11-10 23:03:05,full match Mayweather
502,1990,2023-06-15 16:43:36,full match Mahomes
503,2237,2023-12-06 10:14:34,highlights Boxing
504,1896,2024-02-21 12:20:31,documentary Grand Prix
505,2947,2023-07-07 06:59:13,Football
506,698,2023-12-08 10:00:02,Brady
507,2489,2024-01-13 03:16:33,MMA
508,2257,2023-01-09 23:39:04,documentary Tennis
509,821,2023-05-25 16:43:18,highlights Champions League
510,2336,2023-11-20 21:45:12,Brady
511,1796,2023-08-11 17:18:15,replay Football
512,960,2023-09-13 21:30:43,replay Boxing
513,2697,2023-03-19 22:26:18,F1
514,437,2024-03-09 12:31:48,highlights Port Marion
515,361,2023-07-14 13:19:53,replay Mayweather
516,1898,2023-07-19 07:45:52,highlights Thompson
517,120,2023-12-28 13:12:53,full match Hamilton
518,1142,2024-03-06 04:43:17,Verstappen
519,2156,2023-05-26 13:53:19,interview World Cup
520,1316,2023-10-20 03:39:45,replay Premier League
521,992,2024-03-15 05:19:13,highlights Grand Prix
522,2020,2024-03-27 16:24:24,Grand Prix
523,187,2024-01-16 05:28:08,replay NFL
524,1082,2023-01-10 21:09:54,documentary Boxing
525,1331,2023-09-19 20:56:45,World Cup
526,1456,2023-10-08 11:36:49,replay F1
527,845,2023-02-05 12:12:28,F1
528,2799,2023-09-12 04:34:31,highlights Champions League
529,2741,2024-01-02 11:12:04,documentary Nohlmans
530,1898,2024-01-02 04:30:18,documentary Football
531,1737,2023-11-22 22:52:29,replay Mahomes
532,69,2024-02-16 02:07:56,interview Football
533,50,2023-04-13 05:36:49,Brady
534,2351,2023-08-19 08:38:08,highlights Mahomes 2024
535,2513,2023-06-08 01:24:24,Boxing
536,454,2023-03-26 21:51:04,Joshua
537,147,2023-12-14 22:25:56,replay NFL
538,2589,2024-02-23 12:29:37,documentary NFL
539,1266,2024-03-27 09:21:22,Boxing
540,311,2023-09-08 05:09:59,full match Joshua
541,1569,2023-10-30 14:39:40,highlights Darts
542,707,2024-01-24 04:52:58,interview Hamilton
543,421,2023-11-30 04:01:34,documentary Darts
544,2422,2023-08-14 13:12:56,interview Joshua
545,2565,2023-12-17 01:54:31,Mayweather
546,759,2023-12-05 18:40:05,replay Hamilton
547,125,2023-06-20 23:45:14,replay Verstappen
548,2539,2023-12-13 08:02:14,replay Brady
549,2381,2023-03-09 23:49:00,highlights Boxing
550,2967,2023-08-16 05:58:23,Super Bowl
551,611,2023-04-21 02:52:43,interview Henschel
552,1098,2023-07-19 01:43:17,documentary Football
553,673,2024-01-14 00:59:39,full match Verstappen
554,192,2024-03-18 11:37:49,interview Joshua 2023
555,21,2023-12-04 22:50:40,Rosenheim
556,539,2024-01-06 22:48:28,Boxing
557,1801,2023-08-08 01:27:05,Mayweather
558,992,2024-03-06 15:47:54,highlights Meganport
559,132,2023-07-11 08:59:35,Football
560,1777,2024-02-23 09:09:07,interview Harrison
561,2882,2023-07-08 03:27:21,replay Boxing
562,2834,2024-03-30 15:00:54,Mahomes
563,2960,2023-08-10 00:13:26,full match Boxing
564,2067,2023-09-30 04:59:52,Grand Prix
565,1466,2024-03-25 05:20:11,replay Hamilton
566,1104,2024-03-22 16:04:40,MMA
567,2031,2024-01-17 14:07:32,F1
568,69,2023-03-08 15:29:27,full match Verstappen
569,202,2024-02-27 19:20:28,MMA
570,2083,2023-11-21 03:58:50,Grand Prix
571,2138,2023-04-06 06:08:31,Football
572,198,2023-06-11 14:53:08,F1
573,2990,2023-04-02 04:33:37,full match Klötze
574,2237,2023-07-24 20:48:40,documentary Darts
575,1453,2023-10-16 21:50:40,Mayweather
576,2818,2023-08-12 15:42:32,Premier League
577,1107,2023-05-05 00:43:33,full match Mannview
578,14,2023-05-02 08:59:25,Hamilton
579,1791,2023-03-22 07:58:13,World Cup
580,1216,2024-02-05 07:07:52,replay Bass
581,874,2023-09-12 14:02:44,full match F1
582,1560,2023-03-30 06:55:11,highlights MMA
583,894,2023-07-28 00:13:44,documentary Mayweather
584,367,2023-12-13 06:39:12,full match F1
585,1457,2023-03-22 05:10:52,NFL
586,1550,2023-04-28 19:18:45,Joshua
587,421,2024-03-09 14:20:23,documentary Premier League
588,740,2023-10-27 10:33:06,full match Tennis
589,1769,2023-07-05 12:44:07,documentary Davies
590,2008,2023-04-11 19:33:44,Hamilton
591,1527,2023-07-28 02:29:03,interview Grand Prix
592,1817,2023-08-07 13:34:07,Darts
593,64,2023-12-26 04:47:45,interview Grand Prix
594,1612,2023-10-10 14:32:02,replay Mahomes 2024
595,1256,2023-06-19 12:49:10,interview Super Bowl
596,358,2024-02-04 09:36:41,replay Super Bowl
597,1254,2023-05-30 15:37:00,documentary Flöha 2024
598,1254,2023-10-01 04:01:21,full match Grand Prix
599,1167,2023-07-07 09:19:09,documentary F1
600,121,2023-12-11 10:13:54,highlights Darts
601,1642,2023-06-05 08:20:41,World Cup
602,492,2024-03-01 17:53:03,Mahomes
603,2503,2024-03-21 15:51:48,interview Mahomes
604,1019,2023-08-31 05:35:48,interview Hamilton
605,2927,2023-10-21 00:15:55,highlights Champions League
606,2473,2023-10-18 05:09:48,replay Joshua
607,2444,2023-12-31 06:51:25,documentary World Cup
608,1591,2023-02-10 16:45:16,Football
609,1245,2023-01-10 05:20:05,highlights Super Bowl
610,2093,2024-01-14 14:59:20,full match Gumprich
611,2137,2023-10-13 15:37:40,interview Tennis 2023
612,214,2023-08-15 01:52:25,Darts
613,487,2024-01-31 07:04:57,Armstrong
614,1014,2023-04-16 22:46:16,interview Brady
615,1834,2023-01-29 22:05:53,documentary Hamilton
616,2527,2023-04-23 19:27:22,interview Kitzingen
617,2679,2023-03-27 23:26:56,replay Molinabury
618,2897,2023-07-01 15:08:32,interview F1
619,2963,2023-01-07 14:49:30,highlights Mahomes 2023
620,1678,2023-01-09 07:21:10,documentary Tennis
621,478,2024-01-31 09:01:32,Boxing
622,1912,2024-01-14 02:29:09,documentary Super Bowl
623,2628,2023-09-17 07:38:06,Premier League 2023
624,919,2023-02-07 09:57:23,documentary Robertsonbury
625,2931,2023-05-04 10:44:30,full match Tennis
626,1059,2023-07-19 12:20:24,documentary Boxing 2024
627,100,2023-09-28 17:58:28,replay World Cup
628,1912,2023-10-04 02:06:44,Premier League 2024
629,311,2023-03-08 19:54:28,interview Verstappen
630,24,2023-02-08 04:28:17,full match Verstappen
631,2955,2023-12-06 15:33:28,highlights Verstappen
632,2632,2024-03-16 18:56:46,replay Super Bowl
633,1493,2024-02-14 08:35:33,NFL
634,2079,2023-08-12 18:53:34,interview Grand Prix
635,422,2023-01-12 11:50:15,full match Football
636,2075,2023-11-09 07:50:05,replay Mayweather
637,2368,2023-06-09 01:27:38,Hamilton
638,826,2023-08-04 19:35:53,interview Darts
639,989,2023-01-02 03:45:37,Jorgebury
640,1077,2024-02-20 06:29:42,replay Hamilton
641,2462,2023-05-24 07:24:07,NFL
642,2659,2023-10-05 09:48:36,interview Darts
643,583,2023-08-21 00:23:21,interview Darts
644,451,2023-03-29 21:17:13,Grand Prix
645,1519,2023-07-30 21:30:31,highlights F1
646,1232,2023-04-16 03:22:08,Dunn
647,2432,2023-08-26 17:03:22,full match Premier League
648,3,2023-11-04 05:03:12,Boxing
649,1177,2023-05-08 00:08:51,documentary Mahomes
650,2554,2023-11-10 00:12:15,Mahomes 2023
651,1262,2024-01-22 16:21:33,highlights World Cup
652,2634,2023-08-02 01:08:16,highlights NFL
653,836,2024-01-24 05:40:19,documentary Verstappen
654,71,2023-05-15 04:10:38,full match Premier League
655,2070,2023-02-18 05:03:59,Premier League 2024
656,2131,2023-11-17 04:41:29,Boxing
657,1914,2023-07-18 05:34:41,F1
658,493,2023-01-21 06:18:17,interview Brady
659,2059,2023-06-11 19:31:49,full match Premier League
660,2499,2023-06-05 22:26:18,replay Joshua
661,850,2023-12-04 18:28:46,interview Super Bowl 2024
662,424,2023-08-06 02:34:09,Boxing
663,1721,2023-08-06 13:38:48,highlights Higgins
664,887,2023-12-06 18:13:21,replay F1
665,153,2023-10-17 22:30:48,interview NFL 2023
666,2995,2023-04-09 20:15:11,Football
667,1874,2023-06-02 19:21:00,full match Joshua
668,2282,2023-03-19 10:26:32,documentary Christian
669,1402,2023-12-27 02:05:06,highlights MMA
670,1800,2023-12-24 17:14:30,replay Football
671,2174,2023-11-09 19:18:07,interview Johnsonburgh 2024
672,1033,2023-01-29 01:18:33,full match MMA
673,676,2024-02-19 08:20:33,Darts
674,2844,2023-08-15 04:12:45,full match Super Bowl
675,1270,2024-01-20 05:32:39,documentary MMA
676,2897,2023-12-09 05:17:08,documentary Ashleyberg
677,1125,2023-01-17 00:30:20,interview Premier League 2023
678,2587,2023-03-19 12:08:48,full match Darts 2023
679,524,2023-04-24 14:33:27,interview Super Bowl
680,2070,2023-12-06 13:54:42,highlights Darts
681,221,2023-06-08 05:09:56,replay Tennis
682,1600,2023-02-08 22:07:52,highlights Premier League
683,396,2023-10-05 11:29:44,replay Verstappen 2023
684,1008,2023-01-22 08:26:55,full match Super Bowl
685,2158,2023-09-20 21:21:06,full match Hamilton
686,222,2023-04-15 04:40:13,replay Grand Prix
687,1192,2023-01-13 09:51:41,highlights MMA
688,2935,2023-09-14 06:01:00,highlights Boxing
689,2190,2023-04-20 01:41:33,interview Grand Prix
690,1855,2023-04-22 15:26:12,highlights Boxing
691,2159,2023-08-05 08:31:30,Suttonfurt
692,2274,2024-02-29 20:53:39,interview Joshua
693,2488,2023-10-24 15:36:32,Prenzlau
694,1361,2023-12-09 15:44:16,interview Brady
695,869,2024-03-19 09:01:35,highlights MMA
696,2456,2024-02-13 04:33:47,F1
697,2636,2024-03-29 08:38:06,Hamilton
698,832,2023-04-20 02:37:57,full match Verstappen
699,2763,2023-07-07 06:07:27,replay MMA
700,1179,2023-12-30 22:15:25,replay World Cup
701,667,2023-07-11 06:12:20,Mahomes
702,627,2023-12-09 01:57:29,documentary Darts
703,2333,2023-02-24 20:38:28,documentary MMA
704,629,2023-09-28 13:05:23,full match Hamilton
705,2893,2024-01-08 08:51:18,replay Verstappen
706,753,2023-07-13 17:52:58,Joshua
707,1354,2023-02-14 14:40:02,full match Brady
708,523,2023-08-28 04:23:13,replay Boxing 2023
709,1818,2023-05-22 00:06:03,Champions League
710,1830,2023-01-12 00:55:00,interview NFL
711,1087,2023-09-08 07:19:49,documentary Boxing
712,281,2023-06-30 03:59:47,full match Darts
713,340,2023-03-27 18:00:18,replay Tennis
714,1564,2023-02-19 04:20:24,NFL
715,263,2024-01-31 16:27:42,Tennis
716,2809,2023-05-09 08:42:58,highlights NFL
717,536,2023-04-28 19:52:04,replay New Robinfort
718,1211,2023-01-22 14:01:24,World Cup
719,2060,2023-11-13 17:24:56,full match Tennis
720,2928,2023-04-20 02:54:25,documentary MMA
721,1760,2024-02-23 02:31:02,documentary Lake Declan
722,1763,2023-03-04 03:05:40,highlights Tennis
723,1460,2023-04-05 20:00:45,highlights Premier League
724,348,2023-04-20 17:11:00,documentary Joshua
725,495,2023-08-30 11:15:15,Grand Prix 2023
726,760,2023-09-13 05:45:49,replay Football
727,930,2023-03-13 17:14:20,Premier League
728,844,2023-05-12 12:04:25,highlights Tennis
729,341,2024-01-09 03:31:15,replay Tennis
730,1669,2023-05-04 07:27:21,Premier League
731,2721,2023-01-16 16:51:17,replay Verstappen
732,404,2023-07-09 17:26:13,interview Mahomes
733,2968,2023-02-13 15:22:16,Grand Prix
734,977,2023-03-26 23:51:33,documentary Tennis
735,2777,2023-12-08 04:02:57,highlights Etzold
736,1036,2023-10-21 09:51:50,highlights Champions League
737,2824,2023-06-09 13:05:50,full match Warmer
738,15,2023-05-14 20:04:47,replay Champions League
739,2233,2023-07-17 16:07:10,documentary Darts
740,245,2024-02-27 11:28:49,documentary Verstappen
741,153,2023-12-10 18:54:29,replay Joshua 2023
742,883,2023-11-28 17:54:01,Joshua
743,269,2024-02-15 02:45:31,documentary Grand Prix
744,1134,2023-05-28 11:21:35,full match Boxing
745,980,2023-04-26 12:04:30,NFL
746,2279,2023-02-07 10:27:50,documentary F1
747,1482,2023-08-21 11:46:36,highlights Grand Prix
748,2290,2024-01-18 10:52:30,Champions League
749,118,2023-10-24 16:19:39,F1
750,947,2023-03-31 21:03:08,replay Uelzen
751,1586,2023-02-14 05:24:02,highlights F1
752,2525,2023-05-21 18:15:04,interview F1
753,257,2023-04-12 02:20:43,Brady
754,535,2024-01-05 02:31:16,interview Premier League
755,1373,2023-12-11 16:35:21,Brady
756,1984,2023-03-02 21:24:56,full match Premier League
757,2414,2023-04-12 04:37:33,documentary F1
758,463,2024-01-24 06:11:18,Mayweather 2023
759,28,2023-04-08 05:47:43,documentary Verstappen
760,2033,2023-04-25 09:29:02,replay Champions League
761,1172,2023-01-19 05:57:01,highlights Super Bowl
762,53,2023-12-08 19:10:08,Townsend 2024
763,936,2023-09-17 13:50:53,replay World Cup
764,2852,2023-03-23 09:18:57,highlights Mayweather
765,1609,2023-06-30 03:49:43,full match Mayweather
766,2262,2023-06-12 17:30:13,documentary Football 2023
767,1596,2023-12-20 03:08:48,Tennis
768,1509,2023-03-13 10:26:03,replay Mayweather 2024
769,2815,2023-10-04 19:09:02,interview Hamilton
770,2776,2024-01-23 14:44:35,full match Boxing
771,147,2023-03-22 01:15:01,replay Joshua
772,1519,2023-04-29 16:28:25,interview Hamilton
773,1599,2023-02-01 16:13:08,Tennis
774,2737,2023-06-07 16:55:05,highlights Boxing
775,702,2023-09-21 04:20:26,NFL
776,903,2024-03-13 22:58:21,full match Premier League
777,1596,2024-03-18 02:51:19,Mahomes
778,2845,2023-01-16 12:44:32,highlights Joshua
779,1692,2023-01-12 15:56:29,Premier League
780,2572,2024-03-03 03:36:03,World Cup
781,1456,2023-11-28 10:47:23,documentary Mahomes
782,1261,2023-01-12 02:08:41,Premier League
783,2339,2023-02-13 15:32:45,full match Football
784,1488,2023-05-02 20:09:53,highlights Mayweather
785,876,2024-02-22 06:28:36,Champions League
786,1228,2024-01-16 18:47:31,documentary Darts
787,1361,2023-08-05 19:17:42,documentary Premier League
788,990,2023-03-28 13:47:27,full match Tennis
789,1329,2023-04-07 21:10:37,Brady
790,1577,2024-01-20 21:34:28,Super Bowl
791,1497,2023-01-19 15:10:07,Premier League
792,128,2023-06-01 21:04:15,highlights Champions League
793,1903,2024-03-10 00:33:55,Darts 2024
794,2482,2023-07-23 10:04:47,documentary Darts
795,2117,2023-03-27 15:14:01,interview NFL
796,1278,2023-02-14 13:23:26,replay Premier League
797,153,2023-09-21 03:14:54,Boxing
798,1718,2023-06-30 13:16:58,Premier League
799,2042,2023-05-18 19:11:51,highlights Joshua
800,381,2023-09-02 19:07:52,Brady
801,1869,2023-01-26 04:37:36,NFL
802,402,2024-02-16 13:35:25,Mayweather
803,2053,2023-07-10 01:24:08,highlights Super Bowl
804,423,2023-03-29 15:10:42,Mahomes
805,2955,2023-12-08 06:06:52,Brady
806,1611,2024-03-04 00:18:14,documentary Super Bowl
807,1111,2023-09-17 03:35:07,full match Verstappen
808,1117,2023-10-22 15:56:13,documentary Verstappen 2024
809,2091,2023-06-15 11:34:09,replay NFL 2024
810,2564,2023-01-27 12:42:09,highlights Darts 2023
811,2231,2023-06-03 06:23:52,Verstappen
812,1469,2023-09-20 03:15:21,interview F1
813,2856,2023-09-05 07:52:52,Mahomes 2024
814,2900,2024-02-28 11:50:17,highlights World Cup
815,1773,2024-02-12 03:59:44,interview Premier League
816,1850,2023-08-20 16:27:23,South Andrewchester
817,1703,2023-08-13 08:39:08,replay World Cup
818,1072,2023-10-03 11:19:01,full match Joshua
819,719,2024-01-20 23:49:18,replay Grand Prix
820,1551,2023-03-31 09:14:37,replay Tennis
821,1328,2023-08-14 13:23:27,interview F1
822,696,2023-11-18 03:07:52,full match Football 2023
823,1452,2023-05-26 12:09:55,full match Football
824,1455,2023-04-02 16:22:40,highlights Grand Prix
825,1907,2024-02-23 22:41:15,Kraushaar 2024
826,368,2023-11-19 20:37:10,highlights Premier League
827,1432,2023-10-14 04:11:44,Lee 2023
828,2158,2023-03-07 05:17:59,replay Premier League
829,371,2023-12-22 05:15:23,highlights Grand Prix
830,2209,2023-07-17 02:38:51,interview Morse
831,825,2023-09-14 06:28:41,MMA
832,1407,2023-09-02 16:04:47,replay Super Bowl
833,1751,2023-08-22 03:07:58,interview F1
834,31,2024-02-04 12:40:00,highlights Champions League
835,2801,2023-09-02 16:42:39,interview Boxing
836,1291,2023-06-10 08:24:42,highlights MMA
837,248,2023-09-06 12:34:43,replay F1
838,572,2023-04-08 01:17:58,documentary Brady
839,2195,2023-11-07 12:51:11,interview Mayweather
840,1492,2023-07-01 16:44:03,Brady
841,2908,2023-11-15 16:32:43,Hamilton
842,1559,2023-11-26 17:45:58,highlights Clark
843,1066,2024-01-06 14:43:45,replay F1
844,2830,2024-02-02 13:28:06,highlights World Cup
845,2178,2024-02-22 10:49:53,full match World Cup
846,469,2023-06-29 08:46:22,interview South Alexton
847,1412,2023-09-25 08:52:10,Tennis
848,2518,2023-11-11 20:38:41,World Cup
849,86,2023-08-23 06:12:49,documentary MMA
850,1622,2023-12-17 13:25:53,interview F1
851,1467,2023-12-17 19:00:14,replay Super Bowl
852,1942,2023-08-29 09:53:17,NFL
853,1609,2023-11-06 18:29:55,Verstappen
854,602,2023-09-07 14:27:07,full match Brady
855,503,2023-12-27 12:00:25,interview Mayweather
856,1479,2023-12-24 22:22:13,Parker 2024
857,1640,2023-06-22 09:56:11,interview Darts
858,2104,2023-03-13 09:27:09,Vincentstad
859,941,2024-02-13 13:37:35,replay Darts
860,966,2023-05-15 22:52:39,Football
861,2699,2024-03-03 22:25:26,F1
862,1501,2023-12-26 19:37:24,documentary F1
863,486,2023-02-01 04:00:47,replay Darts
864,2799,2024-03-12 22:19:54,documentary Grand Prix
865,672,2023-09-15 19:48:16,highlights Grand Prix
866,1495,2023-07-18 09:12:27,replay Röhricht
867,2299,2023-10-25 19:14:03,documentary Joshua
868,500,2023-10-01 10:31:20,Champions League 2023
869,1923,2023-06-18 02:58:33,documentary Joshua
870,2332,2023-07-20 19:04:43,interview World Cup
871,2711,2023-04-13 15:19:39,Super Bowl
872,1190,2023-08-07 03:27:07,Grand Prix
873,55,2023-05-05 01:45:09,Darts
874,1228,2023-03-07 01:31:32,Joshua
875,1269,2023-09-02 05:11:57,interview MMA
876,324,2024-02-05 18:57:24,documentary World Cup
877,731,2023-06-06 05:18:48,interview Mahomes
878,1576,2023-05-01 21:32:17,replay North Annettechester
879,1727,2023-07-17 09:37:39,replay MMA
880,2690,2023-02-08 04:59:27,Champions League
881,184,2023-12-05 11:20:51,Verstappen
882,2124,2023-12-23 09:15:17,highlights F1
883,78,2024-03-04 13:05:12,documentary Premier League
884,2996,2023-03-10 01:15:44,Super Bowl
885,2342,2024-03-05 05:54:01,highlights Premier League
886,1164,2024-02-03 03:24:06,World Cup
887,887,2023-10-16 16:40:52,Mahomes
888,1233,2023-11-17 19:50:48,replay Mahomes
889,632,2023-12-28 20:34:06,full match MMA
890,2724,2023-03-04 08:12:04,Döhn 2024
891,2559,2023-06-26 21:58:09,Champions League
892,1027,2023-04-21 17:40:37,Fraser
893,2957,2023-05-13 09:07:37,interview Tennis
894,575,2023-08-02 22:44:27,Super Bowl
895,2164,2024-03-05 02:29:10,Boxing
896,1165,2024-03-21 13:24:00,Brady 2023
897,688,2023-10-09 12:45:54,interview Grand Prix
898,2177,2023-12-19 09:24:00,Super Bowl
899,460,2023-11-21 02:16:14,replay Mahomes
900,2880,2024-03-23 18:12:48,documentary Verstappen
901,1615,2023-08-20 01:53:03,highlights Verstappen 2024
902,682,2023-08-08 03:08:15,replay Emmendingen
903,2736,2023-02-05 01:03:27,full match F1
904,1834,2023-02-18 16:27:12,full match Hamilton
905,2113,2023-09-29 06:51:14,Grand Prix
906,513,2023-11-28 06:19:19,Darts
907,2114,2023-11-13 19:13:07,full match Kathleenborough
908,2001,2024-03-03 16:17:32,NFL
909,1093,2023-03-10 04:05:07,interview Tennis
910,532,2023-07-25 11:37:32,documentary Football
911,2690,2023-02-18 22:07:02,Boxing
912,1287,2023-03-27 02:04:22,replay Mahomes
913,716,2023-12-09 02:13:20,full match Tennis
914,571,2024-03-10 09:55:38,interview Mayweather
915,2546,2023-05-01 02:29:35,replay Joshua
916,796,2023-04-08 09:26:58,highlights NFL 2023
917,2510,2024-03-19 01:41:03,interview Brady 2023
918,2569,2023-07-23 14:55:47,documentary Brady
919,2649,2023-05-05 07:15:45,full match Boxing
920,170,2023-03-19 03:02:22,full match Premier League
921,2338,2024-03-22 09:42:18,replay Super Bowl
922,1118,2023-11-12 04:50:47,full match Boxing
923,621,2023-12-01 06:17:10,full match Verstappen
924,2807,2023-04-09 08:35:40,full match Brady
925,1680,2024-03-06 14:22:04,replay Mayweather
926,2887,2024-01-29 17:18:11,documentary Grand Prix
927,2954,2023-10-22 20:22:23,documentary NFL
928,136,2023-11-01 00:49:17,NFL
929,2714,2023-05-18 08:32:54,Champions League
930,676,2024-01-04 12:56:43,full match Brady
931,634,2023-01-23 06:20:00,full match F1
932,303,2023-02-26 00:44:33,Verstappen
933,1427,2024-02-10 20:38:31,highlights World Cup
934,1246,2023-03-17 22:57:12,Hamilton
935,1999,2023-07-05 22:22:57,highlights MMA
936,536,2023-05-27 22:08:08,full match Brady
937,457,2023-10-03 17:31:13,Super Bowl 2024
938,2014,2024-03-16 07:24:17,documentary World Cup
939,1319,2024-03-18 20:37:23,full match Football
940,1823,2023-10-26 13:11:08,full match Champions League
941,2408,2023-03-20 18:36:15,Super Bowl
942,2448,2023-12-01 03:46:55,documentary Verstappen
943,2379,2023-11-03 02:42:49,Hamilton
944,1412,2023-05-21 17:28:13,Mahomes
945,1129,2023-09-23 23:56:26,replay Football
946,1517,2023-08-31 15:06:13,highlights Verstappen
947,2005,2023-08-25 10:19:43,Grand Prix
948,543,2023-01-08 21:15:24,Premier League
949,2301,2023-11-12 16:48:00,interview Champions League
950,2377,2023-10-13 18:33:52,documentary Super Bowl
951,44,2023-12-23 07:26:27,Darts
952,1073,2023-06-15 15:38:11,replay Boxing
953,2982,2023-05-17 12:40:38,Grand Prix
954,2376,2023-03-04 02:37:48,highlights Grand Prix
955,2132,2023-07-28 00:57:09,full match Hamilton 2024
956,2660,2023-04-24 08:05:24,Hamilton 2023
957,2425,2023-06-16 19:17:16,Brady
958,1367,2024-03-17 10:50:24,full match MMA
959,428,2023-12-31 02:58:18,Premier League
960,976,2023-08-01 20:49:43,documentary Hamilton
961,1886,2023-05-06 07:01:54,highlights Boxing
962,2098,2023-05-05 12:19:36,documentary Joshua
963,2809,2023-10-03 07:57:11,Brady
964,863,2023-09-24 07:30:52,highlights Super Bowl
965,2821,2023-10-19 12:40:38,interview Verstappen
966,1302,2023-12-21 21:48:47,World Cup
967,559,2023-01-03 23:54:47,documentary NFL
968,2708,2023-05-02 00:39:53,full match Craig
969,1356,2023-05-26 09:58:30,interview Champions League
970,2585,2023-04-18 01:29:28,Champions League
971,2673,2023-07-08 05:14:10,replay Tennis
972,2933,2023-12-21 03:11:29,documentary MMA
973,857,2023-09-23 13:00:10,highlights Hamilton
974,1512,2023-05-27 05:30:09,Darts
975,1262,2023-06-01 18:33:59,interview Bamberg
976,2824,2023-04-05 09:35:39,replay World Cup
977,912,2023-10-09 07:07:11,Mayweather
978,1303,2023-01-19 08:51:32,full match Football
979,402,2023-10-23 00:17:15,documentary MMA
980,971,2024-02-04 01:06:24,Ellisburgh
981,249,2023-05-04 00:24:24,Hainichen
982,2905,2023-08-12 12:39:10,highlights Mayweather
983,1896,2023-10-13 04:49:04,MMA
984,1575,2024-03-08 12:22:16,replay Alexmouth
985,1335,2023-08-27 05:40:18,Mahomes
986,1477,2024-01-09 02:43:16,highlights Verstappen
987,1800,2024-02-08 19:36:44,full match Brady
988,311,2023-11-06 15:31:36,documentary Darts
989,2614,2023-06-29 09:47:44,interview Joshua
990,2540,2024-03-29 13:34:07,interview MMA
991,919,2023-08-19 17:47:40,replay Boxing
992,2922,2023-06-22 08:43:55,Premier League
993,2054,2024-03-23 09:57:38,F1
994,2284,2023-08-10 08:54:37,documentary Brady
995,2040,2023-05-05 18:02:56,Mayweather 2024
996,1069,2024-02-12 20:43:57,interview Football
997,1605,2023-01-08 05:29:45,Premier League
998,1456,2023-05-22 09:21:02,full match Football
999,2854,2023-07-12 17:46:42,Joshua
1000,1167,2023-11-03 22:22:30,Brady
1001,2115,2023-05-06 23:27:39,Champions League
1002,2850,2024-02-20 13:26:31,Super Bowl
1003,2196,2023-11-06 11:52:33,highlights Super Bowl
1004,2075,2023-03-10 13:32:54,highlights Boxing
1005,439,2024-01-04 08:00:32,Hamilton
1006,2195,2023-12-14 10:51:36,highlights Darts
1007,698,2024-01-10 17:23:35,documentary Schaaf
1008,186,2023-12-12 09:23:41,Tennis
1009,1808,2023-02-10 04:33:38,replay Tennis
1010,2235,2023-02-08 11:12:32,highlights F1
1011,587,2024-01-07 17:58:46,replay World Cup
1012,1198,2023-04-18 09:20:04,Joshua
1013,2028,2023-09-22 11:31:33,replay Super Bowl
1014,1217,2023-10-24 17:24:30,Tennis
1015,1010,2023-12-22 07:02:51,documentary Grand Prix
1016,1346,2023-01-06 00:31:19,F1
1017,1421,2024-03-25 18:05:36,full match Tennis
1018,1906,2024-01-05 23:41:02,Champions League
1019,444,2024-03-13 16:06:53,full match Grand Prix
1020,1633,2023-09-16 06:21:02,replay Boxing
1021,2268,2023-03-19 09:56:19,World Cup
1022,1579,2023-02-08 16:02:32,highlights Joshua
1023,2222,2023-11-01 02:12:14,highlights World Cup
1024,2312,2023-03-27 23:43:48,full match F1
1025,1109,2023-03-18 21:08:52,interview NFL
1026,1895,2023-11-10 01:51:34,F1 2023
1027,1196,2024-01-19 20:00:49,replay Verstappen
1028,716,2023-09-18 00:59:49,F1
1029,761,2023-10-25 12:31:49,documentary Hamilton
1030,2202,2024-02-07 05:19:41,Bohlander
1031,2182,2023-09-10 21:06:17,full match Christopherview
1032,1420,2023-11-28 18:03:13,interview Darts
1033,956,2024-02-17 12:57:47,interview Roberts
1034,2697,2023-05-16 11:54:40,Hamilton
1035,1247,2023-04-13 17:27:11,full match Hamilton
1036,873,2023-11-13 21:10:22,Mayweather
1037,2938,2024-02-21 10:28:08,interview Verstappen
1038,1795,2023-04-11 14:38:47,highlights NFL
1039,1582,2023-02-26 08:21:53,Mayweather
1040,1153,2024-02-08 03:09:54,replay Super Bowl
1041,1736,2023-05-26 03:35:20,F1
1042,1735,2023-10-02 21:13:09,documentary Tennis
1043,2109,2023-12-15 02:25:24,Premier League
1044,538,2023-08-24 23:21:38,Grand Prix
1045,2392,2023-11-06 13:45:26,Champions League
1046,1286,2023-05-03 20:52:15,NFL
1047,2998,2024-03-21 14:18:28,replay NFL
1048,791,2024-02-29 00:29:22,replay Champions League
1049,1398,2023-08-31 09:35:10,F1
1050,2484,2023-11-15 10:41:17,Tennis
1051,2612,2023-04-18 15:15:54,highlights NFL
1052,1455,2024-03-24 23:02:28,full match Premier League
1053,2742,2023-07-17 16:49:04,Joshua
1054,299,2023-08-06 18:38:36,Hildburghausen
1055,1526,2023-01-09 18:44:15,full match Hamilton
1056,1694,2024-03-13 20:34:40,replay Tennis
1057,1166,2024-01-24 20:19:04,replay F1
1058,2390,2024-02-04 15:16:18,Tinahaven
1059,376,2024-02-24 12:44:39,Mayweather
1060,2768,2023-12-18 20:10:11,replay Darts
1061,2294,2023-05-09 15:59:36,Football
1062,38,2023-10-11 19:04:06,replay Joshua
1063,1264,2024-03-27 16:29:38,highlights Tennis
1064,2480,2023-07-04 19:59:54,documentary Boxing
1065,44,2023-03-28 10:32:33,interview NFL
1066,2329,2023-07-22 05:47:52,interview Boxing
1067,1913,2024-02-23 16:35:08,Mayweather
1068,2056,2024-01-21 22:55:33,interview Brady
1069,1236,2023-07-22 11:55:42,highlights Hamilton
1070,1897,2023-02-19 10:30:30,full match Otto
1071,2404,2023-06-04 12:18:50,full match Mude
1072,2955,2023-10-16 15:41:05,replay Football
1073,547,2023-05-06 03:56:57,replay Hamilton
1074,2692,2024-03-18 04:59:15,interview Mahomes
1075,1473,2023-06-07 09:48:53,documentary World Cup
1076,2965,2023-09-21 15:59:36,Hamilton
1077,2375,2023-06-21 13:55:38,highlights Premier League
1078,494,2023-09-28 17:09:09,interview Brady
1079,2651,2023-05-14 03:28:01,replay Jones
1080,1292,2024-01-28 12:16:30,Joshua
1081,2146,2024-01-16 15:47:24,full match Grand Prix
1082,1859,2023-01-06 01:47:39,replay Hamilton
1083,1059,2023-06-24 16:11:00,replay F1
1084,510,2023-09-30 14:46:45,replay Hamilton
1085,2099,2024-02-04 17:46:55,interview Brady
1086,2613,2023-09-11 10:08:24,full match Champions League
1087,2699,2023-10-22 12:37:53,interview MMA 2023
1088,102,2023-11-07 13:57:50,Cottbus 2023
1089,2825,2023-02-07 03:57:42,interview Champions League
1090,673,2023-01-24 02:48:17,highlights MMA
1091,1005,2023-12-17 23:03:03,Verstappen
1092,1789,2023-12-23 16:23:22,documentary World Cup
1093,1923,2023-02-06 14:41:57,Joshua
1094,557,2023-04-14 01:43:14,documentary Tübingen 2023
1095,1872,2023-10-24 07:41:53,replay Super Bowl
1096,2735,2023-02-04 11:51:22,documentary Super Bowl
1097,508,2023-12-13 07:56:20,interview Hamilton
1098,485,2023-04-13 07:19:31,replay Champions League
1099,862,2024-02-16 12:51:02,Darts
1100,531,2023-04-29 03:22:02,interview Super Bowl
1101,1868,2023-02-13 19:09:39,replay MMA
1102,1500,2023-03-27 07:29:00,documentary Verstappen
1103,1989,2023-11-30 19:39:58,Boxing
1104,2366,2023-09-26 20:01:46,full match Joshua
1105,1545,2024-02-20 22:57:05,interview F1
1106,170,2023-07-20 05:49:36,replay Grand Prix
1107,2722,2023-07-21 05:15:16,full match Grand Prix
1108,857,2024-02-21 23:30:03,interview Hamilton
1109,1209,2023-04-10 21:19:52,highlights Premier League
1110,611,2024-01-18 09:11:28,Grand Prix
1111,1872,2023-09-28 18:19:08,documentary World Cup
1112,2053,2023-04-14 09:34:45,Mahomes
1113,1234,2023-02-26 02:42:50,F1
1114,750,2023-10-11 05:32:16,interview Port Chelsea
1115,581,2023-05-11 00:16:53,full match Joshua
1116,1488,2023-06-25 07:09:19,highlights Verstappen
1117,399,2023-02-08 05:07:10,interview Premier League
1118,2929,2024-03-07 05:47:14,Hamilton
1119,53,2024-01-09 07:12:17,MMA 2024
1120,1372,2023-09-04 13:08:33,full match MMA
1121,507,2023-01-08 10:01:45,Joshua
1122,1054,2023-07-19 17:43:14,interview MMA
1123,234,2023-07-04 18:52:00,documentary Football
1124,756,2023-07-07 02:20:28,highlights Super Bowl
1125,2889,2024-03-07 09:51:24,replay Weimar
1126,1572,2023-01-11 00:08:09,Verstappen
1127,1683,2024-01-12 01:07:43,interview MMA
1128,259,2023-05-25 12:19:00,full match Champions League
1129,2988,2023-08-02 06:56:45,documentary Hamilton
1130,2384,2024-03-22 01:18:54,full match Boxing
1131,587,2023-04-24 21:54:44,World Cup
1132,2475,2023-11-22 13:30:35,F1
1133,913,2023-04-25 03:25:13,Joshua
1134,2797,2023-01-17 14:06:25,documentary Joshua
1135,810,2024-03-29 13:40:12,F1 2023
1136,2750,2024-01-23 13:54:08,full match F1
1137,209,2023-01-17 11:54:17,Grand Prix
1138,1988,2023-03-12 09:18:35,full match Football
1139,674,2023-06-13 00:31:39,Brady
1140,700,2023-06-24 20:58:41,Hamilton
1141,2225,2023-03-15 07:36:37,documentary Verstappen
1142,2311,2023-02-19 09:03:14,full match Mahomes
1143,2560,2024-01-10 23:43:03,full match Premier League
1144,17,2023-06-19 20:29:40,Boxing
1145,769,2023-03-27 03:02:34,Hamilton
1146,2524,2023-12-21 03:25:24,Mahomes
1147,1084,2023-11-22 07:33:35,documentary Mayweather
1148,1890,2023-08-30 10:16:04,full match Saunders
1149,1940,2024-01-03 00:29:51,South Rhonda
1150,875,2024-01-05 04:28:37,Boxing
1151,166,2023-09-05 11:32:37,documentary MMA
1152,1614,2023-03-14 17:43:58,full match Joshua
1153,1797,2023-09-05 12:11:29,full match West Juneberg
1154,1901,2023-02-11 02:26:01,Herrera 2024
1155,2278,2023-04-18 19:25:46,Premier League
1156,1771,2023-12-10 21:56:09,highlights Mayweather
1157,876,2023-02-14 18:25:24,full match Brady 2024
1158,2640,2023-09-09 18:12:09,full match Darts
1159,1459,2024-01-27 04:18:23,Parker
1160,2312,2023-10-13 18:26:28,Boxing
1161,1894,2023-09-28 10:46:27,documentary NFL
1162,1301,2023-11-26 17:46:42,Football
1163,819,2024-01-03 17:22:35,MMA
1164,117,2023-01-12 09:09:17,NFL
1165,2941,2023-07-30 00:16:03,full match Mahomes 2024
1166,613,2023-05-06 19:38:25,Grand Prix
1167,1792,2023-01-05 15:27:25,replay Super Bowl
1168,2856,2023-01-22 06:56:37,Joshua
1169,1304,2023-06-10 05:20:20,highlights Football
1170,2028,2023-10-22 12:09:16,interview Verstappen
1171,359,2023-10-10 11:54:44,Champions League
1172,1260,2023-08-26 02:15:27,Boxing
1173,2621,2024-02-18 03:47:46,highlights Hamilton
1174,1351,2024-01-29 13:14:00,Hamilton
1175,1478,2024-03-03 15:05:01,Verstappen 2024
1176,1432,2023-07-04 23:26:26,interview Hamilton
1177,2848,2024-03-01 23:17:36,interview Tennis
1178,1936,2023-10-15 10:07:37,interview Boxing
1179,522,2023-11-24 07:51:29,highlights Joshua
1180,912,2023-08-06 19:05:21,Premier League
1181,63,2023-03-12 01:59:40,NFL
1182,2870,2023-04-12 18:39:13,interview MMA
1183,1251,2023-03-09 03:58:24,Spieß
1184,852,2024-02-08 05:37:25,replay Grand Prix
1185,2264,2023-05-10 01:35:09,replay Champions League
1186,892,2024-03-30 09:30:47,documentary NFL
1187,739,2023-11-27 05:01:44,full match Boxing
1188,747,2023-03-26 16:58:07,replay Premier League
1189,2149,2023-06-12 18:56:40,documentary NFL 2023
1190,2044,2023-04-20 21:11:12,Premier League
1191,1372,2024-02-23 21:43:48,Joshua
1192,2259,2024-01-31 16:48:51,Boxing
1193,2403,2023-09-19 09:08:01,documentary F1
1194,945,2023-01-20 10:24:18,highlights Grand Prix
1195,655,2023-03-27 20:15:54,full match Darts
1196,2482,2023-06-20 11:06:41,highlights Boxing
1197,2007,2024-03-25 02:43:06,Mahomes
1198,571,2023-02-01 16:10:12,full match Grand Prix
1199,205,2023-07-09 06:09:31,Mahomes
1200,310,2023-09-17 03:04:35,Darts
1201,1602,2023-07-11 03:47:37,interview Super Bowl
1202,621,2024-01-20 21:00:11,replay Grand Prix 2024
1203,1893,2023-02-28 03:25:34,Joshua
1204,810,2023-01-18 02:22:11,Champions League
1205,91,2023-06-01 14:14:43,full match Darts
1206,840,2023-07-21 11:24:52,World Cup
1207,2178,2023-03-20 12:31:08,full match World Cup
1208,2014,2023-09-26 10:12:29,full match Premier League
1209,1265,2024-03-27 22:47:03,documentary Brady
1210,2638,2023-05-04 03:39:27,Grand Prix
1211,2358,2023-02-16 23:24:19,Verstappen
1212,2530,2023-09-27 22:15:38,highlights NFL
1213,820,2024-01-15 03:52:38,replay New Holly
1214,962,2023-03-05 14:43:35,full match Football
1215,1751,2024-01-28 21:53:36,Tennis
1216,870,2023-09-30 07:23:47,documentary Mahomes
1217,1022,2023-02-14 14:58:59,Champions League
1218,1403,2023-08-24 09:35:52,Verstappen
1219,2777,2024-03-10 21:58:42,full match World Cup 2024
1220,2304,2023-08-02 10:42:12,Brady
1221,2147,2023-03-17 10:14:36,interview Mayweather
1222,1558,2023-04-05 12:43:13,interview Mahomes
1223,2159,2023-03-09 13:11:04,highlights Football
1224,2576,2023-10-13 11:45:54,Brady
1225,831,2023-03-06 05:05:24,interview Hamilton
1226,2488,2024-02-26 15:33:54,Cortez
1227,763,2023-05-01 02:28:53,documentary Boxing
1228,1112,2023-01-15 13:13:21,World Cup
1229,1595,2024-02-26 15:35:40,interview Football 2024
1230,2609,2023-04-23 02:17:18,documentary Joshua 2023
1231,909,2023-10-04 00:24:06,replay F1
1232,2860,2023-01-11 14:26:48,interview Grand Prix
1233,1326,2024-03-22 16:54:12,interview Darts 2024
1234,949,2023-11-15 00:16:32,full match World Cup
1235,1926,2024-03-24 13:49:15,full match Darts
1236,2823,2023-08-13 07:10:17,replay World Cup
1237,640,2023-01-12 14:15:04,interview Hamilton
1238,932,2024-02-18 22:03:02,Brady
1239,1030,2024-03-26 21:31:05,Premier League
1240,2997,2023-04-10 00:15:00,replay Premier League
1241,2827,2023-06-30 08:09:48,highlights Mahomes
1242,14,2023-01-24 14:33:33,highlights World Cup
1243,1012,2023-03-16 07:39:31,interview MMA
1244,329,2024-01-23 08:07:08,replay Joshua
1245,2141,2023-01-05 02:12:22,interview NFL
1246,632,2023-04-13 15:44:23,documentary F1
1247,1863,2023-08-15 13:35:47,highlights Tennis
1248,2959,2023-07-12 13:23:16,Eckbauer
1249,2296,2023-03-13 14:47:33,full match Super Bowl
1250,2479,2023-01-24 15:05:40,F1
1251,2628,2023-08-04 09:37:31,interview MMA
1252,90,2023-04-23 19:38:50,Mahomes
1253,2115,2023-04-14 19:01:34,replay Super Bowl
1254,2416,2023-09-17 14:22:20,replay Darts
1255,2313,2024-03-06 19:35:47,replay Darts
1256,400,2023-06-10 07:18:12,full match MMA
1257,391,2023-08-06 03:26:23,highlights Hamilton
1258,1136,2023-10-02 04:41:48,Super Bowl
1259,1678,2023-02-06 22:05:18,Premier League
1260,2827,2023-09-29 23:47:32,Football 2024
1261,2512,2023-08-10 17:36:33,highlights Premier League
1262,805,2023-06-11 03:20:53,documentary Kassel
1263,1116,2023-09-12 12:07:31,documentary Super Bowl
1264,2034,2023-02-24 03:23:01,interview Brady
1265,2999,2023-12-26 23:55:32,highlights Verstappen
1266,679,2023-04-27 16:57:00,interview Super Bowl
1267,1577,2023-03-25 13:58:14,full match Super Bowl
1268,1090,2023-10-15 23:31:12,replay Brady
1269,2136,2024-01-02 15:29:27,highlights F1 2023
1270,2613,2024-02-19 04:36:41,full match Brady
1271,236,2023-10-31 09:46:01,documentary Super Bowl
1272,1944,2023-07-05 13:17:21,MMA
1273,1162,2023-10-23 01:33:31,Premier League
1274,1235,2023-11-23 04:33:18,highlights F1
1275,1069,2024-03-26 10:19:21,interview Jackson
1276,2495,2023-01-19 02:53:03,interview MMA
1277,2203,2024-01-09 22:55:18,replay Super Bowl
1278,2696,2023-11-05 12:04:39,highlights Champions League
1279,191,2023-04-11 18:28:15,replay Hatfield
1280,498,2023-12-09 03:36:14,full match F1
1281,2732,2023-02-16 23:14:24,highlights Brady
1282,2856,2024-01-09 14:22:17,full match Mayweather
1283,351,2024-02-24 21:19:45,documentary World Cup
1284,487,2024-02-10 11:10:02,Champions League
1285,2724,2023-12-05 20:28:16,Champions League
1286,2635,2024-01-11 22:36:42,documentary Boxing
1287,2457,2023-07-16 09:01:23,Champions League
1288,943,2023-04-06 21:11:05,highlights World Cup
1289,2105,2023-09-08 03:06:21,full match Tennis
1290,2202,2023-11-23 09:22:45,MMA
1291,1688,2023-03-22 07:43:53,replay Brady
1292,575,2023-01-03 11:45:23,replay Hamilton
1293,1145,2023-10-24 06:46:30,full match F1
1294,834,2023-02-12 07:12:14,Hamilton
1295,467,2023-04-30 12:23:52,full match Bullfort
1296,1923,2023-08-21 19:45:56,World Cup
1297,1921,2023-02-23 15:24:10,replay Simpsonville
1298,394,2023-03-22 12:35:15,highlights Joshua
1299,1127,2023-06-03 22:25:43,full match Brady
1300,2129,2023-01-20 08:49:44,replay Champions League
1301,776,2023-10-27 01:08:18,interview Super Bowl
1302,1254,2023-07-27 16:16:56,highlights Super Bowl
1303,2031,2023-03-06 14:53:34,full match Brady
1304,2942,2023-01-09 00:45:32,documentary Pärtzelt
1305,2169,2024-03-21 20:45:59,highlights NFL
1306,496,2023-04-24 10:49:29,full match Henry
1307,1607,2023-08-27 16:41:05,MMA
1308,1653,2023-04-03 18:03:26,highlights Grand Prix
1309,2348,2023-08-25 02:21:58,interview Darts
1310,2541,2023-10-24 00:37:58,NFL
1311,877,2023-06-07 17:11:21,interview MMA
1312,750,2023-01-16 13:45:50,Boxing
1313,295,2023-01-01 17:46:11,full match F1
1314,894,2023-01-24 19:44:45,interview Tennis
1315,642,2023-06-20 06:58:50,replay Darts
1316,668,2023-06-16 22:56:56,interview Brady
1317,1974,2023-09-19 06:31:07,highlights Football
1318,1933,2024-01-30 23:09:52,full match Tennis
1319,949,2023-08-26 16:54:20,Joshua
1320,465,2023-01-23 07:22:33,Joshua
1321,1051,2023-10-07 23:04:46,full match Martin
1322,50,2024-03-23 22:23:22,Mayweather
1323,1518,2023-08-28 06:31:11,F1
1324,566,2023-03-01 02:01:49,Mayweather
1325,1659,2024-03-10 22:00:45,documentary Mayweather
1326,2821,2023-01-11 23:32:03,full match South Kaylaview
1327,1676,2023-03-06 19:41:04,full match Hamilton
1328,1713,2023-03-08 23:45:54,highlights World Cup
1329,1688,2023-07-22 17:56:39,full match MMA
1330,728,2023-03-18 11:17:28,replay Mayweather 2023
1331,248,2023-07-03 20:58:14,replay Joshua
1332,174,2023-09-02 03:32:00,MMA
1333,852,2024-02-02 20:39:33,Super Bowl 2023
1334,2894,2023-11-29 15:41:03,documentary Schmidtke
1335,2089,2023-04-11 18:50:50,Brady
1336,107,2023-12-28 05:04:33,replay World Cup
1337,2173,2023-07-13 14:14:51,full match Super Bowl
1338,1049,2023-12-22 06:51:07,interview Super Bowl
1339,115,2024-01-19 03:22:19,Football 2023
1340,503,2023-09-11 13:04:31,replay Brady
1341,952,2023-05-02 10:46:33,full match Champions League
1342,1739,2023-02-04 01:42:59,replay Champions League
1343,2776,2024-03-07 23:49:25,documentary Joshua
1344,2678,2024-03-19 23:32:47,replay Super Bowl
1345,686,2023-05-19 11:21:37,highlights Football
1346,1259,2024-02-06 23:21:44,MMA
1347,2519,2024-03-29 16:25:04,full match Joshua
1348,1413,2023-10-05 20:37:44,full match Football
1349,1966,2023-06-25 15:22:05,Grand Prix
1350,1405,2024-03-15 10:26:14,full match MMA
1351,2394,2023-11-21 12:35:22,Mayweather 2023
1352,2239,2023-02-12 20:58:00,Mülichen
1353,1946,2023-05-07 04:32:46,Super Bowl
1354,352,2023-03-11 23:03:53,documentary Brady
1355,2906,2023-04-26 10:40:49,documentary Champions League
1356,1081,2023-07-06 15:10:09,highlights Super Bowl
1357,1477,2023-03-20 16:56:26,replay Mahomes
1358,1366,2023-07-08 11:01:50,replay Tennis
1359,1886,2023-02-03 21:35:32,interview Grand Prix
1360,2999,2023-08-31 22:26:43,full match Boxing
1361,790,2023-05-30 18:35:50,highlights Brady
1362,3000,2024-03-25 07:09:45,World Cup
1363,1324,2023-12-14 14:02:31,interview White
1364,289,2023-10-22 04:13:34,Tennis
1365,1444,2023-12-31 08:40:23,full match Brady
1366,1269,2023-07-20 01:45:17,replay F1
1367,2937,2023-03-14 11:27:19,documentary Tennis 2023
1368,2495,2024-01-04 15:39:46,documentary Super Bowl
1369,2674,2023-12-31 09:02:58,documentary Premier League
1370,1282,2023-12-12 14:12:56,Grand Prix
1371,1605,2023-11-02 17:32:53,Boxing
1372,1431,2023-02-12 20:32:45,interview Premier League
1373,2367,2023-08-15 19:25:53,highlights Hermighausen
1374,1039,2023-11-05 08:30:48,full match Darts
1375,2900,2023-11-02 23:41:50,replay World Cup
1376,1008,2024-02-17 15:53:59,documentary Grand Prix 2023
1377,2785,2023-11-19 10:28:31,full match Mahomes 2024
1378,1367,2023-10-11 06:44:22,highlights Premier League
1379,1602,2023-05-29 05:43:44,NFL
1380,2668,2024-03-06 21:33:26,interview Rothenburg ob der Tauber
1381,1967,2024-01-17 07:51:54,full match Mayweather
1382,197,2023-03-18 23:43:26,full match Football
1383,179,2023-11-27 10:07:49,highlights Joshua 2023
1384,129,2023-05-24 21:53:58,replay Grand Prix 2024
1385,2523,2023-11-01 10:56:12,highlights Football
1386,2576,2024-01-06 01:39:01,full match Football
1387,325,2023-07-13 05:39:55,Football
1388,1600,2024-01-02 00:49:32,Lake Beverley
1389,2673,2023-08-18 12:23:26,World Cup
1390,766,2023-01-28 10:11:15,documentary Mayweather
1391,2425,2023-01-10 12:32:17,highlights Darts
1392,51,2023-11-02 12:22:12,Boxing
1393,1982,2023-02-24 23:41:25,interview Champions League
1394,779,2023-03-20 15:19:55,replay NFL
1395,2743,2024-03-12 01:51:52,Joshua
1396,1827,2024-01-29 04:21:16,Brady
1397,220,2023-11-23 16:45:13,Premier League
1398,2722,2023-04-19 23:09:13,World Cup
1399,133,2023-01-19 15:12:09,Tennis
1400,2923,2024-01-15 01:52:51,documentary Joshua
1401,1325,2023-08-16 17:06:41,full match Football
1402,2921,2024-03-30 09:53:09,Hamilton 2023
1403,2977,2023-06-03 20:11:10,Champions League
1404,1678,2023-05-14 04:21:40,replay Port Kevinshire
1405,1454,2023-04-17 13:30:44,Super Bowl
1406,2067,2023-04-26 08:20:27,Mahomes
1407,1127,2023-08-10 05:40:02,highlights NFL
1408,2918,2023-04-30 18:21:51,Osborne
1409,109,2023-09-13 01:51:51,MMA
1410,254,2023-11-06 23:25:21,replay Grand Prix
1411,195,2024-02-01 09:25:35,interview Mahomes
1412,2845,2023-07-08 15:39:15,highlights Champions League
1413,2483,2024-03-18 19:51:40,interview Tennis
1414,402,2023-02-01 20:24:40,replay Tennis
1415,416,2023-04-18 17:06:25,MMA
1416,1005,2023-09-01 08:28:22,replay Boxing
1417,2564,2024-01-20 23:33:00,Premier League
1418,493,2023-07-09 02:31:30,documentary MMA 2024
1419,244,2023-08-02 20:57:24,replay Joshua
1420,2107,2024-03-01 04:54:47,Tennis
1421,1214,2023-04-18 16:19:42,highlights Mcguire
1422,1480,2023-01-16 14:03:34,highlights Brady
1423,2758,2023-03-06 18:07:56,highlights Super Bowl
1424,2613,2023-05-02 13:41:15,documentary Boxing
1425,1110,2023-07-21 08:57:50,full match Super Bowl
1426,840,2023-10-02 02:40:37,full match MMA
1427,66,2023-07-16 23:33:47,documentary Super Bowl
1428,2591,2023-03-16 15:30:22,highlights Super Bowl
1429,2007,2023-11-12 19:39:08,interview Premier League 2024
1430,2982,2023-09-11 17:34:37,full match Joshua 2023
1431,2103,2024-03-03 15:25:15,highlights Boxing
1432,1087,2024-03-24 07:41:43,interview Brady
1433,2093,2023-04-23 05:15:21,full match Mayweather
1434,1971,2023-06-09 22:22:51,documentary Hamilton
1435,634,2023-12-04 18:18:48,Mahomes
1436,1643,2023-12-12 17:51:37,Joshua
1437,1171,2024-01-20 09:24:15,Premier League
1438,608,2023-02-15 20:45:56,Mayweather
1439,183,2023-05-31 05:29:52,documentary Mahomes
1440,1970,2023-08-21 12:03:04,full match World Cup
1441,1471,2024-02-20 00:31:16,highlights World Cup 2024
1442,355,2023-01-19 04:25:57,highlights Premier League
1443,1726,2023-09-03 07:57:16,replay Darts
1444,2800,2023-10-10 14:27:13,Hamilton 2023
1445,2573,2023-04-06 05:23:40,full match Verstappen
1446,3,2023-05-04 23:40:01,Verstappen
1447,2432,2023-06-24 06:29:04,replay Champions League
1448,1323,2023-10-19 16:40:09,full match Boxing
1449,2840,2024-01-23 17:20:19,interview MMA
1450,2544,2023-08-04 11:49:04,interview Verstappen
1451,1570,2024-01-27 09:25:35,highlights F1
1452,539,2023-09-10 23:09:56,replay Taylor
1453,2458,2023-02-10 17:09:44,documentary Brady
1454,642,2023-07-28 02:00:50,interview NFL
1455,1439,2024-01-03 06:10:41,Brady
1456,1832,2023-03-01 11:53:35,Champions League
1457,2581,2024-03-14 22:19:27,Mayweather
1458,2975,2023-02-14 04:31:58,highlights Super Bowl
1459,2107,2023-11-05 01:19:58,documentary Premier League
1460,2640,2023-06-24 15:44:38,full match Joshua
1461,425,2024-01-28 22:32:43,interview World Cup
1462,326,2023-10-17 01:56:45,replay Mayweather
1463,1979,2023-11-28 21:34:47,documentary Grand Prix
1464,40,2024-01-15 03:39:08,interview Joshua
1465,481,2023-02-14 05:58:56,documentary Football
1466,1593,2023-10-10 07:04:42,interview Hamilton 2023
1467,2367,2023-07-14 18:47:18,documentary Verstappen
1468,2640,2023-10-04 01:30:05,highlights Super Bowl
1469,2726,2024-03-21 01:53:49,replay MMA 2023
1470,2593,2023-01-27 09:18:15,Tennis
1471,483,2023-10-02 12:22:36,Mayweather
1472,913,2023-04-07 16:18:30,Mayweather
1473,2909,2023-08-21 14:55:28,replay Joshua
1474,65,2024-02-05 08:28:00,highlights Tennis
1475,2809,2023-12-13 17:15:18,Brady
1476,1942,2023-01-20 03:18:29,F1
1477,996,2023-10-08 20:01:34,full match Tennis
1478,2081,2024-03-15 03:48:33,MMA
1479,921,2023-04-02 05:50:50,F1
1480,2444,2024-02-27 04:04:38,highlights Darts
1481,2481,2024-01-22 05:45:11,replay Sheppard
1482,1972,2023-06-26 09:03:01,interview Football
1483,2170,2023-09-25 08:30:52,Grand Prix 2024
1484,412,2024-03-25 15:26:22,Lake Briannaborough
1485,773,2024-02-21 12:19:27,documentary Mayweather 2024
1486,686,2023-08-24 07:03:39,replay Joshua
1487,1385,2023-04-27 11:48:01,highlights Mahomes
1488,2771,2023-08-24 05:32:55,documentary Champions League
1489,780,2024-02-12 07:30:05,Tennis
1490,2297,2023-07-16 08:46:25,highlights Grand Prix
1491,1148,2023-02-25 14:55:56,highlights NFL
1492,1143,2023-11-12 00:19:55,highlights Champions League
1493,1100,2023-08-05 12:00:40,interview World Cup
1494,1017,2023-10-12 04:57:31,Tennis
1495,11,2023-04-04 13:36:17,documentary Mayweather
1496,574,2024-03-14 21:01:14,Brady 2024
1497,729,2023-09-03 11:23:54,highlights Mayweather
1498,498,2023-08-20 00:01:01,full match F1
1499,2327,2023-10-17 21:08:33,full match Grand Prix
1500,1160,2024-01-20 14:49:05,replay F1
1501,75,2023-06-15 15:56:19,replay Champions League
1502,364,2024-02-14 11:00:53,Football
1503,2737,2023-02-12 15:08:24,Hamilton
1504,40,2024-01-24 08:10:59,Mahomes
1505,2441,2023-05-18 12:40:40,NFL
1506,1558,2024-03-30 22:42:15,documentary Hamilton
1507,2185,2024-01-26 12:14:57,full match Mahomes
1508,1701,2023-08-04 21:32:03,documentary Verstappen
1509,2229,2023-08-16 12:45:17,Jesseshire
1510,602,2023-04-27 20:23:41,interview Boxing
1511,1823,2023-03-22 09:55:04,documentary Tennis 2024
1512,2357,2023-10-23 14:50:01,full match F1
1513,2853,2023-10-04 19:59:31,interview Williams
1514,623,2023-07-30 01:21:25,full match Verstappen
1515,2561,2023-03-25 13:50:55,replay Brady
1516,2702,2023-03-30 09:59:58,highlights Brady
1517,462,2024-01-07 10:21:54,full match Football
1518,1858,2023-05-23 01:03:58,full match Mahomes
1519,2048,2023-10-12 13:41:45,Norton
1520,2989,2023-01-09 04:51:57,Bull
1521,1254,2023-11-26 01:36:53,full match World Cup
1522,1979,2023-02-26 20:00:14,highlights Champions League
1523,942,2024-02-27 19:59:37,documentary Verstappen
1524,2483,2023-06-29 04:18:41,documentary Mahomes
1525,110,2023-05-02 13:46:44,highlights Mahomes
1526,464,2023-01-09 03:33:36,full match MMA
1527,1340,2023-06-19 17:25:47,documentary NFL
1528,1189,2023-05-17 12:08:48,replay NFL
1529,2111,2023-08-11 13:46:16,documentary Mayweather
1530,835,2023-06-27 00:08:47,interview Boxing
1531,2562,2023-04-01 13:40:55,Iserlohn 2023
1532,1097,2023-09-05 07:38:53,interview Tennis
1533,1881,2023-05-06 13:59:52,documentary NFL
1534,864,2024-03-17 20:33:56,replay F1
1535,386,2023-06-18 09:05:50,full match MMA
1536,205,2023-03-21 23:05:53,interview Verstappen
1537,172,2023-07-25 01:56:17,highlights Joshua
1538,418,2023-10-12 19:31:48,Mayweather
1539,1863,2023-10-13 08:20:14,full match NFL
1540,2386,2023-05-25 12:12:54,Champions League
1541,1988,2023-07-18 14:25:16,highlights Champions League
1542,502,2023-07-10 22:26:18,replay Joshua
1543,2730,2023-05-08 18:58:51,Mahomes
1544,499,2023-05-04 00:40:13,Brady
1545,372,2023-05-28 23:35:06,full match Tennis
1546,2633,2024-01-10 07:19:41,replay Verstappen
1547,729,2023-07-27 22:02:30,documentary Mayweather 2023
1548,913,2023-12-17 21:15:21,Greifswald
1549,1227,2024-02-01 10:00:54,Super Bowl
1550,2299,2023-12-23 23:26:54,Mahomes
1551,324,2023-07-09 09:34:59,documentary Joshua
1552,1142,2023-03-17 08:21:32,highlights Verstappen
1553,1090,2023-03-23 06:55:51,interview Verstappen
1554,158,2023-07-15 20:47:28,interview Tennis
1555,1824,2023-12-16 07:32:05,documentary Sherman
1556,1262,2024-03-01 21:50:39,Boxing 2023
1557,762,2023-09-24 04:16:21,interview MMA
1558,2119,2023-12-20 20:04:18,replay Mayweather 2024
1559,1498,2023-10-29 20:41:46,Joshua 2024
1560,1753,2023-01-25 16:47:23,interview NFL
1561,1236,2023-10-16 17:09:39,interview MMA
1562,2088,2024-01-03 18:52:40,documentary Champions League
1563,647,2023-05-14 03:33:38,highlights Darts
1564,1965,2023-11-07 22:48:50,F1
1565,963,2023-01-27 09:10:37,Charliemouth
1566,1964,2024-03-21 00:47:53,full match MMA
1567,863,2023-02-28 01:11:14,highlights Football
1568,2946,2023-08-24 23:30:16,interview Football
1569,247,2023-08-20 20:17:46,interview Premier League
1570,1359,2023-01-09 22:48:37,replay Darts
1571,1542,2023-08-02 05:04:26,documentary F1
1572,2302,2023-12-24 03:20:05,full match Mahomes
1573,1608,2023-02-06 08:27:36,Jones
1574,2708,2023-04-16 09:50:29,documentary Football
1575,1983,2023-03-18 06:06:53,interview Boxing
1576,2946,2023-07-03 09:10:52,documentary Hamilton
1577,1449,2024-01-27 08:35:52,highlights Verstappen
1578,2880,2024-01-09 01:06:12,highlights Champions League
1579,381,2023-03-25 17:43:14,replay Tennis 2024
1580,270,2024-01-23 11:09:44,interview Darts
1581,2183,2023-12-21 18:57:50,replay Smith
1582,1881,2023-07-21 00:59:44,highlights Darts
1583,2838,2023-12-18 21:47:16,interview Darts
1584,346,2023-02-10 23:11:55,replay Super Bowl
1585,1982,2023-07-19 20:05:07,highlights Boxing
1586,641,2024-02-24 23:24:44,full match MMA
1587,962,2023-07-06 13:39:33,Köhler
1588,46,2024-01-26 11:19:31,Super Bowl
1589,1444,2023-01-29 09:28:48,replay NFL
1590,2699,2023-02-21 00:41:41,Hamilton
1591,2146,2024-02-24 02:31:18,highlights Football
1592,1827,2023-09-02 10:16:49,documentary Darts
1593,2233,2023-04-13 01:10:30,highlights Premier League
1594,997,2024-01-25 17:16:31,replay Premier League
1595,1558,2023-12-24 20:18:45,highlights Champions League
1596,1820,2024-01-27 09:48:06,documentary Football
1597,223,2024-02-14 01:51:50,Soest 2024
1598,2102,2023-09-16 13:02:46,Champions League
1599,2339,2024-01-31 18:35:31,Grand Prix
1600,33,2024-02-27 20:20:55,replay Tennis
1601,1085,2023-05-11 14:31:55,Tennis
1602,856,2023-10-27 05:20:05,full match Super Bowl
1603,47,2024-02-06 18:38:37,highlights Premier League
1604,2429,2024-01-04 21:08:41,replay NFL
1605,1330,2023-06-24 23:56:07,highlights Football
1606,618,2023-08-11 10:46:09,Football
1607,931,2023-01-27 03:31:58,highlights Mahomes
1608,863,2024-03-09 02:53:02,full match Hamilton
1609,1553,2024-01-18 03:44:05,Meganborough
1610,2812,2023-09-22 10:01:30,interview Super Bowl
1611,2949,2023-11-25 16:04:14,Mahomes
1612,2461,2023-10-14 13:44:46,Brady
1613,1909,2024-01-12 20:24:41,Brady
1614,801,2023-11-02 23:43:26,World Cup
1615,1237,2023-12-08 22:05:05,Tennis
1616,1511,2023-03-20 04:11:00,highlights Grand Prix
1617,35,2023-01-13 06:37:31,Hamilton
1618,1691,2023-04-02 01:44:16,full match Mayweather
1619,1505,2023-01-31 15:26:13,replay MMA
1620,1999,2023-02-21 04:20:34,documentary Football
1621,1474,2023-05-18 15:00:05,full match Hamilton
1622,2441,2023-03-05 09:13:33,MMA
1623,2947,2023-08-01 12:53:46,replay Boxing
1624,493,2023-05-04 06:09:59,replay Mayweather
1625,2620,2023-01-20 04:30:09,Hamilton
1626,708,2023-10-26 23:38:37,highlights Tennis
1627,1408,2024-02-16 17:09:55,interview Verstappen
1628,2363,2023-02-18 03:41:15,Brady
1629,2605,2023-01-22 10:39:38,full match Tennis
1630,145,2023-04-09 10:55:25,interview Premier League
1631,1451,2023-01-23 10:10:00,full match F1
1632,1378,2023-07-31 06:31:14,Champions League
1633,1168,2023-05-07 20:45:08,replay Football
1634,2151,2024-02-17 20:59:47,MMA
1635,925,2024-03-09 02:39:13,documentary MMA
1636,2005,2023-09-14 17:29:36,World Cup
1637,427,2023-12-27 07:05:04,highlights Mahomes
1638,1731,2023-05-04 04:53:54,replay Darts
1639,2554,2023-07-11 17:03:44,full match Grand Prix
1640,1743,2024-01-10 21:55:28,Brady
1641,2765,2023-04-06 08:28:02,documentary World Cup 2023
1642,202,2023-08-31 11:14:33,interview Brady 2024
1643,1017,2024-02-18 09:55:02,documentary Champions League
1644,176,2023-07-06 09:03:32,F1
1645,2297,2023-08-15 02:40:25,full match Grand Prix
1646,1512,2024-02-15 05:02:55,interview Premier League
1647,2101,2023-05-09 11:39:08,full match Premier League
1648,2398,2023-10-15 22:44:44,replay Champions League
1649,1098,2023-01-23 21:47:26,replay Mahomes
1650,406,2024-01-27 20:28:12,full match Champions League
1651,1531,2023-10-24 16:23:49,replay World Cup
1652,653,2023-11-21 18:57:50,Joshua
1653,1280,2023-04-22 14:29:27,Tennis
1654,1365,2023-04-07 23:02:23,highlights NFL 2024
1655,1958,2023-09-22 14:59:07,highlights Darts
1656,1907,2023-11-15 05:34:09,documentary Grand Prix
1657,1946,2023-05-27 18:36:01,highlights Champions League
1658,180,2023-07-22 08:09:47,interview Young 2023
1659,1844,2023-11-11 07:56:03,replay Premier League
1660,2567,2023-03-07 00:07:56,full match Boxing
1661,2687,2023-10-15 15:39:11,interview Boxing
1662,2765,2023-05-05 05:15:30,replay Tennis
1663,444,2023-11-05 15:16:54,interview Clarke
1664,656,2023-01-13 19:04:56,replay Koch II
1665,376,2023-06-01 14:12:00,interview Mahomes
1666,596,2024-03-27 10:00:45,Brady
1667,2500,2024-03-12 02:06:20,interview Grand Prix
1668,1351,2023-01-26 11:06:09,documentary Joshua
1669,181,2023-01-24 10:16:32,highlights Champions League
1670,1063,2023-12-22 02:35:53,Champions League
1671,1257,2023-11-18 06:24:03,documentary Darts
1672,1027,2023-08-05 09:37:39,Verstappen
1673,1985,2023-01-23 11:37:06,Mahomes
1674,793,2023-08-11 17:05:37,documentary World Cup
1675,2439,2023-08-20 04:47:49,highlights NFL
1676,1741,2023-02-27 14:54:57,replay Fisher
1677,1868,2023-11-13 06:02:55,F1
1678,2983,2023-12-17 01:12:39,Tennis
1679,1239,2023-11-24 22:14:56,full match World Cup
1680,131,2023-07-10 13:16:41,Verstappen
1681,2458,2024-03-12 21:02:04,replay Football 2024
1682,740,2023-08-13 16:53:44,highlights Grand Prix
1683,1711,2023-10-08 09:13:39,interview Premier League
1684,1529,2023-07-26 03:18:25,documentary Woodward 2023
1685,339,2023-01-14 08:24:35,documentary Phillips
1686,2659,2023-01-22 17:28:22,full match MMA
1687,1082,2023-08-22 14:59:07,documentary F1
1688,284,2024-03-06 01:58:34,F1
1689,3,2023-08-01 04:05:10,Tennis
1690,1318,2024-03-29 14:47:16,documentary Premier League
1691,184,2023-02-02 16:41:26,Brady
1692,2119,2023-04-07 22:06:38,full match Darts
1693,1710,2023-06-29 04:45:01,replay Shirleyland
1694,864,2023-10-21 17:29:38,interview Mahomes
1695,2666,2023-08-01 09:46:47,Hamilton
1696,2631,2023-11-26 17:01:17,full match Hamilton
1697,971,2023-02-15 13:41:38,replay Mahomes
1698,1059,2023-09-15 10:05:00,highlights Hamilton
1699,2128,2023-02-09 09:05:10,full match NFL 2024
1700,1540,2024-03-09 17:11:20,Grand Prix
1701,572,2023-08-21 17:52:55,full match F1
1702,1615,2023-10-24 03:42:44,documentary Mayweather
1703,578,2024-03-16 20:08:23,replay Super Bowl
1704,1082,2024-02-22 20:13:18,highlights Grand Prix
1705,2507,2024-02-27 05:08:26,Verstappen 2024
1706,2377,2023-07-07 18:57:05,full match Darts 2024
1707,937,2023-09-10 13:53:03,full match Finchborough
1708,469,2024-02-05 11:31:16,MMA
1709,1203,2024-02-28 03:29:53,highlights Grand Prix
1710,2251,2024-02-02 07:03:29,full match NFL
1711,1266,2023-03-17 20:21:37,Bad Brückenau
1712,300,2023-11-26 16:50:45,highlights Premier League
1713,2283,2023-06-23 16:06:51,interview Hamilton
1714,1987,2023-07-05 15:58:18,interview Boxing
1715,960,2023-08-06 08:32:38,documentary Verstappen
1716,1197,2024-03-18 17:22:00,East Kimborough
1717,1735,2023-10-25 06:21:37,interview Champions League
1718,2978,2023-02-23 18:38:21,Premier League 2023
1719,792,2023-02-20 20:40:12,interview Tennis
1720,1601,2024-02-12 23:02:23,documentary Premier League
1721,1742,2023-12-17 11:14:23,documentary World Cup
1722,1186,2023-09-16 21:01:11,replay Hayesfort
1723,1890,2024-02-09 21:40:06,Boxing
1724,1075,2023-10-13 20:36:11,full match Mayweather
1725,2663,2023-10-04 18:50:04,documentary Hamilton
1726,1918,2023-10-06 05:30:57,interview World Cup
1727,2602,2023-06-16 01:00:13,replay World Cup
1728,1137,2023-08-21 21:00:17,Boxing
1729,2501,2023-10-11 16:41:03,highlights Grand Prix
1730,2982,2023-04-27 11:55:15,Darts
1731,1494,2023-01-06 08:24:38,Super Bowl 2023
1732,340,2023-11-11 11:28:04,highlights MMA
1733,1254,2023-03-30 18:33:36,highlights Joshua
1734,1850,2023-01-25 14:49:33,interview NFL
1735,2889,2023-03-13 03:06:30,replay NFL
1736,2447,2023-05-21 03:19:14,full match Grand Prix
1737,82,2023-05-12 08:57:03,replay MMA
1738,1864,2024-02-15 15:11:59,Tennis
1739,1145,2023-08-16 05:02:05,interview World Cup
1740,1049,2024-02-20 14:40:21,full match Mahomes
1741,2568,2023-03-06 18:58:37,highlights Premier League
1742,2065,2023-10-28 13:47:38,interview Mayweather
1743,287,2023-04-24 20:50:48,documentary Super Bowl
1744,515,2023-01-15 17:36:47,full match Tennis 2023
1745,2457,2024-01-09 11:00:32,Boxing
1746,1457,2023-05-03 19:05:37,documentary MMA
1747,1077,2023-07-09 22:08:30,interview Grand Prix
1748,1478,2024-03-08 12:51:27,highlights Premier League
1749,2468,2024-01-17 22:28:12,replay Mahomes
1750,1504,2023-03-28 13:50:40,replay Cameron
1751,1883,2023-08-31 23:23:53,full match Boxing
1752,2615,2023-03-20 08:14:14,replay Darts
1753,312,2023-08-02 15:28:56,Tennis 2024
1754,1786,2024-02-11 03:02:18,Mayweather
1755,613,2023-08-21 21:08:25,highlights MMA
1756,1807,2023-04-30 00:09:29,highlights Football
1757,371,2023-08-27 01:07:59,documentary Super Bowl 2024
1758,935,2023-02-07 09:35:19,Boxing
1759,976,2023-12-25 05:07:34,documentary Lake Rachel
1760,1388,2023-03-13 19:40:03,documentary NFL 2024
1761,256,2023-09-30 10:25:30,replay Super Bowl
1762,1202,2024-03-02 22:12:11,Hamilton
1763,1395,2023-03-17 21:29:52,Brady
1764,1294,2023-03-09 18:38:57,documentary Verstappen
1765,184,2023-06-21 02:41:23,Verstappen
1766,1726,2023-08-30 12:32:21,highlights NFL
1767,1967,2024-03-21 15:04:47,full match Joshua
1768,2262,2023-05-25 08:33:18,documentary MMA
1769,1333,2023-08-23 11:05:38,NFL
1770,1084,2023-02-01 23:15:32,Boxing
1771,1490,2023-11-29 22:22:11,Verstappen
1772,769,2023-09-14 21:46:22,documentary Tennis
1773,2802,2023-08-16 18:16:51,full match Grand Prix
1774,2368,2023-01-24 00:07:47,Boxing
1775,385,2023-09-20 22:00:14,documentary Joshua
1776,2631,2024-02-19 07:27:14,replay Perry
1777,390,2024-03-11 07:14:26,full match Mayweather
1778,1310,2023-08-31 19:14:07,interview Mayweather
1779,1894,2023-11-08 22:20:09,replay Football
1780,1555,2023-12-04 07:21:52,interview NFL
1781,2092,2024-03-28 15:31:27,Hamilton
1782,771,2023-06-11 16:21:40,F1
1783,1202,2023-12-31 02:45:53,highlights Klapp
1784,1362,2024-01-27 10:30:00,documentary Champions League
1785,794,2023-04-01 22:17:04,highlights Premier League
1786,654,2023-05-13 01:58:48,highlights Jacksonstad
1787,2574,2024-02-10 21:35:48,Football
1788,127,2023-01-15 07:24:40,Hamilton
1789,953,2023-12-04 17:59:17,replay Tennis 2024
1790,16,2024-03-18 14:41:44,Grand Prix
1791,9,2024-03-20 14:46:46,documentary World Cup
1792,1873,2024-03-24 13:03:25,highlights Brady
1793,2817,2023-04-23 17:20:26,replay Darts 2024
1794,1095,2023-09-03 17:53:18,replay Premier League
1795,2805,2024-03-08 01:50:00,full match Super Bowl
1796,2195,2023-02-03 07:02:22,interview Mayweather
1797,438,2023-10-03 13:18:10,replay Boxing
1798,544,2023-04-11 11:31:01,replay Verstappen
1799,1647,2023-03-10 01:59:12,highlights Mahomes
1800,2412,2023-10-05 10:05:28,Super Bowl
1801,409,2023-07-17 13:54:47,World Cup
1802,416,2023-11-28 00:40:08,highlights Jacquelineville
1803,668,2024-02-27 09:24:19,interview MMA
1804,1825,2023-04-04 21:28:41,Hamilton
1805,2392,2023-06-04 19:09:16,Football
1806,2267,2023-04-20 11:26:31,highlights Super Bowl
1807,1746,2023-10-20 05:51:07,replay Darts
1808,686,2023-10-15 02:00:47,full match Port Samuel
1809,2470,2023-09-22 20:34:42,F1
1810,1058,2023-01-08 21:07:28,Boxing
1811,2125,2023-11-23 07:14:55,full match NFL
1812,883,2024-01-24 18:57:11,replay Joshua
1813,2812,2023-11-23 08:49:41,full match Garmisch-Partenkirchen
1814,1174,2023-05-27 05:26:38,Tennis
1815,551,2023-11-14 07:19:05,interview West Pauline
1816,359,2023-03-20 09:32:35,replay Boxing 2024
1817,1081,2023-10-17 16:45:47,interview World Cup
1818,1164,2023-05-12 12:46:42,highlights MMA
1819,1154,2023-10-11 12:51:01,highlights MMA 2023
1820,1228,2023-12-07 08:11:32,highlights Mahomes 2024
1821,2423,2023-08-27 18:34:50,Montgomery
1822,2920,2024-03-14 17:11:27,MMA
1823,1711,2023-12-12 12:06:36,highlights Super Bowl
1824,2949,2023-05-17 00:05:12,full match Mayweather
1825,2254,2023-01-02 23:39:09,Mayweather
1826,1756,2023-04-17 05:10:34,full match Hamilton
1827,2924,2023-06-30 05:07:15,replay World Cup
1828,588,2023-11-21 12:36:06,interview Football
1829,225,2023-03-10 00:12:25,full match Joshua
1830,2503,2023-05-20 14:52:24,interview MMA
1831,2588,2023-04-23 20:56:56,documentary Joshua 2023
1832,2838,2024-01-17 05:46:51,documentary F1 2023
1833,1996,2024-01-20 03:32:50,interview Joshua
1834,1049,2023-05-31 10:32:25,Hamilton
1835,2043,2023-01-01 07:08:13,documentary Football 2024
1836,2694,2023-11-03 02:59:48,MMA
1837,2389,2024-02-15 14:41:53,Darts
1838,323,2023-04-27 09:33:10,documentary Joshua
1839,2197,2023-12-30 01:54:29,highlights World Cup
1840,268,2023-04-18 06:18:51,Super Bowl 2023
1841,1213,2024-02-10 09:15:35,full match World Cup
1842,1772,2023-08-10 15:53:30,documentary Hamilton
1843,8,2024-02-15 02:10:18,NFL
1844,1398,2023-03-30 08:53:31,full match Verstappen
1845,2017,2023-10-15 18:27:55,documentary Brady
1846,2881,2023-12-08 22:25:49,F1
1847,229,2023-09-11 16:38:38,interview Clarke
1848,1079,2023-11-16 22:22:50,interview Hamilton
1849,462,2023-11-04 23:21:24,replay NFL
1850,828,2023-02-15 17:31:51,full match Joshua
1851,2852,2024-01-01 10:50:50,full match World Cup
1852,1260,2023-03-30 04:14:17,interview Grand Prix
1853,1736,2023-09-09 00:48:02,interview Joshua
1854,2704,2024-01-18 22:00:54,documentary Hamilton 2024
1855,2516,2023-11-01 11:08:05,documentary Champions League 2023
1856,2504,2023-06-08 02:24:06,MMA 2023
1857,2986,2023-02-01 13:31:32,documentary MMA
1858,836,2024-03-04 00:50:06,documentary MMA
1859,684,2023-10-19 20:30:48,replay West Christopher
1860,2240,2023-02-07 02:53:00,highlights World Cup
1861,1660,2023-08-09 12:04:58,Mahomes
1862,679,2023-03-06 13:04:43,Lake Hazel
1863,43,2023-12-28 20:34:40,MMA
1864,94,2023-01-29 05:25:23,documentary NFL
1865,865,2023-08-19 13:41:31,full match Hamilton
1866,2623,2024-02-24 22:07:14,interview F1
1867,624,2024-02-25 06:01:07,replay Morgan
1868,2411,2023-01-14 22:26:21,highlights Ansbach
1869,2661,2024-03-24 12:43:21,Mahomes
1870,35,2024-01-01 17:26:59,Mayweather
1871,2165,2023-01-01 21:35:35,interview Mayweather
1872,163,2023-04-09 10:52:58,highlights Martinez 2023
1873,1792,2023-03-30 12:34:37,World Cup
1874,2594,2023-02-23 16:08:35,highlights Boxing
1875,2896,2023-03-31 11:47:10,NFL
1876,1650,2023-09-04 05:00:25,replay Football
1877,2599,2023-12-27 01:27:21,highlights Football
1878,722,2023-01-22 13:24:34,Hamilton
1879,2126,2023-10-31 20:00:45,highlights Verstappen
1880,964,2023-06-20 17:29:51,documentary Grand Prix
1881,1244,2023-07-13 23:01:03,Verstappen
1882,1420,2023-06-19 07:27:14,documentary Mayweather
1883,2791,2023-08-04 13:48:52,documentary Joshua
1884,1035,2023-10-18 22:11:25,interview Champions League
1885,2401,2023-08-24 18:06:51,highlights Brady
1886,584,2024-03-12 04:54:59,highlights Mckinney
1887,2815,2023-01-08 08:22:28,full match Mahomes
1888,1222,2024-01-02 13:28:19,Boxing
1889,277,2023-05-30 10:30:06,interview Verstappen
1890,733,2023-07-08 06:27:59,interview Darts
1891,846,2023-08-11 05:34:29,replay Sontag
1892,2895,2024-02-23 04:36:25,replay Champions League
1893,1985,2024-01-18 03:25:01,Mahomes
1894,1597,2023-09-20 10:38:36,interview Singh
1895,1163,2023-12-14 09:08:15,full match Tennis
1896,121,2023-01-22 03:50:08,full match Darts
1897,353,2023-06-25 08:49:38,replay Verstappen
1898,1891,2023-04-30 19:00:28,Tennis
1899,2928,2023-02-19 08:32:35,documentary Champions League
1900,2563,2024-03-14 12:31:32,replay Tuttlingen
1901,2943,2023-01-23 08:43:52,documentary Joshua
1902,493,2023-01-14 16:40:40,Tennis
1903,398,2023-02-13 23:51:57,replay Boxing
1904,2607,2024-03-17 20:07:56,interview Boxing
1905,465,2023-08-17 09:08:41,documentary Joshua
1906,2457,2023-10-02 13:27:45,replay Football 2023
1907,772,2023-08-21 09:05:32,Champions League
1908,1627,2023-10-28 02:29:47,Football
1909,1122,2024-03-21 12:23:04,interview Boxing
1910,2528,2023-08-30 04:10:53,interview Football
1911,1940,2023-09-06 14:02:14,interview World Cup
1912,2754,2023-06-17 10:50:05,Tennis
1913,2725,2023-02-23 09:37:48,interview Football
1914,380,2024-03-06 12:52:32,full match Football
1915,2770,2023-01-23 01:40:13,interview Boxing
1916,1760,2023-01-26 22:44:06,interview F1
1917,1477,2023-12-09 11:37:56,Joshua
1918,2848,2024-02-26 01:42:07,highlights MMA
1919,368,2023-09-28 07:22:20,documentary F1
1920,997,2023-06-07 16:30:26,Verstappen 2023
1921,943,2023-02-09 05:40:44,full match Boxing
1922,1570,2023-11-06 04:44:31,replay Mayweather
1923,2306,2023-09-24 10:58:17,interview Champions League
1924,1502,2023-04-10 23:24:30,Mahomes
1925,2528,2024-01-16 21:02:46,Mahomes 2024
1926,293,2023-05-08 22:18:03,documentary Football
1927,1803,2023-07-22 10:02:18,interview Tennis
1928,1450,2023-05-01 08:31:17,Champions League
1929,553,2023-01-25 05:11:09,full match F1
1930,1803,2023-06-05 04:59:21,full match Mahomes 2023
1931,830,2023-05-22 23:28:34,West Laurabury
1932,515,2023-08-22 08:43:31,interview Hamilton
1933,1110,2023-12-07 04:49:15,Brady
1934,1635,2024-03-18 19:41:06,full match Football
1935,2904,2023-06-24 01:30:36,replay NFL 2023
1936,2021,2023-03-10 04:39:44,highlights Tennis
1937,603,2024-03-05 21:36:38,NFL
1938,1724,2023-03-04 12:51:30,replay Tennis
1939,347,2023-05-15 17:42:45,full match Schottin
1940,1458,2023-07-13 03:44:02,highlights Darts
1941,1353,2023-01-03 20:15:51,interview Hamilton
1942,1950,2023-07-08 13:55:10,documentary Darts
1943,294,2024-01-01 16:34:31,full match Football
1944,1170,2023-02-03 03:15:33,documentary F1 2023
1945,2350,2023-11-22 06:19:05,interview MMA 2023
1946,2682,2024-01-12 15:57:49,highlights Premier League
1947,2565,2023-04-05 05:26:01,interview Bowman
1948,1058,2023-12-09 02:32:36,full match Brady
1949,1390,2023-02-10 15:40:27,replay Grand Prix
1950,985,2023-05-29 23:36:04,interview Mayweather
1951,1098,2023-06-12 21:59:38,Boxing
1952,1077,2023-05-29 12:37:26,interview Tennis
1953,166,2023-06-28 18:31:31,Joshua 2023
1954,1837,2023-09-01 16:32:10,F1
1955,1885,2023-08-10 07:05:02,highlights Brady
1956,2975,2023-12-19 12:16:00,Mayweather
1957,2358,2023-02-12 07:51:11,MMA
1958,2679,2023-07-25 17:19:07,Football
1959,1913,2023-12-25 13:23:39,full match Football
1960,1275,2023-08-20 14:23:13,F1
1961,1333,2023-12-07 06:56:07,highlights Tennis
1962,2903,2023-06-23 14:48:45,interview Darts
1963,1927,2024-01-09 04:05:52,replay NFL
1964,1396,2023-09-05 06:28:17,replay World Cup
1965,561,2023-06-14 15:28:12,replay Darts
1966,1316,2023-06-08 12:47:47,replay Premier League
1967,2052,2023-12-02 23:03:53,replay MMA
1968,307,2023-12-18 16:49:10,interview Football
1969,794,2023-02-07 11:30:10,Joshua
1970,1854,2023-10-09 15:55:10,full match Mendoza
1971,1066,2024-01-07 04:47:34,highlights Boxing
1972,1002,2023-07-29 04:27:43,documentary Darts
1973,371,2023-05-17 02:02:45,replay Port Rachel
1974,466,2023-06-23 13:05:16,NFL
1975,264,2024-01-27 21:09:13,Premier League
1976,952,2023-09-05 21:08:30,Darts
1977,1877,2023-12-29 21:27:21,full match Hahn 2024
1978,1853,2024-01-10 21:04:50,documentary Hamilton
1979,745,2023-04-11 21:41:23,NFL
1980,468,2023-01-04 06:04:11,highlights Boxing
1981,718,2023-04-07 20:49:06,documentary Football
1982,1081,2023-09-17 07:24:28,interview NFL
1983,231,2023-01-04 01:02:17,full match Mayweather
1984,785,2023-03-10 05:36:22,replay Football
1985,2662,2023-01-24 04:15:23,documentary Hamilton 2023
1986,2705,2023-03-17 05:41:19,interview F1
1987,1360,2023-01-26 04:52:52,Champions League
1988,507,2023-03-15 17:43:27,Mayweather
1989,1779,2023-06-17 03:07:58,Hamilton
1990,2887,2023-05-27 21:09:18,replay Joshua
1991,919,2023-06-05 23:47:27,documentary Darts
1992,2451,2024-02-14 02:42:05,full match Champions League
1993,8,2023-08-04 20:34:14,Boxing
1994,2381,2023-06-18 17:54:56,Stumpf
1995,330,2023-03-17 02:05:29,replay Premier League
1996,2596,2023-05-16 17:19:43,full match Diaz
1997,1256,2023-07-11 06:04:10,replay Mayweather
1998,2663,2023-05-26 10:21:27,replay Darts
1999,1293,2023-08-29 15:10:33,Mayweather
2000,725,2023-03-11 21:00:31,full match Verstappen
2001,592,2023-07-24 01:16:06,Football 2023
2002,98,2023-04-04 19:13:54,full match NFL
2003,1099,2023-11-30 08:15:58,Grand Prix
2004,1663,2023-05-30 18:55:41,replay Premier League
2005,2903,2024-03-09 15:58:15,Boxing
2006,576,2023-11-22 04:15:46,highlights Football
2007,1840,2023-05-15 12:33:03,interview Brady
2008,781,2023-02-27 14:25:49,Hamilton
2009,2503,2024-03-07 19:49:18,Mahomes
2010,324,2023-07-01 08:13:46,replay Mahomes
2011,2907,2023-09-08 02:07:54,documentary Tennis
2012,779,2023-11-22 21:08:33,replay Darts
2013,776,2023-06-18 09:23:27,Grand Prix
2014,612,2023-06-19 09:00:41,documentary Darts
2015,177,2023-03-02 20:13:31,documentary Brady 2024
2016,2761,2024-02-17 05:19:35,interview MMA
2017,2283,2023-10-15 05:52:06,interview Spencer
2018,1538,2023-11-16 18:43:47,replay Darts
2019,1271,2023-09-17 09:12:25,interview Boxing
2020,1769,2023-09-27 16:59:55,Super Bowl
2021,2225,2023-04-03 16:47:03,highlights Darts
2022,1821,2023-12-01 06:28:11,Tennis 2024
2023,1910,2023-09-09 14:46:08,documentary Mayweather 2024
2024,2236,2023-06-01 02:42:31,Super Bowl
2025,2752,2023-07-04 03:37:17,Football
2026,308,2023-03-14 17:25:26,interview Premier League
2027,609,2024-01-02 03:57:39,replay Premier League
2028,767,2023-11-15 23:36:09,Brady
2029,1293,2023-09-29 18:17:15,highlights Football
2030,2914,2023-12-19 01:27:03,Brown
2031,1186,2023-07-08 07:13:13,replay Boxing 2023
2032,1403,2023-08-30 14:29:26,interview Champions League
2033,1895,2023-10-16 19:38:47,replay Football
2034,2942,2023-07-02 02:59:43,replay Brady
2035,1226,2023-09-06 15:16:02,interview Champions League
2036,2245,2023-05-21 09:26:36,full match Tennis
2037,908,2023-10-06 11:25:55,Brady
2038,170,2023-03-23 06:05:55,Mahomes
2039,440,2024-02-10 14:10:03,interview MMA
2040,2285,2023-05-19 07:23:47,Premier League
2041,2074,2023-10-29 02:42:43,Champions League
2042,985,2024-01-26 13:28:54,interview Joshua
2043,86,2023-03-27 04:56:54,Hamilton
2044,196,2023-06-26 05:29:47,World Cup
2045,976,2023-10-30 06:47:51,documentary MMA
2046,1089,2023-02-11 06:00:39,highlights Premier League
2047,2247,2024-02-11 01:55:56,Mahomes
2048,2042,2023-02-05 11:30:47,highlights Premier League
2049,568,2023-03-05 08:41:33,replay Super Bowl
2050,2037,2023-01-29 03:34:46,documentary Mayweather 2023
2051,1401,2023-05-17 06:02:58,Williamsport
2052,1479,2023-03-24 19:31:02,highlights Boxing
2053,1702,2023-03-06 12:22:17,interview Hamilton
2054,1912,2023-07-22 14:51:34,Football
2055,1990,2023-04-06 02:42:25,Husum
2056,689,2023-10-15 09:19:04,interview Brady
2057,262,2023-01-23 07:09:13,Edwards
2058,994,2023-08-08 22:35:23,documentary Grand Prix
2059,317,2023-06-24 08:56:37,interview NFL
2060,2993,2023-07-26 21:43:31,highlights Verstappen
2061,168,2023-08-02 07:31:20,full match Boxing
2062,2764,2023-09-29 05:20:01,Mahomes 2023
2063,1052,2024-01-22 21:59:46,interview Brady
2064,1755,2023-01-13 06:31:09,highlights East Dorothystad
2065,2882,2023-07-22 08:00:35,F1
2066,1741,2023-12-21 20:36:19,highlights Football 2024
2067,438,2023-07-21 05:41:23,full match NFL 2023
2068,2387,2023-11-09 23:02:23,full match Joshua
2069,1643,2023-03-10 12:32:27,replay Boxing
2070,1648,2023-05-06 05:50:34,Hamilton
2071,2255,2023-10-28 18:03:50,Joshua
2072,792,2023-03-11 23:09:02,full match Verstappen
2073,2615,2024-03-30 15:38:57,documentary Joshua
2074,1726,2023-08-15 10:01:52,highlights Verstappen
2075,935,2023-09-16 01:41:26,interview World Cup
2076,609,2023-11-07 23:18:08,highlights Mayweather
2077,1909,2023-06-28 23:53:59,F1
2078,1471,2023-10-20 11:59:45,highlights Joshua
2079,438,2023-10-22 07:23:44,highlights Brady
2080,2902,2023-04-12 16:02:14,interview Joshua
2081,267,2024-01-18 04:55:03,documentary NFL
2082,2761,2023-08-17 01:34:54,documentary Boxing 2023
2083,2002,2024-03-28 00:55:38,Boxing
2084,1755,2023-11-22 08:48:16,Super Bowl
2085,2292,2023-05-10 17:38:16,highlights Mahomes
2086,751,2024-03-23 20:48:25,replay Super Bowl
2087,1559,2023-09-30 02:53:23,Football
2088,1571,2023-08-05 22:42:24,highlights Mahomes
2089,1228,2024-01-18 04:17:52,documentary Hamilton
2090,2602,2023-12-06 20:50:38,replay F1
2091,118,2023-11-25 08:12:10,replay F1
2092,1358,2023-07-14 07:50:09,documentary Mahomes
2093,1937,2024-02-09 09:14:19,replay Nabburg
2094,1184,2023-07-17 15:06:43,full match Reedstad 2023
2095,1046,2023-02-21 23:39:49,replay F1
2096,764,2023-05-18 00:39:49,interview Premier League 2024
2097,472,2024-03-05 08:20:04,highlights Brady
2098,148,2023-12-24 10:42:29,Mahomes
2099,402,2023-08-10 18:49:59,interview Premier League 2023
2100,2150,2024-01-29 11:48:16,interview World Cup
2101,2758,2023-07-05 08:29:49,highlights Grand Prix
2102,992,2023-06-05 09:43:25,Mahomes
2103,2201,2023-02-02 19:49:49,highlights MMA 2023
2104,2259,2023-01-05 02:33:12,documentary F1
2105,2241,2023-03-19 16:07:35,highlights Boxing
2106,391,2023-05-02 21:22:59,F1
2107,1981,2023-03-17 09:25:12,Gibbonsside
2108,825,2024-02-06 01:17:42,highlights MMA
2109,1153,2023-12-28 21:27:38,documentary Tennis
2110,1932,2024-03-14 09:14:40,Premier League
2111,1206,2023-10-06 13:17:18,F1
2112,2827,2023-07-28 11:23:48,Pirmasens
2113,1575,2023-12-09 09:25:03,replay F1 2024
2114,2093,2024-01-19 22:52:23,replay Hamilton
2115,2607,2023-03-29 08:17:55,Mahomes
2116,882,2024-03-13 13:01:42,full match Grand Prix
2117,650,2023-07-30 13:46:46,documentary Jaredland
2118,2698,2023-07-20 08:48:51,highlights Mayweather
2119,1848,2023-06-09 03:23:08,highlights Verstappen 2024
2120,1061,2023-02-15 13:55:28,full match Nancyville
2121,259,2023-04-22 15:15:57,documentary Champions League
2122,557,2023-06-05 15:53:45,full match F1
2123,1367,2023-03-24 13:38:29,Joshua
2124,1291,2023-02-04 01:03:31,interview Tennis
2125,1421,2023-10-19 14:24:35,Joshua
2126,2381,2023-07-04 08:28:03,documentary MMA
2127,2430,2024-03-02 05:13:20,replay World Cup
2128,2740,2023-01-04 22:10:30,Premier League
2129,2727,2023-03-03 14:39:10,replay Suhl 2023
2130,2919,2023-01-07 21:25:50,interview F1
2131,1788,2023-08-04 08:20:25,documentary Champions League
2132,2467,2023-10-21 14:37:27,highlights Football
2133,1906,2023-01-23 15:09:05,replay Football
2134,1805,2023-04-03 18:46:39,full match Football
2135,17,2023-10-04 19:45:57,replay F1
2136,2331,2023-03-08 06:23:18,Hamilton
2137,2730,2023-07-23 09:48:44,full match Padilla
2138,1201,2023-03-06 02:47:45,Tennis
2139,1395,2024-03-27 12:08:39,replay NFL
2140,1279,2023-09-02 22:52:09,full match Champions League
2141,1672,2024-01-06 17:31:10,MMA 2023
2142,631,2023-06-20 09:40:18,highlights South Brianna
2143,2723,2023-06-12 04:55:13,Premier League
2144,830,2023-02-10 02:59:51,interview Football
2145,28,2023-06-02 16:32:02,interview F1
2146,1046,2023-02-10 05:03:06,NFL
2147,1303,2024-03-01 22:16:50,full match Goodman
2148,2828,2023-10-03 22:40:05,Grand Prix
2149,653,2023-12-04 21:24:53,Tennis
2150,5,2024-02-23 23:38:53,replay Super Bowl
2151,815,2023-10-02 16:04:40,full match Joshua
2152,2361,2023-07-03 09:38:54,highlights NFL
2153,2866,2024-03-02 01:13:58,World Cup
2154,1475,2024-03-17 06:57:19,replay Grand Prix
2155,424,2023-08-08 13:51:35,documentary F1
2156,1115,2023-07-28 02:44:25,Hernandez
2157,596,2023-03-28 08:54:56,full match Football
2158,2240,2024-03-27 06:53:05,interview Mayweather
2159,165,2024-03-09 22:11:40,replay Super Bowl
2160,985,2023-01-11 09:20:02,interview Premier League
2161,40,2023-09-03 20:47:00,full match Hamilton
2162,2578,2024-02-02 23:13:25,replay F1
2163,2516,2023-11-21 23:27:00,Joshua
2164,1751,2023-04-02 23:33:42,documentary Cooper
2165,827,2023-04-14 00:57:40,interview Joshua 2024
2166,809,2023-07-08 14:24:36,full match F1
2167,2944,2024-02-13 10:41:21,interview MMA
2168,1770,2023-05-21 15:29:17,highlights Mayweather
2169,695,2024-03-20 17:11:38,interview Mahomes
2170,2955,2024-02-14 17:03:34,full match Boxing
2171,1799,2023-05-25 11:27:47,documentary MMA
2172,142,2023-09-20 09:41:15,replay Tennis
2173,1095,2024-02-24 10:50:41,Hamilton
2174,765,2024-01-22 02:12:35,replay Boxing
2175,910,2023-12-12 03:09:58,full match MMA
2176,1877,2023-09-18 13:22:58,replay Mayweather
2177,951,2023-06-20 01:05:13,interview Champions League 2023
2178,2524,2023-01-03 16:46:39,full match World Cup
2179,133,2024-03-18 02:11:36,full match Boxing
2180,963,2023-06-21 04:29:33,highlights Mayweather
2181,1715,2024-03-03 03:23:05,full match Joshua
2182,1042,2023-08-13 19:56:45,documentary Champions League
2183,2495,2024-01-05 05:54:18,Mayweather
2184,2666,2023-08-10 01:17:33,replay Grand Prix
2185,939,2023-09-25 12:29:21,documentary New Malcolmfurt
2186,2479,2023-12-14 00:22:05,full match Boxing
2187,507,2024-01-10 10:08:04,Boxing
2188,1959,2023-04-11 06:36:04,full match Brady
2189,2192,2023-04-23 06:44:44,full match Verstappen
2190,935,2023-01-20 22:16:44,Joshua
2191,2968,2024-02-01 10:46:53,highlights F1
2192,1519,2023-12-14 13:39:29,highlights Darts
2193,70,2023-02-07 11:54:56,full match Darts
2194,2470,2023-01-09 10:25:46,full match Super Bowl
2195,647,2023-07-17 08:01:36,documentary Premier League
2196,2931,2023-10-24 20:17:15,Verstappen
2197,92,2024-01-31 04:25:24,F1 2024
2198,59,2023-03-04 03:02:01,highlights Mayweather
2199,363,2023-02-16 09:04:01,Hamilton
2200,2379,2023-06-18 17:40:05,highlights Brady
2201,928,2023-07-17 01:28:22,Brady
2202,2998,2024-01-26 10:01:54,Huhn
2203,1082,2023-07-07 18:27:30,Mahomes
2204,1918,2023-05-28 06:23:06,interview Premier League
2205,2543,2023-09-17 10:40:45,documentary World Cup 2024
2206,294,2023-03-13 19:03:17,replay F1
2207,2001,2024-01-20 09:33:00,full match New Andrew
2208,1388,2024-03-13 09:07:53,replay NFL
2209,1415,2024-02-15 21:41:34,highlights Boxing 2024
2210,1899,2024-02-18 13:04:34,replay Brady
2211,202,2023-11-30 21:41:19,replay MMA
2212,2834,2024-01-25 16:02:45,Brady
2213,654,2023-06-02 05:28:35,replay Boxing
2214,597,2023-06-24 05:46:46,replay Super Bowl
2215,1225,2024-01-30 19:13:22,documentary Darts
2216,2993,2023-09-07 08:50:48,documentary NFL
2217,1004,2023-10-08 03:48:45,documentary Darts
2218,2167,2024-02-27 09:27:44,Premier League
2219,2581,2023-09-12 18:42:08,highlights NFL 2024
2220,2355,2023-02-02 11:12:09,highlights Boxing
2221,1640,2024-03-10 08:51:28,interview Hamilton
2222,1358,2023-03-02 09:22:43,full match Mayweather
2223,3,2023-07-28 06:02:58,full match NFL
2224,1851,2023-01-28 13:11:50,replay Champions League
2225,1610,2023-12-06 14:24:35,Mayweather
2226,255,2023-05-25 07:02:41,replay Mahomes
2227,1254,2023-10-08 19:17:17,replay Darts
2228,2680,2023-02-14 01:48:28,documentary Hamilton 2024
2229,887,2023-01-29 12:54:47,interview NFL
2230,2903,2023-05-13 02:07:34,Verstappen 2023
2231,2112,2023-06-29 03:00:49,highlights MMA
2232,1583,2023-02-17 21:39:50,interview Phillips
2233,937,2023-10-13 12:53:58,replay World Cup
2234,1248,2023-08-05 18:11:02,interview Football
2235,584,2023-05-18 21:25:38,Football
2236,1517,2024-01-04 02:39:28,Mahomes
2237,613,2023-08-03 04:21:25,Verstappen
2238,479,2023-05-10 06:30:44,interview Hamilton
2239,1693,2023-03-27 04:43:50,full match Joshua
2240,132,2023-08-17 23:20:10,full match Grand Prix
2241,1476,2023-03-28 08:48:44,Anklam 2024
2242,2883,2023-07-09 16:30:57,documentary Mayweather
2243,2857,2024-03-03 08:59:30,interview Grand Prix
2244,829,2023-03-20 07:46:37,highlights Super Bowl 2023
2245,940,2024-02-16 17:10:09,Tennis
2246,506,2023-11-26 19:26:43,Football
2247,2641,2023-06-04 12:09:59,replay F1
2248,549,2023-05-17 12:51:21,full match Hamilton 2023
2249,298,2023-09-22 00:18:33,Premier League
2250,633,2023-09-03 14:24:38,replay Super Bowl
2251,2513,2023-07-13 13:53:51,documentary Premier League
2252,458,2024-02-18 04:41:07,highlights Hövel
2253,1827,2023-09-05 09:07:27,interview New Frederick
2254,2003,2024-03-08 22:48:02,replay Darts
2255,58,2024-01-21 10:19:21,replay World Cup
2256,2490,2023-01-22 03:50:46,full match F1
2257,2442,2024-03-21 00:00:34,Boxing
2258,666,2023-05-18 15:02:01,full match Hamilton
2259,2393,2024-01-24 00:59:19,highlights Grand Prix
2260,2157,2023-02-22 11:08:14,interview Super Bowl
2261,2705,2023-09-22 10:42:13,replay Brady
2262,2858,2023-04-18 16:15:19,full match Super Bowl
2263,1846,2023-04-01 21:00:40,Mayweather
2264,905,2023-11-28 12:13:17,replay Hamilton
2265,823,2023-04-24 23:41:31,Bautzen
2266,2585,2023-05-08 12:15:46,highlights Verstappen
2267,1534,2023-08-25 20:34:14,documentary NFL
2268,2680,2023-04-06 05:21:48,full match Darts
2269,440,2023-07-27 02:03:38,full match Thompson
2270,2792,2023-12-31 04:45:02,documentary Tennis
2271,2232,2023-11-22 08:15:13,interview Joshua
2272,843,2023-01-02 11:32:45,highlights Football
2273,1089,2023-12-29 17:17:18,full match World Cup
2274,771,2023-01-22 04:14:32,Hamilton
2275,586,2023-07-28 10:21:57,Grand Prix
2276,2643,2023-06-07 07:51:32,replay Super Bowl
2277,61,2023-12-04 08:31:42,interview Bremervörde
2278,2070,2023-09-23 08:30:57,interview Football 2024
2279,2063,2023-08-04 01:37:53,interview Champions League 2023
2280,1608,2023-03-26 21:47:22,full match Football
2281,2306,2023-07-15 14:46:41,Boxing
2282,2173,2023-10-31 17:40:56,highlights Tennis
2283,102,2023-11-10 17:10:13,Football
2284,1517,2023-07-13 23:56:38,Harloff
2285,1649,2023-12-04 18:11:09,interview Joshua
2286,2691,2023-12-21 20:48:00,Tennis
2287,679,2024-03-14 03:00:40,full match Tennis 2024
2288,857,2023-12-22 01:34:26,highlights Hamilton 2023
2289,1931,2023-02-02 18:27:40,Mayweather
2290,1604,2024-01-14 09:57:07,documentary Football
2291,2520,2023-06-04 00:37:27,interview Boxing
2292,182,2023-04-21 01:14:22,documentary NFL
2293,2287,2023-01-12 01:06:50,documentary Hamilton
2294,242,2023-03-12 23:45:47,documentary MMA 2024
2295,2499,2024-02-24 05:03:16,highlights Nicholastown
2296,1466,2023-11-01 15:04:13,full match Mayweather
2297,1726,2023-06-04 20:52:50,documentary World Cup
2298,502,2023-10-24 02:40:36,World Cup
2299,1292,2023-04-26 14:52:33,interview Grand Prix
2300,1288,2023-09-20 08:50:35,interview Darts
2301,905,2024-01-24 15:38:21,full match Tennis
2302,2063,2023-06-13 22:15:29,Tennis
2303,1631,2024-03-05 17:09:25,documentary Tennis
2304,1520,2023-10-04 11:21:49,full match Tennis
2305,1071,2024-01-11 02:14:57,full match Verstappen
2306,679,2024-02-16 20:20:34,Brady
2307,241,2023-04-26 21:28:17,interview Mahomes 2024
2308,1710,2023-08-09 11:00:19,documentary Darts
2309,37,2023-06-17 00:47:21,World Cup
2310,2495,2023-06-15 22:05:19,full match Super Bowl
2311,1879,2023-11-17 11:07:24,documentary Tennis
2312,2174,2023-02-15 11:53:38,Brady
2313,884,2023-04-05 06:36:00,documentary World Cup 2023
2314,2769,2023-07-13 05:33:37,highlights MMA
2315,1531,2023-02-16 09:12:22,Joshua
2316,1056,2023-05-27 13:06:09,Grand Prix
2317,471,2024-01-16 17:44:36,F1
2318,2455,2024-03-25 08:39:47,Boxing
2319,467,2024-02-21 01:21:49,full match Hamilton
2320,2813,2023-10-05 17:59:59,Super Bowl
2321,101,2023-06-29 12:00:04,replay Darts
2322,1221,2023-07-21 02:27:17,documentary Martin
2323,2328,2023-04-01 00:01:39,Boxing
2324,2881,2023-03-05 10:12:44,Brady
2325,803,2023-05-02 23:27:34,full match F1
2326,1162,2023-12-24 19:25:02,documentary F1
2327,2990,2023-05-29 07:19:46,Super Bowl 2024
2328,1831,2023-10-28 07:18:25,Premier League
2329,767,2023-08-08 15:03:23,Mahomes
2330,1825,2023-07-10 17:06:11,highlights Boxing
2331,149,2023-09-30 08:23:22,Brady
2332,284,2023-05-23 06:11:51,Mayweather
2333,140,2024-02-15 07:06:38,Tennis
2334,2798,2023-08-15 00:45:46,documentary Port Brenda
2335,2107,2024-03-21 11:15:32,documentary World Cup 2024
2336,1380,2023-09-23 04:12:03,highlights Mayweather
2337,2812,2023-04-18 01:24:34,documentary Tennis
2338,2462,2024-02-22 05:27:57,documentary Premier League
2339,2838,2023-03-23 22:49:03,documentary Mayweather
2340,630,2023-09-17 01:23:46,Joshua
2341,550,2023-04-29 06:29:14,interview Darts
2342,897,2023-12-25 22:21:28,interview Maryside
2343,2789,2023-04-17 18:41:17,replay NFL
2344,961,2024-02-18 03:09:10,interview Tennis
2345,153,2024-03-24 16:47:56,highlights Joshua 2023
2346,35,2023-08-06 06:14:11,Joshua
2347,1880,2024-03-04 12:17:30,full match Tennis
2348,2361,2023-10-24 10:33:47,World Cup
2349,2236,2023-08-16 08:18:54,replay Super Bowl
2350,212,2023-05-29 08:42:42,documentary Champions League
2351,2357,2023-04-14 19:21:26,World Cup
2352,549,2023-10-12 06:31:52,Mayweather
2353,2006,2023-05-05 05:32:50,replay Champions League
2354,1556,2023-08-17 21:55:58,highlights F1
2355,152,2023-11-14 05:09:02,highlights Joshua
2356,1085,2024-01-05 05:46:50,highlights F1
2357,913,2023-11-15 16:52:34,replay Hamilton
2358,2968,2023-12-04 04:27:45,interview Super Bowl
2359,791,2023-10-20 15:20:33,documentary Mahomes
2360,1864,2023-01-13 19:54:29,interview MMA
2361,2842,2024-03-23 18:55:14,highlights World Cup
2362,1560,2023-12-09 02:15:38,documentary Verstappen
2363,1637,2023-11-25 15:45:10,Hamilton
2364,2442,2023-10-09 18:32:34,Champions League
2365,1075,2023-03-26 11:19:00,interview Boxing
2366,2572,2023-09-14 12:45:52,full match Tennis 2024
2367,2164,2023-03-12 20:55:37,replay F1
2368,162,2023-12-16 02:51:22,interview Super Bowl
2369,1710,2023-10-12 06:10:25,Mayweather
2370,1076,2023-12-08 18:05:44,highlights Football
2371,188,2023-03-22 20:24:55,highlights Super Bowl
2372,178,2023-09-04 10:43:09,full match Grand Prix
2373,2508,2024-02-26 15:09:49,highlights World Cup
2374,1089,2023-01-25 12:51:40,full match Mahomes
2375,2224,2023-11-18 00:56:35,full match Grand Prix
2376,735,2023-11-16 22:51:32,full match Brady
2377,930,2023-02-24 06:11:12,documentary Boxing
2378,2975,2024-01-08 23:52:59,Klemt
2379,1249,2023-09-09 11:52:57,documentary Premier League 2024
2380,618,2023-08-21 05:43:43,highlights Boxing
2381,1806,2023-04-29 07:42:14,highlights Tennis
2382,1120,2023-02-22 10:05:41,documentary Darts
2383,2466,2023-08-06 06:31:42,interview Football
2384,2967,2023-09-12 18:03:16,replay Tennis
2385,798,2023-11-12 16:32:13,Mahomes
2386,402,2023-03-04 03:38:06,full match Boxing
2387,907,2024-03-13 06:05:13,documentary Tennis
2388,2741,2024-01-11 09:48:43,Premier League
2389,905,2023-08-10 14:22:43,interview Boxing
2390,2494,2023-05-16 23:05:03,replay Verstappen 2024
2391,1680,2023-03-18 00:12:32,Premier League
2392,2889,2023-06-01 22:51:14,interview Brauntown
2393,2984,2024-03-24 09:53:32,replay Super Bowl
2394,633,2024-02-29 08:28:04,Hamilton
2395,2428,2023-07-15 04:55:19,interview MMA
2396,516,2023-12-31 18:04:29,full match F1
2397,1849,2023-07-14 13:18:31,NFL
2398,940,2023-05-21 14:28:58,highlights Schwabmünchen
2399,732,2023-12-23 03:44:09,documentary Grand Prix
2400,63,2023-02-03 23:47:22,replay NFL
2401,1492,2023-05-21 12:37:22,documentary Premier League
2402,2904,2023-02-19 04:02:00,Football
2403,487,2023-01-21 07:01:58,documentary Premier League
2404,2645,2023-02-25 15:13:08,replay Super Bowl
2405,497,2023-06-28 04:07:54,Super Bowl
2406,2423,2023-02-13 13:17:42,replay Football
2407,192,2023-01-12 23:04:50,Super Bowl
2408,1677,2023-11-03 17:12:58,highlights Hamilton 2024
2409,1627,2023-09-08 21:04:46,Premier League 2023
2410,875,2023-07-31 19:38:25,replay Hamilton
2411,976,2023-01-04 05:06:30,documentary Champions League
2412,1835,2023-06-26 03:17:41,full match Martinezchester
2413,1463,2023-01-17 10:00:26,replay Champions League 2024
2414,2400,2024-02-06 08:48:39,interview MMA
2415,2785,2023-03-15 05:33:25,documentary Football
2416,1234,2023-03-10 05:46:25,Brady
2417,2361,2023-04-26 03:02:20,Hamilton
2418,419,2023-02-22 11:02:32,Verstappen
2419,174,2023-04-24 23:36:58,replay Mayweather
2420,1597,2023-07-16 01:38:07,full match F1 2023
2421,2061,2023-11-25 12:36:41,full match Mahomes 2024
2422,2217,2023-10-02 07:14:10,documentary Hamilton
2423,543,2024-01-17 22:57:40,documentary MMA
2424,2921,2023-11-28 21:53:45,highlights Mahomes
2425,996,2024-01-03 17:24:00,interview NFL 2024
2426,1860,2023-10-22 06:50:51,full match NFL 2023
2427,401,2023-10-19 21:29:14,highlights World Cup
2428,2778,2023-07-16 00:33:49,highlights Weller
2429,2204,2024-01-17 09:18:37,full match NFL
2430,2322,2023-10-01 05:26:31,documentary Rostock 2023
2431,1185,2023-10-26 14:04:54,highlights Tennis
2432,2654,2023-08-13 01:04:48,interview Premier League
2433,245,2023-05-06 00:52:20,replay Super Bowl
2434,1938,2023-08-09 17:11:46,documentary Hamilton
2435,1182,2023-10-07 16:34:37,Mayweather
2436,610,2024-03-21 15:50:15,documentary F1
2437,1614,2023-08-09 12:02:13,documentary Tennis
2438,1835,2023-12-06 09:33:11,replay Premier League
2439,2355,2023-12-11 17:00:48,full match World Cup
2440,418,2023-06-07 16:03:15,Premier League
2441,2116,2023-11-12 16:31:50,full match Brady
2442,2105,2023-01-19 13:34:34,full match Stadtsteinach 2024
2443,1625,2023-03-19 13:37:24,documentary Super Bowl
2444,783,2023-03-24 04:26:14,full match Darts
2445,1568,2023-03-28 06:06:42,full match South Andrea
2446,1999,2023-09-27 20:55:01,highlights MMA
2447,2089,2023-08-26 14:06:42,interview Super Bowl 2023
2448,217,2023-05-24 03:18:52,full match Grand Prix
2449,2155,2023-06-27 15:56:30,documentary NFL 2023
2450,2214,2024-03-06 00:33:39,NFL
2451,982,2023-08-20 15:41:05,replay World Cup
2452,224,2023-06-18 11:21:59,replay Joshua
2453,2989,2023-04-29 17:54:39,Football
2454,420,2023-08-13 23:34:59,documentary Darts
2455,1264,2023-02-14 15:15:44,documentary F1
2456,851,2023-05-19 02:27:45,interview Morris
2457,1048,2023-10-26 15:30:55,full match Hamilton
2458,2133,2023-04-27 22:09:47,documentary Verstappen
2459,1020,2023-07-10 16:33:37,replay Lloyd
2460,2226,2024-01-02 15:30:49,Darts
2461,1807,2023-09-01 19:45:24,Darts
2462,1734,2023-11-12 20:57:47,documentary Darts
2463,2371,2023-08-04 18:14:21,documentary Mahomes 2024
2464,2231,2023-03-18 02:54:06,documentary MMA
2465,2313,2024-03-24 02:06:46,interview Brady
2466,2812,2023-07-16 10:31:28,replay Hamilton
2467,347,2023-06-17 02:40:41,highlights Darts
2468,1858,2023-05-11 21:27:36,documentary Premier League 2024
2469,1321,2023-12-04 17:36:25,Football
2470,823,2023-09-17 04:15:08,Football
2471,331,2023-06-30 07:56:18,highlights Hamilton
2472,2721,2023-08-28 11:17:34,full match Brady 2023
2473,1294,2023-12-17 04:04:15,interview MMA 2024
2474,383,2024-01-01 17:46:22,documentary World Cup
2475,1104,2023-07-29 18:29:15,full match Mayweather
2476,991,2023-11-19 07:00:31,highlights Mahomes
2477,2312,2023-01-20 12:21:23,highlights Hamilton
2478,2521,2023-02-15 09:00:36,Premier League 2024
2479,1460,2023-04-03 07:53:47,replay Misicher
2480,1334,2024-01-10 09:18:18,full match Premier League
2481,883,2023-12-19 14:58:06,replay Morgan
2482,1788,2023-11-26 16:45:54,highlights F1
2483,2385,2023-10-19 04:23:27,full match Verstappen
2484,74,2023-01-27 18:08:34,documentary Hamilton
2485,858,2023-11-03 21:11:21,Mayweather
2486,2022,2023-03-11 03:48:49,Brady
2487,1818,2023-06-25 04:42:01,replay Grand Prix
2488,2547,2023-05-18 00:14:15,Brady
2489,617,2023-01-25 21:48:44,highlights Darts
2490,1582,2024-02-09 21:25:47,documentary World Cup
2491,43,2023-07-30 15:05:20,Super Bowl
2492,132,2024-03-06 12:20:20,full match Mahomes
2493,591,2023-08-18 06:09:54,highlights Verstappen
2494,725,2023-12-22 17:45:52,interview Grand Prix 2024
2495,2513,2024-02-10 13:43:36,World Cup
2496,1049,2023-11-28 03:12:03,Joshua
2497,721,2023-05-16 01:46:58,NFL
2498,1748,2023-05-13 23:00:00,Brady
2499,781,2023-08-07 05:35:16,F1
2500,2419,2023-10-15 17:03:32,Football
2501,83,2023-06-01 16:23:24,replay Hamilton
2502,2288,2023-06-29 19:47:32,documentary Mahomes
2503,110,2023-02-17 12:38:49,replay Mayweather
2504,2384,2023-09-11 23:31:24,full match Boxing
2505,608,2023-03-11 12:46:42,documentary Mayweather
2506,177,2023-12-05 16:36:19,interview East Karenchester
2507,2264,2024-01-31 21:39:51,Verstappen
2508,1009,2023-03-20 08:18:26,Darts 2023
2509,1812,2024-01-08 15:45:51,replay MMA
2510,2970,2023-01-31 00:12:10,Brady 2023
2511,2036,2023-08-05 08:24:36,documentary MMA
2512,407,2024-02-16 14:13:45,documentary Premier League
2513,2115,2024-02-05 10:46:49,Tennis
2514,2369,2023-01-18 06:00:26,interview Verstappen
2515,711,2023-02-25 12:22:47,Joshua
2516,1846,2023-06-24 04:40:54,replay F1
2517,2918,2024-02-28 08:20:10,documentary Hamilton
2518,2456,2023-11-30 18:16:36,Hamilton
2519,1422,2024-01-13 11:39:29,Super Bowl
2520,2934,2023-05-23 19:40:16,documentary Grand Prix
2521,2840,2023-01-09 00:07:06,full match Super Bowl 2023
2522,2436,2023-07-05 11:45:23,full match Football
2523,2525,2023-06-07 07:29:47,full match Mahomes
2524,1174,2023-06-20 23:57:02,highlights Tennis
2525,2123,2024-03-28 13:30:17,Brady
2526,1694,2024-01-31 10:21:51,Champions League
2527,72,2024-02-29 03:54:24,F1 2024
2528,2022,2023-01-13 07:51:08,Darts
2529,420,2023-12-03 07:57:27,Boxing
2530,2073,2023-11-30 14:52:23,Joshua
2531,87,2023-10-04 10:55:43,highlights Grand Prix 2024
2532,1358,2023-02-20 16:27:50,Premier League
2533,1550,2023-06-09 10:09:54,replay Verstappen
2534,2175,2023-05-31 18:55:24,documentary Champions League
2535,337,2023-12-23 16:16:28,interview MMA
2536,2977,2023-05-19 21:15:51,Mayweather
2537,1728,2023-05-25 04:10:58,replay World Cup
2538,1214,2024-01-07 10:21:39,Hamilton
2539,2235,2023-04-13 00:06:22,replay Mayweather
2540,2909,2023-08-15 04:16:00,interview Darts
2541,1566,2023-01-28 16:36:42,interview Grand Prix
2542,2652,2024-01-19 22:56:04,highlights Champions League
2543,1016,2023-03-19 10:28:58,NFL
2544,2528,2023-08-02 03:23:44,replay Tennis
2545,2532,2023-04-28 16:01:08,documentary Darts
2546,1829,2023-06-30 09:53:07,Football 2024
2547,224,2023-01-15 13:23:59,replay World Cup
2548,696,2024-02-22 02:25:21,documentary Hamilton
2549,99,2023-12-01 14:15:06,full match Champions League
2550,1928,2023-04-14 03:51:12,F1 2024
2551,2500,2024-01-07 18:25:56,F1
2552,93,2023-08-02 11:57:57,full match Brady
2553,2149,2024-01-16 14:53:15,replay Champions League
2554,2476,2023-07-19 07:37:48,replay Mayweather 2024
2555,1077,2023-07-26 17:08:59,interview F1 2024
2556,996,2023-10-20 22:19:47,documentary Davies 2023
2557,983,2023-11-13 06:34:54,full match MMA
2558,2908,2023-09-17 16:22:24,interview Mahomes
2559,1302,2023-11-26 04:50:30,full match MMA
2560,1330,2023-04-17 22:32:37,Blümel
2561,1251,2023-08-06 02:59:19,Tennis
2562,2560,2023-10-15 17:37:21,highlights Super Bowl
2563,1909,2023-09-30 21:58:47,documentary Verstappen
2564,1618,2023-08-10 21:38:39,highlights Verstappen
2565,2702,2023-09-15 08:24:56,documentary F1
2566,2423,2023-07-18 11:56:27,highlights Hamilton
2567,2266,2023-05-21 22:17:23,highlights Football
2568,1085,2023-06-12 02:38:39,Tennis
2569,2499,2023-07-17 09:24:54,Verstappen
2570,1940,2024-03-25 16:57:07,replay Boxing 2023
2571,1142,2023-06-25 09:57:12,MMA
2572,2342,2023-10-20 08:02:14,full match Darts
2573,2813,2024-02-03 15:18:10,full match F1
2574,2307,2023-05-22 22:24:27,replay Joshua
2575,2862,2023-01-15 19:22:53,interview Osborne
2576,1994,2024-03-18 04:14:32,documentary Banks
2577,87,2023-10-20 22:19:05,documentary Joshua
2578,2128,2023-10-22 13:42:24,full match Darts
2579,2447,2023-01-09 20:43:25,highlights Joshua
2580,849,2023-12-16 21:39:58,MMA
2581,2746,2023-04-22 09:11:08,Tennis
2582,1827,2023-05-31 21:00:06,F1 2023
2583,1845,2023-09-29 03:53:56,Hamilton
2584,576,2024-01-17 16:37:03,replay Premier League
2585,1341,2023-03-26 13:07:01,Roystad
2586,1382,2023-06-22 11:17:16,highlights Grand Prix 2024
2587,823,2023-02-05 16:10:21,highlights Mayweather
2588,25,2023-09-04 09:24:52,highlights Super Bowl
2589,2538,2023-05-04 17:46:23,interview Brady
2590,1117,2024-02-11 08:36:54,Darmstadt 2023
2591,709,2023-01-25 18:01:02,Prenzlau
2592,1328,2023-10-18 05:05:10,highlights Mayweather
2593,710,2024-01-19 13:05:41,interview Football
2594,2403,2023-04-07 12:42:44,full match Uelzen
2595,871,2023-09-30 00:58:48,replay Tennis
2596,2050,2023-04-29 16:01:09,interview Darts
2597,437,2023-07-17 21:12:13,F1 2023
2598,948,2023-05-08 17:34:44,replay Grand Prix
2599,282,2023-08-06 20:28:00,interview Hamilton
2600,248,2023-02-21 16:32:15,documentary Harding
2601,2151,2023-06-27 19:37:43,replay Brady
2602,627,2023-03-04 16:56:36,highlights Champions League
2603,709,2023-08-28 08:35:30,replay NFL
2604,688,2024-01-17 19:15:17,documentary Verstappen
2605,224,2024-03-14 05:45:10,F1
2606,2415,2023-09-25 21:26:05,highlights Boxing
2607,1283,2024-03-07 20:15:55,Darts 2023
2608,1221,2023-09-21 08:10:01,MMA
2609,659,2024-02-25 09:35:51,replay Gordon
2610,2595,2023-02-10 21:20:31,MMA
2611,2539,2023-07-21 16:06:34,documentary Hamilton
2612,630,2023-08-01 00:23:40,documentary Mahomes
2613,2061,2023-12-30 08:29:44,full match Super Bowl
2614,166,2023-02-02 12:41:45,Tennis
2615,2786,2023-04-18 23:56:34,documentary Champions League
2616,2734,2023-02-18 12:53:09,full match Marktown
2617,2390,2023-07-29 19:47:49,interview Boxing
2618,2125,2023-05-23 11:32:00,documentary Football
2619,643,2023-05-04 02:14:36,documentary Mahomes 2023
2620,2216,2023-05-08 04:28:28,full match Champions League
2621,787,2023-07-19 07:02:48,interview Grand Prix
2622,1485,2024-03-18 02:58:49,MMA
2623,1005,2023-02-23 11:44:32,full match Joshua
2624,481,2024-02-14 14:19:48,highlights World Cup
2625,2248,2023-05-18 07:56:52,documentary Premier League
2626,1491,2023-04-19 00:23:08,replay NFL
2627,610,2023-01-05 04:43:26,replay Super Bowl
2628,1351,2023-01-16 07:28:25,interview NFL
2629,1060,2023-10-14 18:58:20,replay Gadebusch
2630,799,2023-02-03 21:24:38,Hamilton 2024
2631,2297,2023-09-09 19:29:30,documentary Brady
2632,2592,2023-10-29 13:24:16,replay Mayweather
2633,1447,2023-02-08 03:15:02,full match Premier League
2634,1714,2023-11-27 13:03:53,documentary F1
2635,2548,2023-02-22 06:42:14,Premier League
2636,1102,2023-03-13 21:33:20,full match Champions League
2637,2001,2023-09-08 20:23:47,Tennis
2638,1155,2023-08-26 22:02:58,documentary World Cup
2639,2047,2023-07-05 04:42:58,Boxing
2640,2166,2023-05-02 12:18:12,Champions League
2641,2785,2024-02-11 05:57:39,full match MMA
2642,2469,2023-12-11 10:27:46,full match Champions League
2643,1649,2023-09-23 03:24:43,replay Joshua
2644,2404,2023-10-27 22:40:32,Fisher
2645,2313,2023-05-25 03:42:26,full match Boxing
2646,1114,2023-05-26 01:59:28,Tennis
2647,1508,2024-01-25 18:54:54,interview F1
2648,1164,2023-10-16 05:36:17,highlights Joshua
2649,2582,2024-03-19 19:11:05,highlights MMA
2650,1186,2023-12-24 08:18:29,documentary NFL
2651,1535,2024-02-15 09:59:04,highlights Tennis
2652,1403,2023-08-20 23:03:08,highlights World Cup
2653,1996,2023-12-12 14:54:17,highlights Boxing
2654,2570,2024-01-24 01:12:00,Mayweather
2655,2999,2023-04-11 22:01:09,full match MMA
2656,2054,2023-08-08 09:34:11,Mayweather
2657,2672,2023-03-09 16:21:32,F1
2658,332,2023-07-20 07:31:54,NFL
2659,2138,2024-03-22 06:09:38,Boxing
2660,73,2023-01-15 13:56:29,documentary Premier League
2661,1618,2023-02-02 20:29:52,full match World Cup
2662,373,2023-05-03 18:05:36,highlights MMA
2663,21,2023-08-01 05:42:44,highlights Mahomes
2664,2956,2023-12-30 16:25:55,Grand Prix
2665,1379,2023-07-17 22:11:26,MMA
2666,2993,2023-09-14 04:23:42,Brady
2667,173,2023-06-10 20:30:21,replay Joshua
2668,1862,2023-08-27 10:59:53,documentary Super Bowl
2669,2786,2023-03-26 21:27:02,documentary Celle
2670,1988,2024-02-24 23:43:04,highlights F1
2671,2941,2024-02-23 17:59:51,Brady
2672,998,2023-10-24 02:48:40,Neuruppin
2673,2455,2023-05-17 09:35:25,full match Hamilton
2674,2362,2024-02-17 07:08:49,documentary Brady
2675,1819,2023-06-01 06:42:48,highlights NFL
2676,152,2023-05-22 18:34:20,Super Bowl
2677,1541,2023-01-28 18:48:18,NFL
2678,1356,2023-11-01 06:41:20,highlights Mayweather
2679,1301,2023-07-24 19:56:13,interview Griffiths
2680,1693,2024-02-20 06:37:49,documentary Josephinestad 2023
2681,2517,2024-01-12 09:49:33,Grand Prix
2682,2423,2023-06-04 07:31:56,highlights Tennis
2683,916,2024-02-09 21:09:01,full match Bachmann
2684,2433,2023-03-13 06:29:18,documentary Tennis
2685,2945,2023-05-23 08:43:22,documentary South Justin
2686,2410,2024-02-25 14:10:15,highlights Davis
2687,105,2023-02-27 07:15:50,highlights Verstappen 2024
2688,1497,2023-06-13 16:10:23,Verstappen
2689,1049,2024-02-11 18:06:56,full match NFL 2024
2690,1696,2024-01-11 14:03:21,Football
2691,1067,2024-02-14 15:41:56,highlights Football
2692,2686,2023-03-04 04:54:36,replay Darts
2693,546,2023-04-02 00:16:14,interview Boxing
2694,114,2023-01-21 22:43:48,Boxing
2695,1322,2023-11-02 23:38:34,full match Champions League
2696,873,2023-07-19 20:43:35,interview World Cup 2023
2697,2774,2023-01-27 18:28:00,replay Champions League
2698,2521,2023-02-20 21:16:48,full match World Cup
2699,1148,2023-07-02 18:54:15,Premier League
2700,1555,2023-08-15 05:23:05,interview Grand Prix
2701,909,2023-09-11 20:39:18,highlights Darts 2024
2702,1095,2023-05-31 10:33:09,documentary Tennis
2703,976,2024-02-14 10:25:15,Joshua
2704,1021,2023-11-20 21:40:46,full match Mahomes
2705,82,2023-03-27 00:40:57,full match Mayweather
2706,2734,2024-01-23 16:28:20,interview Joshua
2707,2970,2023-12-01 13:04:47,interview MMA
2708,577,2023-09-14 16:00:51,interview Boxing
2709,1994,2023-07-09 13:50:31,Darts
2710,2985,2023-08-23 03:40:26,interview Joshua
2711,2148,2023-09-25 05:03:28,highlights Champions League
2712,1851,2023-05-11 10:37:23,interview Darts 2024
2713,508,2024-01-27 04:31:04,highlights Grimmen
2714,603,2023-11-01 01:31:13,highlights MMA
2715,58,2024-03-19 00:28:14,interview F1
2716,468,2023-01-22 08:31:03,Super Bowl
2717,452,2023-03-19 11:28:24,interview Grand Prix
2718,321,2024-01-30 22:11:35,replay Brady
2719,21,2023-01-22 08:09:01,documentary Darts
2720,1585,2023-06-13 20:57:58,interview Brady
2721,1368,2024-01-27 19:49:04,interview Brady
2722,1988,2023-03-08 13:23:52,highlights Grand Prix
2723,2872,2023-03-01 22:48:07,highlights Grand Prix
2724,14,2023-09-13 00:24:19,highlights Champions League
2725,2651,2023-07-07 22:15:09,full match Tennis 2023
2726,408,2024-02-17 05:33:04,documentary Boxing
2727,2560,2023-05-05 06:52:58,highlights New Graemeberg
2728,1455,2023-11-20 15:17:27,interview World Cup
2729,138,2024-01-02 21:39:59,highlights Premier League
2730,465,2024-02-25 23:17:53,highlights Mayweather
2731,1607,2023-02-05 20:34:38,interview Tennis
2732,317,2024-01-21 06:21:29,highlights Mahomes
2733,1493,2024-02-13 11:50:10,Tennis
2734,22,2023-05-11 15:28:51,Grand Prix
2735,1780,2023-07-11 07:23:11,Super Bowl
2736,2792,2023-07-30 01:09:10,Premier League
2737,1511,2024-02-13 19:09:07,Hamilton
2738,1016,2024-03-26 05:16:17,replay Boxing
2739,2291,2023-11-30 06:49:47,interview MMA
2740,2880,2023-01-07 08:30:01,interview Verstappen 2024
2741,1931,2023-07-30 13:47:12,Mahomes
2742,1039,2023-05-04 01:06:14,full match Speer
2743,2769,2023-02-07 08:30:27,Brady
2744,644,2023-03-28 01:46:26,full match Brady
2745,2630,2023-08-14 12:53:34,Darts
2746,1953,2023-05-25 08:12:51,Mayweather
2747,1638,2023-10-04 17:28:21,documentary F1 2023
2748,270,2023-10-22 21:43:21,documentary NFL
2749,853,2023-11-20 23:49:08,full match F1
2750,2788,2024-01-26 22:42:41,Boxing
2751,1663,2023-01-16 11:24:02,Super Bowl
2752,2696,2023-05-14 20:16:01,Joshua
2753,2087,2023-05-09 15:28:54,Darts
2754,1111,2024-03-19 23:14:59,highlights Super Bowl
2755,333,2023-12-21 04:47:51,documentary MMA
2756,745,2023-05-21 12:43:46,Singh
2757,2889,2023-12-07 23:53:29,F1 2024
2758,563,2024-01-28 04:15:06,replay Grand Prix
2759,1334,2023-08-29 20:24:02,interview Mayweather
2760,1857,2023-05-03 22:35:55,Boxing
2761,1492,2023-09-29 00:42:12,full match Brady
2762,2528,2023-09-11 04:10:25,Boxing
2763,2760,2023-05-23 07:38:22,highlights Brady
2764,1946,2023-12-02 17:57:12,full match Stroh
2765,2264,2023-01-16 18:18:58,full match Darts 2024
2766,212,2023-02-25 19:00:22,Grand Prix 2023
2767,2729,2023-07-13 14:52:35,highlights Eggenfelden
2768,216,2024-02-10 19:29:20,highlights Premier League
2769,2779,2024-03-01 02:00:12,replay Premier League 2023
2770,1615,2024-01-27 05:47:25,documentary Champions League
2771,1698,2023-06-08 22:40:15,highlights Hamilton
2772,2365,2023-11-29 03:15:33,Grand Prix
2773,2226,2023-08-06 17:04:55,interview Football 2023
2774,1213,2023-05-29 14:44:51,replay F1
2775,2841,2024-01-30 02:34:08,Brady
2776,1542,2023-07-20 07:40:13,replay Hamilton
2777,1989,2023-06-23 16:08:43,highlights MMA
2778,1676,2023-01-20 08:18:48,highlights Hamilton
2779,1337,2023-02-07 03:52:29,full match Grand Prix
2780,131,2023-02-22 21:54:16,documentary Armstrongberg
2781,2106,2023-06-24 05:24:38,Hamilton
2782,1025,2024-01-06 13:29:51,Hamilton
2783,2755,2023-03-06 18:08:49,Super Bowl
2784,1647,2023-08-03 07:21:31,highlights Hamilton 2023
2785,869,2023-08-17 15:42:24,highlights Brady
2786,1940,2023-06-25 04:15:33,replay Champions League
2787,1918,2023-05-03 05:41:06,interview Brady
2788,1150,2023-09-01 06:01:11,Verstappen
2789,1404,2023-10-19 09:25:52,highlights Verstappen
2790,1629,2023-03-03 13:14:30,documentary Brady
2791,2248,2023-02-20 00:01:18,interview Hamilton
2792,1570,2023-09-21 14:57:01,Mayweather
2793,1575,2023-05-05 18:21:17,highlights Champions League
2794,2668,2023-12-15 23:37:36,full match Wende
2795,2027,2023-09-28 07:01:31,interview NFL
2796,12,2024-01-14 14:01:36,full match Brady
2797,1446,2023-09-01 18:43:17,highlights Boxing
2798,2367,2023-12-13 11:53:18,Mahomes
2799,1032,2023-09-17 11:50:01,replay Super Bowl
2800,524,2024-03-24 15:36:59,documentary Premier League
2801,276,2023-01-31 02:55:56,Tennis 2023
2802,1849,2023-12-21 02:40:14,Hamilton
2803,2041,2023-07-18 06:25:45,interview Brady
2804,1424,2023-10-10 00:35:14,Mayweather
2805,2790,2023-12-15 06:42:51,Hamilton
2806,2584,2023-04-16 05:58:57,highlights World Cup
2807,413,2023-06-06 04:03:37,Grand Prix
2808,895,2024-01-01 05:37:43,MMA
2809,2666,2024-03-01 23:29:18,interview Mahomes
2810,1301,2023-12-02 05:43:38,Weller
2811,1428,2023-02-04 20:51:07,full match Alexanderview
2812,1050,2024-01-16 02:42:43,F1
2813,307,2023-04-07 07:46:13,Brady
2814,1323,2023-12-12 04:10:09,World Cup
2815,1892,2024-01-07 22:23:14,full match Premier League
2816,1852,2023-08-11 23:15:34,replay Brady
2817,2702,2023-10-21 08:15:22,documentary Jones
2818,2889,2023-07-10 10:20:32,F1
2819,1155,2024-02-12 06:44:29,highlights Mahomes
2820,1683,2023-07-05 07:35:20,replay Neureuther
2821,1716,2024-02-18 05:58:00,replay Champions League
2822,2325,2023-12-22 20:51:38,full match Football
2823,2808,2023-06-06 13:29:16,interview Tennis 2024
2824,2692,2024-03-07 02:43:09,full match Brady
2825,1981,2023-11-30 06:39:32,highlights Football
2826,1887,2023-12-19 19:59:38,documentary Brady
2827,1478,2023-06-06 13:42:50,interview Mayweather
2828,319,2023-03-25 17:43:45,full match Darts 2024
2829,2988,2023-07-27 21:28:23,full match Tennis
2830,1242,2023-01-12 05:33:14,highlights Hamilton
2831,1252,2023-02-14 16:28:28,full match Joshua
2832,2844,2023-01-13 21:56:41,replay Tennis
2833,653,2024-01-10 00:40:54,Mahomes
2834,2133,2024-03-03 18:45:49,Premier League
2835,2512,2023-07-20 15:18:59,interview Mayweather
2836,2794,2023-10-12 16:46:19,documentary Boxing
2837,516,2023-04-19 20:03:30,Joshua
2838,953,2023-07-05 09:15:36,replay World Cup
2839,753,2023-09-08 09:16:43,replay Frederickland
2840,1590,2023-01-20 13:05:30,highlights Darts
2841,1719,2023-09-10 11:19:03,MMA 2023
2842,544,2024-01-06 02:30:40,highlights Hamilton 2024
2843,62,2023-09-08 15:08:46,highlights World Cup
2844,364,2023-03-18 10:02:53,documentary Hamilton
2845,2004,2023-10-15 23:10:48,documentary Champions League 2024
2846,1994,2023-05-02 05:36:45,interview Champions League
2847,1129,2023-10-06 02:04:08,highlights Eichstätt
2848,2807,2023-12-04 15:01:37,interview Gomez
2849,2042,2023-11-29 17:00:39,Boxing
2850,565,2023-04-23 06:32:47,full match Football
2851,2156,2023-01-09 02:35:06,interview Verstappen
2852,2287,2023-11-24 05:22:01,highlights Football 2023
2853,2761,2024-03-10 23:46:30,replay Darts
2854,1377,2023-12-19 22:07:01,highlights Darts
2855,506,2023-07-26 15:09:30,Boxing
2856,1274,2023-09-13 13:53:35,interview South Jamie
2857,2918,2023-07-07 18:00:33,full match F1
2858,988,2023-07-08 10:51:55,Boxing
2859,2936,2023-08-01 02:49:15,Mahomes
2860,1427,2023-07-16 05:56:42,Brady
2861,2692,2023-01-22 16:47:01,replay Grand Prix
2862,2707,2023-08-29 17:21:41,interview Tennis
2863,2666,2024-03-23 03:58:43,interview F1
2864,125,2023-11-20 02:45:34,Super Bowl
2865,2916,2023-11-18 23:05:44,Premier League
2866,2649,2023-09-04 00:31:40,replay Verstappen
2867,2444,2023-07-15 09:21:46,replay F1
2868,441,2023-06-30 08:42:59,Grand Prix
2869,652,2023-01-05 19:44:49,replay F1
2870,2170,2023-04-19 03:58:12,documentary Darts
2871,2947,2024-02-12 00:16:20,Saunders
2872,1081,2023-10-30 05:11:21,Brady
2873,2302,2023-05-21 00:57:57,interview Premier League
2874,2133,2024-01-17 23:36:29,replay Grand Prix
2875,63,2023-09-12 17:55:16,replay World Cup
2876,2140,2024-03-07 17:06:08,replay Verstappen
2877,1571,2023-04-28 20:46:29,Brady
2878,1028,2023-09-10 09:02:16,replay Brady
2879,72,2023-07-28 20:13:35,Darts
2880,1244,2023-10-18 22:42:09,replay Mayweather
2881,390,2024-02-06 00:07:18,replay Verstappen
2882,2703,2023-09-24 22:42:54,documentary Premier League
2883,2350,2024-02-06 08:10:41,interview Premier League
2884,539,2023-03-10 17:23:35,documentary South Veronicaside
2885,2802,2023-10-09 09:15:10,interview Grand Prix
2886,1264,2023-02-08 18:51:18,highlights Grand Prix
2887,2411,2024-01-02 09:42:52,full match Erkelenz
2888,352,2023-02-25 23:12:23,replay Football 2023
2889,2036,2023-10-24 07:18:47,full match Boxing
2890,412,2023-11-14 08:08:12,documentary NFL
2891,1477,2023-08-28 18:54:27,documentary MMA
2892,1080,2023-11-01 11:32:03,highlights Verstappen
2893,965,2023-04-09 00:16:32,Mayweather
2894,1659,2023-05-19 07:22:18,replay Brady
2895,2720,2023-08-04 08:40:54,documentary Verstappen
2896,723,2023-11-13 11:14:39,full match Mayweather
2897,1811,2023-04-14 01:29:28,highlights Grand Prix
2898,2228,2023-05-16 11:01:46,full match Joshua
2899,2573,2024-03-22 21:15:40,interview Super Bowl
2900,582,2024-01-16 11:16:03,replay World Cup
2901,2628,2024-03-16 20:02:46,Mühle
2902,2695,2024-01-22 18:10:29,interview Champions League
2903,344,2023-01-20 11:53:17,documentary MMA
2904,1294,2023-03-27 11:06:49,Joshua 2023
2905,651,2024-03-18 19:42:00,interview Verstappen
2906,2618,2023-11-17 17:06:39,Champions League
2907,1339,2024-02-23 20:58:22,interview Boxing
2908,1776,2023-01-10 09:52:04,documentary Verstappen
2909,2711,2024-01-07 19:33:50,highlights Verstappen
2910,197,2023-04-30 01:19:16,highlights South Brandontown
2911,2255,2023-08-14 02:01:51,Boxing
2912,2472,2023-10-28 13:38:53,Premier League
2913,695,2023-10-29 13:55:06,highlights NFL
2914,1856,2023-04-30 18:47:08,interview F1
2915,978,2023-09-03 16:14:51,Mayweather
2916,1458,2024-03-27 14:21:14,documentary Football
2917,2300,2024-03-12 17:14:31,Darts
2918,2360,2023-09-08 09:37:34,highlights Jonathonborough
2919,1094,2024-02-19 03:42:39,Altentreptow
2920,2000,2023-12-12 09:59:25,highlights Joshua 2023
2921,668,2023-08-30 12:05:18,documentary World Cup
2922,742,2024-03-07 22:58:37,documentary MMA
2923,254,2023-04-16 07:46:06,Hamilton
2924,1812,2023-05-26 22:07:58,F1 2024
2925,2279,2023-06-22 09:27:52,documentary Brady
2926,2803,2023-12-29 00:02:43,replay Premier League
2927,727,2023-08-15 15:07:54,documentary Mahomes
2928,707,2024-01-06 05:27:33,MMA
2929,253,2023-07-20 12:28:21,documentary Darts
2930,646,2023-05-20 20:09:18,full match Boxing
2931,2733,2024-02-13 05:46:19,documentary Knappe
2932,32,2023-06-14 22:07:24,interview Mahomes
2933,1075,2024-01-01 03:49:57,replay Champions League
2934,1701,2023-07-24 00:45:33,MMA
2935,1169,2023-04-08 20:21:46,Brady
2936,565,2024-02-19 17:56:50,Darts
2937,1357,2023-05-19 20:09:53,documentary Grand Prix
2938,2398,2023-10-09 08:43:59,documentary Champions League
2939,519,2023-11-26 14:48:30,full match World Cup
2940,135,2023-01-13 10:18:43,highlights Verstappen
2941,1262,2023-02-28 05:52:17,highlights Andrewfort
2942,2207,2023-03-30 11:43:00,Super Bowl
2943,2867,2023-01-19 12:00:45,replay Tennis
2944,1463,2023-02-16 16:08:55,full match F1
2945,2617,2023-09-01 11:44:48,documentary Champions League
2946,2373,2023-01-12 21:07:20,replay Tennis
2947,1340,2023-08-28 01:49:34,highlights Football
2948,2423,2023-10-20 20:46:06,highlights Football
2949,1353,2023-01-20 05:29:21,Premier League 2024
2950,2762,2024-02-20 13:11:58,documentary Darts
2951,2608,2023-08-26 09:53:20,Darts 2023
2952,2664,2023-10-18 06:34:43,documentary F1
2953,2464,2023-02-09 00:17:30,Brady
2954,747,2024-01-12 09:44:53,Darts
2955,2764,2023-03-19 14:18:48,replay Hamilton
2956,1982,2023-05-24 10:24:00,replay Darts
2957,2427,2023-01-26 09:37:15,replay Champions League
2958,2243,2023-05-28 00:42:37,full match MMA 2023
2959,890,2023-10-10 06:31:32,replay Stollberg
2960,103,2023-09-14 22:15:07,full match Verstappen
2961,1375,2023-07-04 20:21:36,Mayweather
2962,2660,2023-02-19 15:04:05,highlights Football
2963,1996,2024-02-26 06:54:58,Hamilton
2964,910,2023-04-15 18:28:27,interview MMA
2965,1402,2023-10-30 09:09:19,documentary Tennis
2966,2326,2023-03-21 02:01:59,interview Tennis
2967,145,2023-06-06 02:41:37,full match Eberhardt
2968,1326,2023-07-10 17:56:24,Hornich
2969,1701,2023-04-05 00:55:03,replay Joshua
2970,519,2023-02-13 03:00:09,Hamilton 2023
2971,224,2023-05-01 11:25:26,documentary Tennis
2972,1184,2023-09-15 04:00:50,Grand Prix
2973,28,2023-01-07 09:54:30,highlights MMA
2974,491,2024-01-21 16:35:12,Brady
2975,759,2024-02-10 01:10:28,full match Premier League
2976,269,2024-03-20 13:14:00,highlights Boxing
2977,1045,2023-03-05 13:58:29,Bolander
2978,1398,2023-07-25 10:27:51,documentary Mayweather
2979,38,2023-08-09 21:44:45,interview Joshua
2980,2514,2024-03-03 22:07:48,interview Grand Prix
2981,389,2023-10-04 15:37:37,full match Boxing
2982,1410,2023-07-25 10:38:57,Hamilton
2983,401,2024-02-04 08:56:43,NFL 2023
2984,812,2024-02-06 07:36:04,Burglengenfeld
2985,1408,2023-07-08 01:08:55,full match Joshua
2986,2520,2023-07-18 14:47:19,full match Premier League
2987,1750,2023-05-22 13:42:21,interview Tennis
2988,2281,2023-10-15 10:40:57,highlights Brady
2989,2002,2023-09-16 08:37:05,interview Boxing
2990,2527,2023-02-06 23:52:20,highlights Grand Prix
2991,138,2024-02-16 01:27:26,highlights Esparza
2992,69,2023-11-16 05:19:13,Mayweather
2993,887,2023-08-08 06:24:12,Premier League 2024
2994,485,2024-01-19 17:05:09,documentary Brady
2995,1585,2023-07-22 10:57:49,documentary Mahomes
2996,775,2023-03-07 19:54:45,Joshua
2997,1007,2024-02-03 22:45:20,replay World Cup
2998,2570,2023-02-25 18:10:57,Boxing
2999,1546,2023-01-22 03:52:45,highlights Brady
3000,2242,2023-10-28 10:14:27,documentary Tennis
3001,2463,2023-01-20 10:49:52,Super Bowl
3002,1642,2023-01-13 13:57:42,interview Staceyside
3003,25,2023-06-11 20:49:58,MMA
3004,950,2023-07-11 16:03:48,Grand Prix
3005,987,2023-03-22 11:44:57,documentary Ansbach
3006,2610,2023-01-18 14:28:46,NFL
3007,2731,2023-08-20 13:40:06,Boxing
3008,838,2024-02-08 10:44:07,Verstappen
3009,1770,2024-02-09 08:58:40,MMA 2023
3010,2479,2024-02-23 20:32:12,full match Premier League
3011,2962,2023-09-17 22:54:38,highlights Premier League
3012,1098,2023-01-27 15:42:46,NFL
3013,1214,2023-08-08 02:28:16,interview NFL 2023
3014,1223,2023-10-31 16:18:36,interview Joshua
3015,285,2023-08-14 18:49:19,documentary World Cup
3016,2311,2023-05-26 16:03:50,full match World Cup
3017,365,2024-01-21 06:43:45,highlights Brady
3018,2118,2024-02-03 22:33:24,interview World Cup
3019,2101,2023-03-19 11:12:15,World Cup
3020,2373,2023-01-14 21:34:57,highlights World Cup
3021,471,2023-03-13 18:16:31,Grand Prix
3022,2412,2023-11-28 16:27:08,highlights Ross
3023,1690,2023-12-02 23:05:46,documentary Champions League
3024,2713,2023-12-16 10:35:37,highlights Mayweather
3025,606,2024-02-08 16:59:59,documentary Brady
3026,2086,2023-06-24 18:26:07,Boxing
3027,1694,2023-07-02 01:22:24,Verstappen
3028,77,2024-03-27 09:11:54,interview MMA
3029,832,2023-01-04 06:46:40,interview Clarkside
3030,2382,2024-03-07 21:09:57,interview MMA
3031,2223,2023-12-23 14:14:08,full match Hamilton
3032,2031,2024-01-20 00:00:28,replay Joshua
3033,1489,2023-09-07 23:32:39,Champions League
3034,2254,2023-10-02 20:24:39,interview North David
3035,1676,2023-06-08 02:25:34,highlights Boxing
3036,2935,2023-01-13 10:46:19,documentary Tennis
3037,2318,2024-01-21 21:27:35,interview MMA
3038,849,2023-05-02 08:04:34,documentary Grand Prix
3039,972,2023-11-21 04:06:05,Champions League
3040,2316,2023-06-01 02:37:02,interview Tennis
3041,349,2023-10-08 20:54:04,NFL 2023
3042,2472,2023-06-20 06:40:40,F1
3043,212,2023-04-27 05:48:06,replay Super Bowl
3044,2368,2024-03-13 10:55:16,interview Brady
3045,1043,2023-10-23 21:45:47,replay World Cup 2024
3046,1278,2024-02-07 14:16:52,Super Bowl
3047,2131,2023-05-04 05:31:43,full match Champions League 2023
3048,1320,2023-08-05 21:13:56,highlights Grand Prix
3049,1009,2023-07-10 01:15:27,interview Goddard
3050,1317,2023-11-27 04:16:09,full match Darts
3051,356,2023-03-09 11:07:14,Verstappen 2024
3052,1135,2023-11-04 11:23:16,full match Boxing
3053,656,2023-12-22 12:48:36,interview Steinberg
3054,2345,2024-03-03 22:13:33,documentary Mayweather
3055,2254,2023-01-23 16:34:16,interview Boxing
3056,2532,2023-10-27 13:57:16,Champions League
3057,2897,2023-04-02 21:07:22,interview Joshua
3058,1554,2023-01-13 22:04:09,Boxing
3059,2248,2023-05-06 13:50:54,full match MMA
3060,2564,2024-02-23 23:21:35,replay Super Bowl 2023
3061,2084,2023-08-18 18:59:41,full match MMA
3062,2290,2024-01-11 20:00:27,Verstappen
3063,2916,2024-01-04 10:02:13,highlights Süßebier
3064,2369,2024-03-16 20:33:17,Hamilton
3065,216,2023-12-13 07:02:02,Brady
3066,2042,2023-05-22 07:01:42,interview F1
3067,1338,2023-08-27 14:19:59,full match Joshua
3068,2927,2023-03-14 14:58:40,MMA
3069,2664,2023-10-04 05:28:31,full match Mayweather 2023
3070,2326,2023-07-23 16:25:47,Mayweather 2023
3071,1530,2023-04-25 15:16:00,World Cup
3072,2615,2024-01-07 22:57:34,documentary Hollyhaven
3073,1319,2023-01-08 04:02:46,documentary Joshua
3074,880,2023-02-21 10:34:17,Etzold 2023
3075,1171,2023-12-13 02:29:11,documentary MMA
3076,1139,2023-11-19 21:01:54,Premier League
3077,1169,2023-09-07 02:00:29,full match F1
3078,2540,2023-02-11 06:01:05,Boxing
3079,1673,2023-07-27 10:35:13,documentary Estrada
3080,39,2023-04-03 21:37:59,documentary Grand Prix
3081,2866,2023-09-24 22:13:50,Darts
3082,1039,2024-03-21 21:32:02,documentary Verstappen
3083,429,2023-08-02 20:49:41,Brady
3084,1233,2023-08-07 19:05:51,MMA 2024
3085,1029,2023-11-02 22:31:10,documentary Super Bowl
3086,2546,2023-06-23 01:13:36,documentary Football
3087,1978,2023-08-10 23:41:06,interview Verstappen
3088,1258,2023-12-09 11:03:29,Verstappen
3089,1864,2023-01-27 02:44:56,Fröhlich
3090,698,2024-02-07 05:54:05,Verstappen
3091,1951,2023-09-19 17:13:22,documentary Joshua
3092,204,2023-06-16 17:55:14,Tennis 2023
3093,2538,2023-11-06 03:27:46,Super Bowl
3094,2478,2023-06-13 09:59:29,highlights MMA
3095,896,2023-09-30 06:41:57,Verstappen
3096,1605,2024-02-28 23:29:28,Verstappen
3097,2078,2023-09-03 18:38:02,replay Boxing
3098,420,2023-11-09 20:11:05,Grand Prix
3099,1620,2023-12-20 08:29:41,documentary Brady
3100,1065,2023-01-19 23:48:56,Super Bowl
3101,370,2024-02-05 10:36:43,full match Champions League
3102,1875,2023-02-11 19:40:38,interview Grand Prix
3103,997,2023-08-11 15:06:51,full match Boxing
3104,278,2023-12-05 01:37:41,replay Champions League
3105,2656,2024-01-30 02:08:44,documentary NFL
3106,816,2023-05-23 11:34:31,highlights Boxing
3107,2900,2023-05-10 10:20:47,replay Joshua
3108,683,2023-04-20 18:13:51,documentary Tennis 2023
3109,223,2023-03-05 14:11:34,documentary Premier League
3110,891,2023-03-07 12:30:17,highlights Darts
3111,2234,2023-10-06 14:08:22,documentary Grand Prix
3112,2285,2024-02-05 06:06:34,interview MMA
3113,2452,2023-04-12 05:18:34,Darts
3114,133,2023-04-01 23:12:04,highlights Grand Prix
3115,316,2024-01-02 02:01:47,replay Mayweather 2023
3116,885,2023-11-12 08:10:58,full match Robertson
3117,404,2023-03-22 14:30:33,highlights Boxing
3118,577,2023-02-09 02:35:33,highlights Verstappen
3119,2260,2023-10-30 22:36:23,replay Premier League 2023
3120,1079,2023-02-12 16:14:35,Tennis
3121,2078,2024-02-01 15:07:03,documentary Mayweather
3122,1846,2024-01-17 03:14:19,interview Tennis
3123,1489,2023-03-20 14:44:21,documentary Mayweather
3124,2537,2023-08-02 23:06:38,replay NFL
3125,739,2024-01-31 05:34:59,documentary F1
3126,1895,2023-12-28 11:04:07,full match MMA 2023
3127,2509,2023-08-21 10:55:13,interview Verstappen
3128,522,2024-01-20 07:36:27,highlights Super Bowl
3129,1701,2024-03-16 00:13:32,Darts
3130,2420,2023-11-21 02:49:56,World Cup
3131,46,2023-10-03 06:52:54,documentary Hamilton
3132,1296,2023-10-09 15:24:57,full match Super Bowl
3133,1585,2023-11-08 06:40:06,full match Football
3134,1396,2024-02-19 07:30:56,full match Grand Prix
3135,1060,2023-05-30 13:09:32,highlights Joshua
3136,644,2023-09-07 19:37:17,highlights Verstappen
3137,2696,2023-07-09 22:25:55,Football
3138,795,2023-07-16 03:28:47,replay Premier League
3139,2113,2023-05-27 05:18:55,replay Boxing
3140,830,2023-08-06 14:01:45,replay Verstappen
3141,396,2023-11-29 16:40:18,interview Hamilton
3142,2207,2023-04-12 16:00:22,MMA
3143,1221,2023-05-08 01:15:00,highlights Jacobbury
3144,1492,2023-03-06 09:12:37,Mahomes
3145,1196,2023-11-02 22:01:16,MMA 2023
3146,2990,2023-08-30 04:18:10,full match Mayweather
3147,2724,2023-03-08 08:55:08,full match Champions League 2024
3148,2375,2023-12-27 01:30:04,Champions League
3149,695,2023-07-12 19:24:30,Super Bowl
3150,2201,2024-02-28 01:48:57,documentary Super Bowl
3151,2978,2023-06-20 04:34:09,full match Verstappen
3152,990,2023-02-21 11:54:22,interview Super Bowl 2023
3153,598,2023-05-29 20:25:05,full match Mahomes 2023
3154,713,2024-01-24 23:35:02,Super Bowl
3155,1459,2024-03-17 20:29:44,interview Premier League
3156,2335,2023-01-06 04:48:00,Mayweather
3157,865,2024-02-04 03:49:43,documentary Joshua 2023
3158,2719,2023-12-28 16:31:06,highlights Grand Prix
3159,470,2023-04-19 20:31:50,full match Mayweather 2024
3160,195,2023-05-16 10:52:34,replay Darts
3161,2027,2023-10-06 20:03:40,interview Boxing 2024
3162,354,2023-11-15 09:19:34,full match Tennis
3163,95,2023-12-01 23:23:04,documentary Super Bowl
3164,1992,2023-07-18 19:19:02,Ward
3165,2122,2023-03-11 23:28:31,replay Football
3166,1403,2023-01-18 02:48:02,documentary Boxing
3167,1035,2023-11-16 19:06:50,replay Hamilton
3168,2349,2023-09-09 04:41:14,Darts
3169,1117,2023-10-17 20:29:59,highlights MMA
3170,835,2023-01-20 00:06:26,replay Premier League
3171,256,2024-03-21 16:09:09,Super Bowl
3172,143,2023-11-24 18:30:10,documentary Mayweather
3173,989,2023-04-08 21:34:24,highlights Verstappen
3174,1664,2024-03-04 10:49:15,Foley
3175,2135,2024-03-10 23:39:34,interview Verstappen
3176,2347,2023-08-06 14:03:56,documentary Grand Prix
3177,2845,2023-09-28 03:40:44,Mayweather
3178,940,2024-02-13 07:15:53,replay NFL
3179,1353,2024-01-01 12:02:52,documentary NFL
3180,1217,2024-01-02 00:19:38,documentary Boxing
3181,1361,2023-04-27 10:54:37,highlights Super Bowl
3182,2003,2023-04-06 23:15:05,interview Super Bowl
3183,245,2023-08-08 19:21:46,Football
3184,737,2023-02-11 21:37:09,World Cup
3185,2716,2023-12-31 05:36:36,interview Jones
3186,2238,2023-02-05 12:33:37,full match Boxing
3187,703,2023-05-31 23:10:33,Joshua
3188,1133,2023-06-23 08:56:52,documentary Premier League
3189,2672,2023-07-10 09:31:07,full match Joshua
3190,1601,2023-02-17 23:04:30,full match Joshua
3191,1742,2023-12-04 09:41:36,Tennis
3192,1180,2023-01-24 17:28:12,full match World Cup
3193,1213,2023-06-30 18:24:14,interview Joshua
3194,1134,2023-03-19 18:15:01,Verstappen
3195,2414,2023-12-01 11:31:50,replay Super Bowl
3196,2463,2023-12-01 00:03:10,highlights Hamilton 2023
3197,1043,2023-07-06 18:31:37,documentary Ravensburg
3198,2617,2023-02-12 14:04:46,documentary Joshua
3199,2287,2023-07-28 08:24:14,replay Darts
3200,1485,2023-05-12 05:18:04,documentary Hamilton
3201,890,2023-12-20 05:02:14,full match Shaneburgh
3202,640,2023-03-27 12:25:38,interview Mahomes
3203,1791,2024-03-23 05:35:44,full match Verstappen 2023
3204,1186,2023-04-24 18:12:18,interview Hartley
3205,889,2023-05-05 22:18:27,replay Super Bowl
3206,2116,2023-04-24 22:02:35,Boxing 2023
3207,295,2023-03-18 06:28:10,full match Dianaview
3208,43,2023-11-04 08:02:55,full match Joshua
3209,289,2023-04-14 10:26:24,interview World Cup
3210,2064,2023-07-07 22:10:38,Boxing
3211,1951,2023-09-23 14:14:58,NFL
3212,2449,2023-01-04 04:34:46,interview Brady
3213,338,2024-01-19 03:54:11,documentary Tennis
3214,2053,2023-12-03 23:15:33,World Cup
3215,2328,2024-03-30 08:43:55,highlights Jonesview
3216,1642,2023-10-21 08:43:31,highlights Grand Prix 2024
3217,2253,2023-09-02 11:26:52,replay Champions League
3218,1093,2023-05-28 17:59:08,documentary Walter
3219,161,2023-02-08 09:49:31,full match World Cup
3220,869,2023-01-27 18:08:47,documentary Joshua
3221,613,2023-03-11 13:53:55,Boxing
3222,2912,2023-03-27 04:31:20,highlights F1
3223,433,2023-03-31 18:56:13,MMA
3224,319,2023-05-11 04:23:22,full match Boxing
3225,351,2024-02-08 20:22:16,documentary Brady
3226,1073,2023-07-20 03:08:21,interview Tennis
3227,468,2024-03-05 02:05:31,interview NFL
3228,2346,2023-08-01 13:18:46,highlights Mahomes
3229,2453,2024-03-19 19:34:21,replay Premier League
3230,1025,2023-09-03 20:56:34,interview Champions League
3231,1338,2023-03-07 14:52:15,full match Joshua
3232,653,2023-03-13 05:28:57,highlights Football
3233,789,2023-04-28 12:10:24,West Stephen
3234,1596,2023-02-17 04:18:35,interview Hamilton
3235,266,2024-01-11 06:50:21,interview Holt
3236,1991,2024-03-02 12:10:01,replay Football
3237,654,2023-06-08 12:26:40,highlights Tennis
3238,622,2024-01-21 16:57:15,full match Reedview
3239,2540,2024-01-07 10:49:21,documentary Darts
3240,2383,2023-10-17 09:53:42,documentary Darts
3241,1596,2023-04-02 19:12:00,Super Bowl
3242,1339,2023-09-04 19:53:43,full match Mahomes
3243,1792,2023-07-06 22:11:28,highlights Boxing
3244,830,2023-04-19 08:09:06,replay Mahomes
3245,216,2023-02-16 03:01:03,full match Football
3246,1548,2023-01-05 05:09:35,documentary Hamilton
3247,2217,2023-12-17 19:22:35,documentary Football
3248,1807,2023-10-20 20:20:45,replay Boxing
3249,1112,2023-12-28 09:41:27,full match Super Bowl
3250,1192,2024-01-12 11:24:14,highlights Port Anthonymouth
3251,1944,2023-05-10 11:25:44,highlights F1
3252,2479,2023-07-04 21:39:42,full match Mayweather
3253,1097,2023-11-23 10:57:14,World Cup
3254,435,2023-08-15 15:54:11,F1 2023
3255,1504,2023-09-11 20:30:12,replay Mahomes
3256,1468,2023-12-18 04:58:24,Davis
3257,1066,2023-07-24 17:12:39,documentary Champions League
3258,1176,2024-03-21 04:19:49,replay Grand Prix
3259,1701,2024-02-22 12:48:44,Tennis
3260,2899,2023-12-09 13:43:58,highlights Mahomes
3261,2183,2024-01-09 14:00:26,Boxing
3262,651,2023-01-24 22:58:54,interview Mayweather
3263,2566,2023-12-12 05:02:07,replay Verstappen
3264,2028,2023-04-06 13:07:37,interview MMA
3265,2159,2023-04-22 09:15:46,documentary MMA
3266,364,2023-01-17 21:46:09,documentary Boxing
3267,349,2023-06-19 12:22:25,full match Seelow 2024
3268,2315,2023-01-02 04:41:01,interview NFL
3269,1736,2023-02-09 04:59:43,replay Grand Prix 2024
3270,2680,2023-10-27 02:32:49,highlights Morgan
3271,2631,2023-01-24 17:05:37,full match Super Bowl
3272,660,2023-04-03 12:11:17,Boxing
3273,2123,2023-06-08 00:32:40,Football
3274,1216,2023-06-12 18:11:04,documentary Mahomes
3275,174,2023-04-10 12:39:50,highlights F1
3276,1383,2023-04-03 18:45:13,full match Football
3277,2182,2023-09-01 13:43:03,documentary Super Bowl
3278,428,2023-11-12 19:54:17,Grand Prix
3279,846,2024-01-06 14:04:36,documentary Champions League
3280,1250,2024-01-24 20:41:03,replay NFL
3281,2577,2023-05-24 12:01:19,full match Premier League
3282,1629,2023-09-17 09:37:20,interview Mayweather
3283,168,2024-02-20 18:01:34,interview F1
3284,963,2024-01-05 15:04:41,full match Bowenfurt 2024
3285,1611,2024-03-08 00:33:17,interview Premier League
3286,1828,2023-07-13 07:56:32,Football
3287,143,2023-02-10 04:22:25,Grand Prix
3288,267,2023-04-17 19:43:02,full match F1
3289,2051,2023-03-26 22:33:25,highlights Tennis
3290,826,2023-07-31 19:16:19,highlights F1
3291,642,2023-06-24 13:35:28,highlights Grand Prix
3292,1461,2023-09-28 20:56:22,highlights MMA
3293,2819,2023-05-12 21:32:03,highlights NFL
3294,63,2023-07-09 09:53:43,full match World Cup
3295,8,2024-02-24 14:38:05,replay Champions League
3296,516,2024-01-07 17:22:34,full match Darts
3297,2249,2023-12-20 06:22:22,Premier League
3298,2382,2024-03-09 14:03:37,full match Super Bowl
3299,360,2024-01-05 22:27:03,replay World Cup
3300,474,2023-01-07 04:33:00,Football
3301,788,2023-03-20 12:45:18,Mayweather 2024
3302,1687,2023-01-12 04:11:10,Joshua
3303,850,2023-08-15 10:43:58,Grand Prix
3304,1507,2023-03-09 08:42:59,Grand Prix
3305,381,2023-10-09 21:54:06,documentary F1 2023
3306,1305,2023-01-11 19:03:25,Boxing
3307,1977,2023-08-25 02:10:36,documentary World Cup
3308,530,2024-03-19 18:17:43,Champions League
3309,2164,2023-06-22 11:20:58,highlights Hamilton
3310,2449,2023-09-03 16:04:40,Joshua
3311,2475,2023-07-15 16:04:54,replay Mayweather
3312,1488,2023-06-17 22:32:57,replay F1
3313,1779,2023-01-01 16:41:29,Verstappen
3314,2131,2023-06-23 22:42:38,Grand Prix 2023
3315,2563,2023-02-27 16:38:02,F1 2024
3316,2204,2023-09-22 00:11:38,full match World Cup
3317,2028,2023-02-16 21:18:47,Mayweather
3318,967,2023-10-09 16:34:11,Grand Prix
3319,621,2023-08-06 08:40:07,Brady
3320,515,2023-01-08 08:42:27,Mayweather
3321,317,2023-09-24 18:01:14,Hamilton
3322,1221,2023-02-02 16:34:02,replay Mahomes
3323,1641,2023-02-07 16:26:35,interview NFL
3324,1139,2023-08-26 12:21:00,Tennis
3325,1393,2023-11-09 18:14:05,replay Champions League
3326,1691,2024-02-04 09:59:20,Hamilton
3327,2558,2024-03-16 11:12:53,Darts
3328,751,2023-10-04 02:29:36,interview NFL 2023
3329,2610,2023-01-12 22:55:31,interview Mayweather
3330,427,2023-05-13 21:47:28,documentary NFL 2024
3331,410,2023-07-05 15:32:36,highlights Tomlinson 2023
3332,2903,2023-08-16 18:21:09,interview Premier League 2023
3333,2326,2023-07-17 06:43:36,full match Geißler
3334,1297,2023-11-11 17:05:55,documentary Tennis
3335,2179,2023-06-30 20:09:45,replay Mahomes
3336,1320,2023-10-23 12:15:38,full match Super Bowl
3337,2194,2023-04-25 04:22:58,replay NFL
3338,235,2024-02-04 03:30:48,replay Joshua
3339,1844,2023-05-26 20:53:53,documentary Tennis
3340,2700,2024-03-27 10:15:35,documentary Verstappen
3341,502,2023-11-14 18:18:28,documentary Verstappen
3342,311,2023-12-27 19:05:04,Super Bowl
3343,1818,2023-07-04 14:07:23,NFL
3344,2041,2024-03-23 05:59:12,interview F1
3345,2304,2024-03-03 11:00:04,highlights Hamilton
3346,568,2023-05-17 11:20:15,documentary New Davidport
3347,607,2023-10-07 17:26:09,documentary Premier League
3348,245,2023-04-06 13:28:52,interview Champions League
3349,2703,2024-02-26 13:06:44,Mayweather
3350,1876,2023-12-23 15:36:47,replay Champions League 2023
3351,1510,2023-02-21 18:47:17,Tennis
3352,2413,2023-02-28 13:07:15,documentary Brady 2023
3353,2015,2023-06-01 05:45:13,full match Mayweather
3354,2517,2023-04-23 20:43:05,Champions League
3355,1407,2023-12-25 10:45:09,documentary Joshua
3356,1705,2023-10-14 17:29:13,replay Football
3357,1354,2023-04-08 10:54:08,highlights F1
3358,1856,2023-03-28 12:30:34,World Cup
3359,1311,2024-03-04 13:18:08,Mahomes
3360,569,2023-01-12 21:27:14,NFL
3361,2920,2024-03-20 21:19:44,full match Joshua
3362,462,2023-12-02 13:42:53,full match Champions League
3363,2096,2023-05-09 15:01:34,full match Boxing
3364,2754,2023-07-03 05:41:56,highlights World Cup
3365,561,2024-03-14 21:52:41,interview Hamilton
3366,723,2024-01-24 07:35:36,Champions League
3367,1118,2023-07-09 19:22:48,highlights Grand Prix
3368,2881,2023-01-14 18:16:16,Grand Prix
3369,2623,2023-04-17 05:16:19,MMA 2024
3370,2714,2023-12-30 05:10:11,Mahomes
3371,634,2024-01-31 04:07:55,replay Boxing
3372,2233,2023-02-26 12:46:05,Premier League
3373,2768,2023-02-07 06:12:04,full match World Cup
3374,652,2023-11-05 09:10:56,Mayweather
3375,2834,2023-06-15 23:24:29,interview Verstappen
3376,211,2023-09-08 05:20:56,documentary Football
3377,2503,2023-08-04 05:58:45,replay Grand Prix
3378,65,2023-04-18 17:21:44,interview Super Bowl
3379,2057,2023-06-07 11:38:46,documentary Super Bowl
3380,1570,2023-08-13 22:33:47,replay Football
3381,1705,2023-10-26 01:27:18,highlights Verstappen
3382,511,2023-10-14 20:21:11,highlights Joshua
3383,2081,2023-05-15 03:31:32,documentary Premier League
3384,1099,2023-10-29 22:19:25,Grand Prix
3385,844,2023-09-29 12:36:15,interview Verstappen
3386,2329,2023-06-20 19:05:17,documentary Grand Prix
3387,1586,2023-07-30 04:02:56,interview MMA
3388,1873,2024-01-10 07:51:15,documentary Joshua
3389,2777,2023-08-08 02:03:34,highlights NFL
3390,1317,2023-12-25 12:17:18,full match Tennis 2023
3391,2913,2023-07-04 21:58:14,F1
3392,2401,2024-01-04 03:07:36,Brady 2023
3393,2512,2024-02-18 23:01:38,highlights Sanchez
3394,800,2024-03-27 23:06:47,replay MMA
3395,1014,2023-12-03 21:35:30,highlights Hamilton
3396,1162,2023-06-11 00:42:05,replay World Cup
3397,586,2023-09-18 01:17:18,World Cup
3398,2551,2023-12-29 00:28:39,interview Champions League
3399,1711,2023-04-25 17:01:14,replay Football
3400,262,2023-03-17 14:55:16,replay MMA
3401,1381,2023-04-15 21:51:09,documentary Shaw
3402,2018,2024-03-14 05:34:46,replay Juarez
3403,1774,2023-04-21 09:58:59,Jäntsch
3404,2854,2023-01-28 14:35:27,Darts 2024
3405,1578,2023-12-17 00:29:22,highlights Mahomes
3406,1656,2023-07-29 23:48:20,interview Brady
3407,2967,2023-06-15 07:36:38,Hamilton
3408,512,2024-03-30 21:02:25,Brady
3409,1605,2024-01-20 18:13:12,documentary Brady
3410,621,2023-08-11 09:37:22,highlights Mayweather
3411,1592,2024-01-12 18:54:31,Lake Roy
3412,2278,2023-11-29 07:10:03,full match Joshua
3413,1738,2023-06-16 21:30:46,replay Football
3414,1624,2023-12-01 03:22:59,replay Tennis
3415,56,2023-10-28 09:47:50,replay Darts
3416,1991,2024-03-03 11:14:14,full match Football 2023
3417,1457,2023-09-03 09:36:01,documentary Hamilton
3418,2107,2024-03-14 02:31:23,highlights MMA 2024
3419,2477,2023-12-30 19:36:47,highlights Verstappen
3420,2881,2023-07-21 16:16:29,replay Smith 2024
3421,402,2023-10-15 23:19:59,full match Bad Langensalza
3422,1208,2023-03-08 02:23:31,replay Verstappen
3423,1714,2023-07-14 03:10:19,highlights Phillips
3424,2964,2023-09-06 11:36:59,documentary Football
3425,2188,2024-01-07 19:30:06,full match Premier League 2024
3426,2118,2023-12-14 11:42:32,documentary F1 2024
3427,419,2023-05-04 17:07:47,full match Boxing
3428,1471,2024-01-21 13:49:04,World Cup
3429,190,2023-12-02 14:56:07,documentary Tennis
3430,2842,2023-12-21 15:04:45,documentary Premier League
3431,2846,2023-09-01 02:51:26,Mahomes
3432,2783,2023-12-12 08:43:40,full match Boxing
3433,845,2024-02-01 14:05:49,full match Premier League
3434,2032,2023-01-25 07:17:09,Terry
3435,1705,2023-07-01 22:37:16,Mahomes
3436,646,2023-05-03 04:09:26,Hethur
3437,119,2023-02-16 13:47:43,documentary Football
3438,1895,2023-04-15 02:47:19,highlights World Cup
3439,2321,2023-04-16 07:53:10,interview Mayweather
3440,634,2023-06-28 09:49:58,documentary Borken
3441,128,2023-05-25 09:27:29,full match Hamilton
3442,390,2023-02-08 09:43:35,interview Mahomes
3443,2243,2023-06-29 11:45:27,replay Mayweather
3444,873,2024-01-10 01:38:12,replay South Scott
3445,2915,2024-01-22 07:15:33,Brady 2024
3446,1459,2023-10-20 06:58:58,NFL
3447,2228,2023-09-04 18:20:42,documentary Grand Prix
3448,1516,2023-01-08 17:07:27,interview Brady
3449,2094,2024-02-24 10:45:33,replay MMA
3450,290,2023-03-25 18:09:57,full match World Cup
3451,2793,2024-01-05 10:04:08,Super Bowl
3452,2124,2023-02-03 16:05:09,replay Stollberg
3453,2313,2024-03-24 13:17:18,full match Champions League
3454,1202,2023-11-08 04:51:37,highlights Super Bowl
3455,1625,2023-03-20 23:41:43,highlights Verstappen
3456,734,2023-08-12 04:28:58,Joshua
3457,387,2023-02-22 15:37:20,highlights MMA 2023
3458,1342,2023-05-31 20:52:07,full match Harloff
3459,1197,2023-10-07 15:27:42,full match MMA
3460,119,2023-03-19 00:52:13,full match Grand Prix 2023
3461,647,2024-01-07 18:45:44,interview Mahomes
3462,2924,2023-11-22 03:20:55,Super Bowl
3463,2042,2023-06-07 07:55:09,Football
3464,305,2023-08-13 21:30:49,Grand Prix
3465,930,2023-04-03 01:42:24,Football
3466,367,2024-01-31 13:11:43,documentary Mahomes
3467,2315,2023-05-27 15:16:33,highlights MMA
3468,1759,2023-06-20 22:36:22,interview Mahomes
3469,1544,2023-04-26 07:15:10,highlights Football
3470,1720,2024-02-02 17:28:08,documentary Tennis
3471,1183,2024-03-28 05:51:57,Darts
3472,1144,2023-10-28 09:13:54,highlights Darts
3473,2380,2024-02-14 20:10:21,highlights Super Bowl
3474,2502,2023-10-28 21:11:28,Joshua
3475,2004,2024-03-21 09:16:13,highlights Tennis
3476,816,2023-07-15 21:26:05,World Cup 2024
3477,956,2023-08-04 23:25:35,Mayweather 2023
3478,1059,2024-02-11 13:23:14,interview Champions League
3479,638,2023-08-21 18:34:10,interview Premier League
3480,1317,2023-08-19 17:59:08,Boxing 2024
3481,2056,2023-01-03 23:49:45,interview Senftenberg
3482,44,2024-01-11 08:40:26,Brady
3483,2859,2024-03-11 17:19:55,Grand Prix
3484,802,2023-10-20 20:04:19,replay F1
3485,900,2023-10-07 10:29:51,highlights Super Bowl
3486,76,2023-09-01 18:13:48,replay Chambers
3487,25,2023-01-13 09:18:05,interview F1
3488,723,2023-04-21 15:00:53,documentary Werner
3489,1294,2023-04-02 23:25:11,interview Grand Prix
3490,1058,2023-02-22 10:48:02,replay Hamilton
3491,681,2023-02-24 03:53:59,Roskoth
3492,1152,2024-02-08 19:42:55,highlights Champions League
3493,2747,2023-06-08 01:06:28,replay Grand Prix
3494,2557,2024-03-21 04:29:01,interview Mayweather
3495,1304,2023-04-12 00:37:34,Joshua
3496,1752,2023-02-18 12:48:56,highlights Maryhaven
3497,2045,2023-07-05 15:02:42,highlights NFL
3498,1939,2023-07-07 17:30:43,documentary Boxing
3499,1833,2023-03-06 13:04:30,highlights Football
3500,2820,2024-03-19 08:23:11,interview Joshua 2023
3501,2348,2024-02-21 05:48:58,highlights Hamilton
3502,1525,2023-10-28 03:40:27,documentary Brady
3503,1692,2023-04-10 23:16:43,full match MMA
3504,1785,2023-01-27 07:09:41,full match Mahomes
3505,6,2024-02-08 12:24:36,replay Super Bowl 2024
3506,2211,2023-02-21 07:53:10,Mayweather 2023
3507,742,2023-03-05 17:32:05,NFL
3508,267,2023-02-21 18:39:12,Champions League
3509,951,2023-10-23 21:27:58,highlights Verstappen
3510,2900,2023-08-12 07:59:51,full match Joshua
3511,818,2023-07-28 21:41:22,Super Bowl
3512,722,2023-12-14 12:24:08,documentary Super Bowl
3513,768,2023-06-27 19:58:48,highlights Joshua
3514,761,2023-08-06 02:06:37,replay Verstappen
3515,1505,2023-12-10 11:34:54,documentary Brady
3516,1810,2023-05-24 15:54:45,New Hunterville
3517,725,2023-03-07 02:21:08,documentary Mayweather
3518,1410,2023-11-26 08:43:58,Joshua
3519,313,2023-02-17 22:57:54,replay Premier League
3520,1390,2023-07-24 16:26:20,interview MMA
3521,1329,2023-11-07 21:46:45,Super Bowl
3522,2470,2023-08-03 06:05:11,Brady
3523,1938,2023-02-01 17:24:27,interview Grand Prix
3524,704,2024-02-20 06:39:33,Super Bowl
3525,1481,2023-04-29 01:17:54,highlights World Cup
3526,2006,2023-06-15 02:56:49,highlights F1
3527,1244,2023-12-30 15:02:56,Hamilton
3528,1642,2023-02-06 13:06:44,documentary Boxing
3529,1636,2023-08-16 06:57:33,documentary Tennis
3530,1884,2023-05-22 03:27:23,documentary Premier League
3531,525,2023-09-02 21:34:42,documentary Premier League
3532,50,2024-03-01 16:52:26,documentary Verstappen
3533,2310,2023-11-24 09:14:36,Mayweather
3534,2244,2023-03-18 19:20:58,documentary F1
3535,450,2023-11-07 09:54:02,documentary Premier League
3536,809,2023-12-24 18:29:43,Champions League
3537,613,2023-05-26 23:27:34,highlights World Cup
3538,1830,2023-02-16 21:24:50,replay Super Bowl 2023
3539,2248,2023-07-05 10:29:27,Football 2024
3540,923,2023-07-15 15:50:03,full match Brady
3541,2124,2023-09-23 12:37:51,Hamilton
3542,2230,2023-01-18 04:54:22,highlights Boxing
3543,1454,2023-11-08 22:58:15,full match George
3544,264,2023-04-29 02:55:09,documentary NFL
3545,952,2023-10-31 08:46:51,highlights Hamilton
3546,2995,2023-06-15 05:18:50,interview Champions League
3547,641,2023-08-03 17:08:57,interview Champions League
3548,703,2023-07-01 17:21:12,highlights Hamilton
3549,1952,2023-07-04 15:40:31,Mahomes
3550,1521,2023-11-06 00:19:25,replay Mayweather
3551,610,2023-12-13 10:35:48,highlights Champions League
3552,552,2023-10-20 12:20:10,full match Rasmussen 2024
3553,1083,2024-01-18 18:43:01,documentary Premier League
3554,475,2024-02-06 21:33:25,replay NFL 2023
3555,2305,2023-07-14 12:51:57,documentary Tennis
3556,1762,2023-04-02 23:03:45,replay Nash
3557,765,2024-02-11 12:32:19,documentary Hamilton
3558,1149,2024-02-09 01:42:34,full match Verstappen
3559,874,2023-11-10 03:55:04,replay Taylor
3560,290,2024-02-21 06:35:33,Brown
3561,1971,2023-05-22 20:35:58,documentary Premier League
3562,2106,2023-01-28 22:06:35,full match Goslar
3563,1447,2023-04-15 20:45:54,replay Champions League
3564,1750,2024-03-02 02:25:04,full match Speer
3565,1477,2023-06-14 19:05:37,Verstappen
3566,311,2023-08-25 15:10:53,Football
3567,319,2023-08-27 18:57:44,documentary Watsonfurt
3568,2131,2024-01-10 01:58:44,Tennis
3569,2687,2023-02-15 06:10:15,interview Grand Prix
3570,2839,2023-02-09 05:04:18,full match Boxing
3571,2131,2024-01-15 03:47:54,replay Champions League
3572,1458,2023-04-24 01:10:40,World Cup
3573,1820,2023-02-13 22:00:10,interview Mayweather
3574,1082,2024-01-07 21:57:56,interview Hamilton
3575,1609,2023-10-23 19:14:12,Darts
3576,893,2024-01-22 17:56:46,interview Tennis
3577,2208,2023-05-05 15:31:34,interview Super Bowl
3578,2611,2023-06-17 10:42:14,full match Scheel 2024
3579,683,2023-08-10 03:59:29,interview Mayweather
3580,78,2023-06-02 06:28:47,full match Bitterfeld
3581,2510,2024-01-19 17:20:54,documentary F1
3582,2243,2023-08-05 09:06:33,documentary Hamilton
3583,727,2023-08-04 13:45:05,interview Mahomes
3584,630,2023-07-17 20:40:57,Brady
3585,1403,2023-09-05 16:34:49,highlights NFL
3586,2761,2023-11-02 07:18:25,MMA
3587,775,2023-07-02 13:11:14,replay Wendyville
3588,847,2024-02-28 07:53:06,full match Brady
3589,1496,2023-03-23 02:23:45,Segebahn
3590,400,2023-10-22 19:26:45,Premier League
3591,2472,2023-06-12 22:37:02,Boxing
3592,675,2023-05-09 17:36:31,Super Bowl
3593,2128,2023-06-06 14:47:23,Boxing
3594,1489,2023-04-26 21:42:42,replay Grand Prix
3595,2729,2023-11-16 07:10:02,full match World Cup
3596,2388,2023-08-27 19:08:58,highlights Joshua
3597,2694,2023-09-22 20:05:26,Champions League
3598,2803,2023-10-02 11:24:44,full match World Cup
3599,2318,2023-07-08 05:57:50,full match Grand Prix 2024
3600,887,2023-05-27 09:38:33,documentary MMA
3601,456,2023-02-22 12:08:00,highlights Boxing
3602,1181,2023-04-02 02:09:31,documentary Hoffmann
3603,2372,2023-04-09 22:37:49,highlights MMA 2023
3604,688,2023-12-05 07:32:23,highlights MMA
3605,1349,2023-02-22 04:17:08,full match Football
3606,2822,2023-01-21 03:56:58,documentary World Cup 2023
3607,506,2023-02-04 16:28:44,documentary Champions League
3608,1249,2024-03-27 21:46:44,interview Hamilton 2024
3609,2793,2023-02-24 00:35:04,interview Joshua
3610,198,2023-04-26 20:03:36,interview F1
3611,2336,2024-01-07 23:41:42,highlights World Cup
3612,407,2023-05-27 14:22:27,replay MMA 2024
3613,1564,2023-02-02 06:20:07,full match South Marian
3614,1786,2023-04-15 03:05:48,documentary World Cup
3615,1602,2024-03-22 18:54:44,highlights Williamshaven
3616,1203,2024-03-24 18:21:04,highlights Mahomes 2024
3617,1831,2024-02-22 15:45:14,Perleberg
3618,2174,2023-06-05 07:50:28,Verstappen 2024
3619,829,2023-07-30 08:40:27,highlights Joshua
3620,2994,2023-01-20 16:58:06,interview Boxing
3621,2148,2023-06-14 08:32:49,Super Bowl
3622,828,2023-06-24 19:40:07,Super Bowl 2024
3623,733,2023-01-13 07:42:40,interview Football
3624,470,2023-07-07 05:24:09,highlights NFL
3625,558,2023-02-19 00:17:20,full match Tennis
3626,94,2024-02-24 09:55:17,documentary Mayweather 2023
3627,1650,2023-03-30 01:21:39,replay Premier League
3628,2239,2024-03-29 03:48:41,replay F1
3629,2274,2023-03-30 02:11:01,replay NFL
3630,2114,2023-01-14 09:08:40,replay Champions League
3631,2577,2023-10-21 23:25:49,full match Premier League 2024
3632,2835,2023-12-06 08:05:25,highlights Boxing
3633,2422,2023-03-15 14:27:23,documentary Grand Prix
3634,1911,2024-03-28 07:35:28,interview Football 2023
3635,1438,2023-06-30 04:26:04,Champions League
3636,2263,2023-03-11 08:18:18,replay Super Bowl 2024
3637,1490,2024-03-26 00:29:29,documentary Hamilton
3638,2180,2023-11-10 22:36:37,documentary Darts
3639,961,2024-03-20 12:11:42,documentary Boxing
3640,2354,2023-05-14 04:25:57,interview Gotha
3641,1198,2023-10-09 07:28:41,interview NFL 2023
3642,1231,2023-08-13 05:13:10,highlights World Cup
3643,1902,2023-03-24 03:00:32,replay Hamilton
3644,1425,2023-03-25 20:48:41,Boxing
3645,2459,2023-09-12 13:10:04,documentary Verstappen 2023
3646,305,2023-02-18 06:32:16,Super Bowl
3647,1486,2023-06-26 21:52:15,full match Graham
3648,1956,2023-07-09 01:52:22,interview World Cup
3649,2457,2023-04-05 12:10:18,replay Johnson
3650,707,2024-01-28 20:54:05,full match Grand Prix
3651,374,2024-01-09 05:55:53,Freeman 2024
3652,283,2023-11-30 18:32:12,full match Mahomes
3653,1150,2023-06-09 00:42:27,documentary Boxing
3654,1578,2023-12-19 01:59:50,replay Tennis
3655,2904,2023-01-12 04:44:00,highlights Tennis
3656,2738,2023-12-27 21:07:47,highlights Darts
3657,1512,2023-07-16 02:52:29,Tomlinsonmouth
3658,2894,2023-02-28 07:09:11,documentary Tennis
3659,6,2023-03-18 05:11:27,highlights Francis
3660,1279,2023-03-13 15:49:31,NFL
3661,166,2023-07-25 21:52:25,replay NFL
3662,2769,2023-12-13 15:27:53,replay Premier League
3663,2071,2023-10-04 13:10:33,Super Bowl
3664,2858,2023-12-20 22:40:44,documentary Super Bowl 2024
3665,153,2023-07-22 07:22:30,full match East Phillip
3666,1359,2023-11-25 03:16:35,full match Hamilton 2024
3667,686,2023-08-16 23:37:42,replay Boxing
3668,1489,2023-06-04 14:04:06,documentary Football
3669,439,2024-01-29 09:05:12,interview Football
3670,1386,2024-02-14 13:15:29,documentary Grand Prix
3671,939,2023-02-16 23:01:48,replay NFL
3672,1572,2023-08-10 19:50:42,replay Darts
3673,1016,2023-08-29 12:53:32,documentary Mahomes 2024
3674,1969,2023-12-30 16:31:59,interview Tennis
3675,1797,2023-07-22 11:43:00,Grand Prix
3676,2331,2024-02-13 21:27:15,replay Football
3677,815,2023-09-30 01:30:30,documentary Verstappen
3678,599,2023-07-23 03:40:11,interview Mahomes 2023
3679,1661,2023-01-29 20:48:28,interview Mahomes 2024
3680,561,2023-05-12 06:39:16,highlights Grand Prix 2023
3681,1777,2023-02-06 22:04:31,interview World Cup
3682,1437,2023-01-20 12:54:32,documentary NFL
3683,857,2023-08-17 08:51:20,highlights Verstappen
3684,1382,2024-01-13 18:43:33,interview Brady
3685,199,2023-01-24 05:17:28,Boxing 2024
3686,214,2023-02-03 13:37:22,Darts
3687,1372,2024-03-17 11:45:05,full match Mayweather 2023
3688,2363,2024-01-19 08:17:43,highlights MMA
3689,2739,2023-07-23 22:31:21,Verstappen
3690,1708,2023-12-17 09:29:04,interview MMA
3691,1886,2023-11-15 19:13:43,full match Darts
3692,1892,2023-04-07 13:23:34,interview F1
3693,2302,2024-01-13 12:27:45,Darts
3694,636,2023-01-31 15:37:09,documentary Verstappen
3695,13,2023-12-12 11:07:04,Champions League
3696,2818,2023-11-11 22:40:30,full match Joshua
3697,338,2023-03-08 05:14:46,Darts
3698,1005,2023-10-16 14:05:50,interview World Cup
3699,2399,2023-03-26 14:32:39,documentary World Cup
3700,2776,2023-07-27 12:10:30,highlights Champions League
3701,2666,2023-05-09 01:08:27,Champions League
3702,956,2024-02-05 06:20:03,Football
3703,2687,2023-04-29 09:27:08,replay Powell
3704,2286,2023-05-01 13:55:49,documentary Grand Prix
3705,1770,2023-08-12 19:00:30,highlights Football
3706,1489,2023-03-11 02:14:04,interview Verstappen
3707,359,2024-01-27 03:12:07,Football
3708,75,2023-02-11 12:54:45,Super Bowl
3709,1398,2023-07-25 02:55:39,full match Buckley
3710,2326,2023-06-12 02:39:57,Verstappen
3711,1997,2024-03-21 08:39:38,Hamilton
3712,856,2023-11-23 07:02:17,F1
3713,1889,2023-12-31 15:37:35,interview Darts
3714,566,2023-05-30 12:28:21,documentary World Cup
3715,890,2023-10-08 10:18:05,interview Bradshaw
3716,2905,2023-01-06 03:59:50,highlights MMA
3717,1361,2023-10-30 12:55:28,full match Tennis
3718,2993,2023-08-15 01:50:15,Tennis
3719,1548,2023-12-29 17:42:48,replay Boxing
3720,1802,2023-09-15 18:41:56,Tennis 2023
3721,437,2023-01-03 13:36:05,interview Premier League
3722,2505,2023-03-25 18:02:54,documentary Joshua
3723,1753,2024-02-18 01:07:04,documentary Tennis
3724,849,2023-08-23 23:07:38,Hamilton
3725,1474,2023-04-10 14:33:25,full match Boxing
3726,1101,2023-04-29 22:35:20,interview Champions League
3727,2480,2023-02-16 16:23:24,Brady
3728,1440,2024-03-24 20:21:55,highlights Football
3729,2265,2023-01-07 03:38:18,NFL 2024
3730,599,2023-06-18 23:26:25,replay Hamilton
3731,1274,2023-06-09 07:11:20,highlights Boxing
3732,2560,2023-09-07 16:03:27,Port Kevinborough
3733,2425,2023-02-19 01:11:49,replay Johnson
3734,1424,2024-02-17 09:34:48,documentary Premier League
3735,1481,2023-04-27 16:08:58,documentary F1
3736,2130,2023-12-29 14:53:15,Mahomes
3737,1521,2023-07-05 19:51:25,interview Premier League 2023
3738,2672,2023-09-24 18:49:39,highlights Joshua
3739,261,2023-09-04 14:47:38,Mahomes
3740,2367,2023-10-17 17:11:43,documentary Champions League
3741,553,2023-10-06 02:58:35,interview MMA
3742,15,2023-08-22 09:30:14,interview MMA
3743,2964,2023-05-28 16:19:04,highlights Tennis
3744,463,2023-01-08 03:12:28,highlights Premier League
3745,1688,2024-01-07 13:28:37,Champions League 2023
3746,21,2023-04-13 12:21:11,interview MMA
3747,897,2023-04-14 19:33:32,documentary Bolander
3748,2426,2023-09-17 16:52:22,interview Brady
3749,169,2023-06-16 07:00:02,full match Mayweather 2023
3750,112,2023-10-11 15:36:33,Joshua
3751,1748,2023-01-03 23:40:38,documentary Champions League
3752,2826,2023-04-22 07:03:23,documentary Kimberlybury
3753,1322,2023-05-05 01:23:28,interview NFL
3754,1481,2024-01-21 10:51:03,documentary Brady
3755,1639,2024-01-16 21:19:35,highlights Boxing
3756,1946,2023-02-03 04:23:15,highlights World Cup
3757,695,2023-08-16 15:03:32,highlights NFL
3758,196,2023-08-07 16:27:48,Darts
3759,332,2024-01-06 23:53:02,Mahomes
3760,1623,2024-01-03 19:40:09,Tennis 2024
3761,1163,2023-05-25 09:49:03,Football
3762,521,2023-07-02 01:54:21,documentary Brady
3763,371,2023-02-23 07:24:13,Käster
3764,1701,2023-07-26 02:59:11,Super Bowl 2023
3765,2278,2024-03-07 07:14:24,documentary MMA
3766,2057,2024-01-28 23:46:25,Champions League
3767,1223,2023-09-09 12:10:32,interview South Chloe
3768,1777,2024-02-08 12:57:08,Grantberg
3769,1704,2024-03-28 04:19:22,full match Boxing
3770,688,2023-01-09 16:17:53,replay World Cup
3771,540,2023-01-17 18:31:08,interview World Cup
3772,364,2023-07-29 00:03:28,Super Bowl
3773,1197,2023-02-28 04:49:24,replay Hamilton
3774,1680,2023-07-21 00:08:04,full match Mayweather
3775,2983,2024-03-18 12:55:57,World Cup
3776,2785,2023-11-20 02:12:55,replay World Cup
3777,1657,2023-07-29 03:01:55,interview Verstappen
3778,2356,2023-10-09 22:04:22,interview Mahomes
3779,1011,2024-03-18 23:20:39,replay Darts
3780,418,2023-01-12 01:07:21,replay Joshua
3781,871,2023-03-26 13:21:20,Joshua
3782,1903,2023-07-26 05:32:36,replay Joshua
3783,2904,2023-01-23 10:52:32,highlights Hamilton
3784,2314,2023-04-24 06:40:59,replay Grand Prix
3785,2057,2023-10-17 06:27:25,full match Grand Prix
3786,1608,2023-03-03 22:43:46,highlights Brady
3787,1737,2023-04-01 19:15:54,full match Football 2023
3788,1711,2023-08-30 17:28:54,Boxing
3789,1366,2024-02-25 08:32:16,interview Darts
3790,881,2023-03-22 20:10:27,Tennis
3791,316,2023-09-10 09:21:58,highlights NFL
3792,314,2023-09-11 12:04:15,highlights Mayweather
3793,1411,2023-03-29 21:10:25,highlights Boxing 2024
3794,2669,2023-02-28 16:17:02,highlights Mayweather
3795,1258,2024-03-29 16:06:44,interview Hamilton
3796,686,2023-01-29 09:57:41,replay Champions League
3797,24,2023-11-04 00:13:52,replay MMA
3798,227,2023-03-13 05:38:28,documentary Brady
3799,729,2023-07-10 13:04:43,highlights Mayweather
3800,666,2023-07-02 14:14:49,replay West Allison
3801,430,2023-12-10 04:49:47,highlights Premier League
3802,678,2023-01-16 08:24:56,Super Bowl
3803,324,2023-01-06 17:18:17,Mayweather
3804,1013,2023-06-11 12:04:18,Joshua
3805,1335,2023-05-30 20:06:41,full match Boxing 2023
3806,183,2023-01-30 00:14:30,Darts
3807,2000,2023-11-06 07:04:30,MMA
3808,2165,2023-05-18 16:00:10,Mahomes 2023
3809,2585,2024-02-22 01:11:51,interview Premier League
3810,2644,2023-05-23 08:40:17,full match NFL
3811,2099,2024-02-12 22:07:30,full match Tennis
3812,451,2024-02-25 17:11:44,replay Darts
3813,2394,2023-11-03 07:20:20,replay Cooper
3814,1304,2023-08-25 20:49:16,highlights Grand Prix
3815,359,2023-10-09 03:45:41,F1
3816,309,2023-11-13 05:36:24,Tennis
3817,2209,2023-01-07 11:44:59,Mahomes
3818,1777,2023-09-20 13:56:08,documentary F1
3819,2969,2023-06-15 10:29:39,F1
3820,2480,2023-01-12 13:06:03,full match F1
3821,1405,2023-02-08 02:47:45,full match Grand Prix
3822,738,2023-09-22 16:51:46,MMA
3823,134,2023-06-19 18:33:23,Mahomes
3824,1571,2023-04-19 10:37:09,replay Higgins
3825,2127,2023-10-27 19:53:22,documentary Einbeck 2024
3826,1895,2023-08-23 10:16:57,replay Grand Prix 2023
3827,2628,2024-02-20 01:23:31,highlights Mahomes
3828,1318,2023-05-17 03:34:34,Tennis
3829,2193,2023-05-06 23:01:05,full match Football
3830,1807,2023-10-13 15:30:22,replay F1
3831,1966,2023-11-04 13:38:27,documentary Darts
3832,2383,2023-08-16 17:07:52,interview Verstappen
3833,1673,2024-02-26 15:21:28,interview Tennis
3834,2505,2023-09-01 11:12:58,highlights Premier League
3835,1958,2024-03-17 01:13:52,interview NFL
3836,1060,2023-12-29 04:08:12,documentary Darts
3837,1364,2023-06-29 23:52:00,interview World Cup
3838,1678,2024-01-06 11:39:09,replay Super Bowl
3839,2890,2023-05-31 14:50:10,replay Bad Kissingen
3840,310,2023-07-29 21:35:42,documentary Super Bowl 2023
3841,409,2024-03-26 10:15:45,replay Boxing
3842,60,2024-01-19 10:59:39,Darts
3843,653,2024-03-26 13:27:23,full match Brady
3844,1125,2023-04-27 14:02:15,documentary Joshua
3845,298,2023-12-08 14:20:01,interview Tennis
3846,2229,2024-02-13 08:31:31,full match World Cup
3847,1780,2023-04-06 23:23:48,Football
3848,1659,2023-04-04 10:18:44,replay Premier League
3849,1706,2023-11-29 17:09:27,Darts
3850,2937,2023-05-07 08:18:20,full match Bergzabern 2023
3851,940,2023-03-10 13:45:59,interview NFL 2024
3852,2821,2023-07-15 13:53:50,documentary Super Bowl
3853,2704,2023-06-25 03:41:25,MMA
3854,2293,2024-01-19 12:12:49,Verstappen
3855,2673,2023-02-22 22:20:54,documentary Brady
3856,595,2023-06-30 07:44:02,interview MMA
3857,1996,2023-11-10 04:36:07,World Cup
3858,1436,2023-12-11 23:10:32,Darts
3859,2920,2023-03-26 02:34:51,documentary F1
3860,1429,2023-10-06 18:11:52,replay Verstappen
3861,2599,2023-07-13 10:32:49,NFL
3862,1725,2024-01-29 11:50:56,replay Darts
3863,1179,2023-09-10 08:20:58,World Cup
3864,2703,2023-05-14 12:04:29,Hamilton
3865,104,2023-06-24 10:46:57,Joshua
3866,130,2023-01-03 02:51:10,replay World Cup
3867,92,2023-05-07 05:54:32,replay MMA
3868,1602,2023-03-30 13:24:23,full match Darts
3869,1131,2024-02-03 16:37:10,highlights Mayweather
3870,1752,2023-06-22 16:11:07,replay Super Bowl 2023
3871,2557,2023-08-12 11:35:10,highlights Jones
3872,1496,2023-01-23 06:28:38,replay Football
3873,2814,2023-06-09 07:47:05,documentary Mahomes
3874,2451,2024-03-30 06:24:57,documentary Grand Prix
3875,1253,2023-10-08 13:00:21,highlights Super Bowl 2024
3876,1243,2024-02-06 04:15:45,full match Football
3877,443,2023-12-20 19:43:50,replay Champions League
3878,937,2023-06-04 00:57:43,F1
3879,2037,2023-08-26 17:09:03,full match Super Bowl 2024
3880,1318,2023-01-04 23:13:22,full match Champions League
3881,1228,2023-03-07 03:15:37,full match Rostock
3882,1881,2023-05-19 17:38:50,interview Mayweather
3883,1541,2024-03-27 10:17:17,highlights Football
3884,1527,2024-03-09 18:44:05,Grand Prix
3885,1277,2023-10-11 06:34:03,highlights Champions League
3886,1146,2023-01-10 06:11:45,Brady 2024
3887,1870,2023-05-04 23:19:02,documentary Mälzer 2024
3888,1500,2023-08-05 21:35:31,replay F1
3889,373,2023-04-09 01:41:47,interview Brady
3890,1598,2023-04-22 05:13:22,Super Bowl
3891,1342,2023-08-31 06:22:55,MMA
3892,1310,2023-08-24 02:53:01,interview Joshua
3893,2627,2023-04-15 07:43:00,NFL
3894,353,2023-08-11 06:56:58,full match Grand Prix
3895,2937,2023-10-04 02:03:06,Premier League 2023
3896,1754,2023-08-29 00:48:34,interview Mahomes
3897,1075,2023-08-17 00:13:55,Football
3898,267,2024-03-08 01:20:34,highlights Tennis 2023
3899,1017,2023-05-13 16:37:55,NFL
3900,2808,2023-10-13 18:06:01,Joshua
3901,1352,2023-08-20 23:04:46,highlights Premier League 2023
3902,2284,2023-08-07 21:56:26,documentary Hamilton
3903,2698,2024-02-10 18:59:12,Premier League 2023
3904,2436,2023-02-05 15:59:46,Grand Prix
3905,608,2023-08-28 18:16:02,Football
3906,512,2023-11-23 05:05:08,Super Bowl
3907,618,2023-10-19 02:09:11,Grand Prix
3908,1218,2023-03-24 07:31:03,Hamilton
3909,149,2023-04-24 09:39:16,Football
3910,1809,2023-02-02 23:28:45,documentary South Bradley 2023
3911,602,2023-05-02 17:21:31,documentary World Cup
3912,225,2023-10-26 21:28:31,Tennis
3913,782,2023-09-30 17:48:22,documentary NFL
3914,1740,2023-01-25 14:33:06,replay Säuberlich
3915,2453,2023-07-15 05:11:30,Grand Prix
3916,2073,2023-08-03 17:14:57,documentary Mayweather
3917,2896,2023-08-13 12:26:11,highlights Premier League
3918,1778,2023-12-04 11:07:53,interview World Cup 2024
3919,297,2024-03-26 08:47:33,highlights World Cup
3920,1503,2023-06-10 08:24:59,World Cup
3921,2003,2023-09-22 18:32:03,replay Mayweather
3922,1117,2023-09-29 14:39:06,full match NFL
3923,458,2024-01-09 11:05:37,Tennis
3924,2994,2024-02-08 08:35:06,interview Verstappen
3925,2242,2023-03-16 04:10:42,full match Darts
3926,2781,2023-06-17 10:54:19,highlights Mayweather
3927,2922,2023-09-22 17:57:48,interview Boxing
3928,839,2024-03-03 03:04:23,full match Super Bowl
3929,2157,2023-10-24 18:09:59,replay Hamilton 2024
3930,1548,2023-02-12 03:01:59,Hamilton
3931,2103,2023-09-01 15:42:44,full match Brady
3932,1676,2023-11-08 15:58:28,replay Super Bowl
3933,1735,2023-08-06 09:35:41,interview Football
3934,2195,2024-02-02 16:46:32,interview James
3935,236,2024-02-08 16:38:14,World Cup
3936,1724,2023-08-07 16:31:54,full match Premier League
3937,2209,2024-03-06 00:09:07,full match F1
3938,734,2023-08-15 21:44:33,full match Super Bowl
3939,2769,2024-02-21 10:58:42,documentary Wall 2023
3940,2872,2023-02-24 11:39:08,documentary Joshua
3941,193,2023-04-19 07:30:43,full match F1
3942,2026,2024-01-25 13:50:18,highlights Grand Prix
3943,1140,2023-06-19 18:21:00,full match Champions League
3944,480,2023-07-15 19:57:01,full match NFL
3945,2820,2023-01-03 03:43:01,full match Football
3946,2603,2023-06-30 09:41:33,full match F1
3947,1670,2023-04-28 21:52:29,replay Brady
3948,2999,2023-06-12 11:22:12,documentary Tennis 2023
3949,1889,2023-07-22 04:38:57,full match Premier League
3950,2544,2024-03-26 01:45:58,full match New Crystal
3951,2504,2023-10-01 23:26:49,documentary Verstappen
3952,910,2023-09-03 16:40:49,Mayweather
3953,2181,2023-12-01 04:20:57,replay Mayweather
3954,1492,2023-06-04 21:15:08,Champions League
3955,2952,2023-01-27 18:40:43,highlights Lübs
3956,198,2023-03-26 16:36:59,highlights World Cup
3957,2741,2023-04-07 00:43:20,highlights NFL
3958,1644,2023-12-09 23:01:00,replay Hamilton
3959,2502,2023-09-30 19:26:58,interview Etzold 2024
3960,2587,2023-10-22 19:21:50,replay World Cup
3961,1783,2023-08-27 10:04:19,highlights Darts
3962,2637,2023-03-31 19:12:39,documentary Super Bowl
3963,964,2024-02-07 13:29:51,replay Warner 2023
3964,1855,2023-03-21 21:21:36,replay Mayweather
3965,2148,2023-02-23 02:59:52,highlights Reichmann
3966,2966,2023-03-10 03:22:58,interview NFL
3967,313,2023-08-24 04:32:03,documentary NFL
3968,2411,2023-05-12 15:29:06,interview Mahomes
3969,2543,2023-05-19 06:10:19,full match F1
3970,1112,2024-03-20 02:07:31,documentary World Cup
3971,2754,2024-02-14 13:31:31,highlights Boxing
3972,2312,2023-10-20 00:29:20,interview World Cup
3973,444,2024-01-03 03:57:36,interview Darts 2024
3974,2479,2023-03-02 23:55:54,interview Football
3975,1949,2024-03-14 07:17:45,replay Hamilton 2023
3976,2442,2023-04-03 15:58:42,Champions League
3977,1498,2024-01-03 01:41:33,interview Darts 2024
3978,107,2023-05-10 15:54:01,Swift
3979,710,2023-04-14 10:09:47,NFL
3980,1898,2023-05-06 04:45:27,replay Super Bowl
3981,518,2023-10-31 14:45:26,documentary MMA
3982,2853,2024-02-26 19:54:01,highlights Joshua
3983,1910,2023-01-02 21:40:13,Super Bowl
3984,2220,2023-02-10 03:08:17,replay Mayweather
3985,2569,2023-08-08 22:25:02,NFL
3986,257,2023-11-13 20:03:30,documentary Mahomes
3987,2898,2023-10-14 19:18:07,interview MMA
3988,758,2024-01-01 20:48:46,interview Grand Prix
3989,1079,2024-02-05 11:17:55,highlights Boxing 2023
3990,566,2023-10-14 19:30:04,full match Codyhaven
3991,550,2023-07-29 16:28:37,interview Tennis
3992,2567,2023-01-09 04:29:02,documentary Boxing 2024
3993,811,2023-02-09 23:25:44,replay MMA
3994,686,2024-01-19 14:26:30,replay Darts
3995,2314,2024-03-06 23:58:00,interview Joshua
3996,415,2024-02-24 18:16:06,documentary Mayweather 2023
3997,469,2023-07-27 10:01:05,Brady
3998,2268,2023-06-04 07:57:29,Super Bowl
3999,1736,2024-01-29 08:55:04,Premier League
4000,2625,2023-12-03 13:57:46,interview Boxing
4001,28,2023-01-05 05:47:31,documentary Hamilton
4002,2200,2023-02-08 19:28:44,full match Football
4003,1486,2023-08-04 11:52:17,interview World Cup
4004,729,2024-02-24 01:37:41,documentary Mayweather
4005,1605,2023-01-16 20:30:03,full match Football
4006,2083,2024-02-09 21:38:24,full match Tennis
4007,2049,2023-11-11 10:07:43,Champions League
4008,2429,2023-11-25 22:36:54,highlights Grand Prix
4009,668,2023-04-17 06:22:50,documentary Premier League
4010,610,2023-04-22 19:58:08,Tennis
4011,1357,2023-08-06 23:57:46,MMA
4012,1515,2023-09-05 20:47:23,interview Grand Prix
4013,2602,2023-09-16 10:18:15,highlights Hamilton
4014,976,2023-10-09 12:35:31,Hamilton
4015,2986,2024-03-02 11:49:24,Jillport
4016,637,2024-02-28 19:06:13,World Cup
4017,468,2023-05-16 03:05:16,interview Premier League
4018,2087,2023-08-28 21:56:59,documentary Joshua
4019,682,2023-05-29 21:08:38,interview Tennis
4020,2428,2023-02-14 00:21:06,Tennis
4021,2128,2023-12-03 16:01:15,full match Premier League
4022,1145,2024-01-08 21:53:50,interview Premier League
4023,1674,2023-03-06 06:00:44,highlights Scholl
4024,2138,2023-05-08 22:19:20,Heintze
4025,2715,2023-07-08 17:14:26,interview Champions League
4026,1419,2023-08-12 15:44:24,Joshua
4027,2738,2023-09-22 01:23:15,MMA 2023
4028,1186,2023-09-11 11:35:15,Super Bowl
4029,898,2023-06-05 18:39:30,documentary Football
4030,1665,2023-04-26 16:52:32,replay Champions League
4031,1972,2023-07-31 13:36:21,replay Football
4032,1298,2024-01-27 13:39:40,interview Darts
4033,2025,2023-10-29 12:46:32,North Edwardstad
4034,918,2023-08-03 06:48:30,highlights Boxing
4035,2751,2023-12-12 02:15:56,replay Tennis
4036,1927,2023-05-01 12:59:30,documentary Mahomes
4037,670,2023-02-18 12:53:38,full match Joshua
4038,2197,2023-04-21 05:13:27,Hamilton
4039,133,2023-07-31 15:36:57,highlights Grand Prix
4040,1068,2023-07-22 23:39:46,interview Football 2024
4041,2915,2023-04-13 13:48:21,documentary Waters
4042,819,2023-03-03 08:21:49,documentary Michellefort
4043,1874,2024-01-18 13:43:36,Darts
4044,2067,2023-10-31 17:58:30,replay Super Bowl
4045,1269,2023-09-27 00:30:03,interview Mahomes
4046,1214,2023-11-03 22:15:39,replay Verstappen
4047,1440,2024-01-20 11:38:32,documentary Joshua
4048,1468,2023-11-07 02:22:32,highlights MMA
4049,93,2023-12-16 18:52:26,full match Grand Prix 2024
4050,1088,2023-04-16 22:16:47,replay World Cup
4051,1615,2023-03-21 14:50:27,Grand Prix
4052,2939,2024-03-10 13:00:47,Darts
4053,352,2023-10-03 02:58:57,Ellis
4054,1073,2024-02-01 22:28:00,documentary Boxing
4055,2690,2023-12-22 03:11:09,replay Mahomes
4056,844,2023-08-18 08:54:16,full match Darts
4057,1032,2023-01-01 16:56:14,Premier League
4058,2015,2023-03-14 20:42:17,interview Grand Prix
4059,22,2023-02-10 13:05:14,full match Beard
4060,2773,2023-01-10 12:44:52,replay Tennis
4061,2623,2023-08-05 08:26:38,F1
4062,824,2023-08-11 01:16:52,Football
4063,1567,2024-01-25 12:21:26,replay Mahomes
4064,2929,2023-09-06 19:36:43,replay Jenniferstad
4065,217,2023-12-07 12:46:41,full match Hamilton
4066,1816,2023-08-17 16:01:34,full match Super Bowl
4067,1176,2023-04-25 05:01:00,documentary NFL
4068,1709,2023-05-03 06:31:22,Mahomes
4069,2984,2023-06-01 09:22:40,World Cup
4070,2126,2024-02-29 13:20:49,Hamilton
4071,1748,2023-04-06 07:55:39,interview Verstappen
4072,1069,2023-05-24 14:16:29,Darts
4073,1011,2024-02-04 19:04:25,replay Joshua
4074,1094,2023-09-19 18:08:34,documentary World Cup
4075,1047,2024-03-01 01:46:13,highlights Darts 2024
4076,634,2023-01-30 21:52:49,documentary World Cup
4077,478,2023-08-15 14:44:46,Brady
4078,239,2023-07-26 23:27:42,interview Champions League 2023
4079,1531,2023-09-07 07:05:46,interview Premier League
4080,2398,2023-06-17 23:47:28,full match Football
4081,132,2023-01-04 10:52:53,Hamilton
4082,2876,2023-01-05 00:47:58,interview Super Bowl
4083,2019,2023-03-01 03:12:59,highlights Sonneberg
4084,2758,2023-04-21 16:42:55,full match MMA
4085,852,2023-10-01 18:12:05,documentary Verstappen
4086,2208,2024-01-28 19:10:20,highlights Champions League
4087,839,2023-04-24 12:08:28,documentary Darts
4088,362,2023-01-11 06:25:58,documentary Champions League 2024
4089,889,2023-10-21 08:25:11,interview Mahomes
4090,640,2024-03-28 08:14:02,full match F1 2023
4091,2337,2024-03-09 11:39:10,replay Football 2023
4092,465,2023-04-13 15:31:36,Hamilton
4093,393,2023-10-31 22:29:01,Joshua
4094,2113,2023-10-08 21:34:38,interview Tennis
4095,510,2023-07-23 15:30:34,replay Tennis
4096,358,2024-01-11 12:51:58,Mahomes 2024
4097,1487,2023-04-10 09:33:20,replay Boxing
4098,1967,2023-12-23 22:52:00,full match Jones
4099,1091,2023-06-21 06:35:59,Joshua
4100,1213,2023-07-03 22:19:09,Brady
4101,397,2024-02-11 12:45:43,Verstappen 2023
4102,1713,2023-08-15 16:34:30,replay World Cup
4103,1844,2023-09-01 05:07:30,documentary MMA
4104,735,2024-03-22 00:16:13,NFL
4105,2072,2023-07-22 22:44:07,highlights World Cup
4106,2643,2023-02-20 23:23:35,full match MMA
4107,1066,2023-02-18 23:23:43,highlights Mayweather
4108,1570,2023-07-14 02:34:54,full match Premier League
4109,2601,2023-12-27 16:49:25,full match Mahomes
4110,2959,2023-04-18 11:02:03,Premier League
4111,1062,2023-01-21 21:53:55,Boxing
4112,1530,2023-04-02 23:54:03,interview Robinson
4113,1474,2023-12-27 14:19:08,highlights Brady
4114,594,2023-07-25 03:11:18,documentary F1
4115,1993,2023-04-20 00:23:43,documentary MMA
4116,379,2023-04-23 13:43:28,highlights Super Bowl
4117,2493,2023-08-28 12:57:13,full match Mayweather
4118,2537,2023-09-03 03:17:25,Grand Prix
4119,464,2023-01-07 16:47:45,Football
4120,260,2023-01-23 04:11:24,highlights Hamilton
4121,2960,2023-07-16 21:54:40,NFL
4122,883,2023-07-21 20:10:31,documentary Football
4123,2557,2023-01-09 14:04:01,full match Brady
4124,1499,2024-02-10 19:54:14,interview Champions League
4125,2250,2023-07-14 02:06:40,replay Verstappen 2023
4126,171,2023-11-08 00:48:41,documentary NFL
4127,1181,2024-03-27 13:06:53,highlights Brady
4128,977,2023-05-14 13:08:31,replay World Cup
4129,2921,2023-02-16 18:50:20,documentary World Cup
4130,1378,2023-03-20 14:55:36,Wismar 2024
4131,1251,2023-08-17 01:11:54,Darts
4132,212,2023-02-05 01:04:56,Champions League
4133,1039,2024-02-27 02:59:11,highlights Tennis
4134,145,2023-09-18 05:15:54,full match Grand Prix
4135,2006,2023-01-26 11:32:11,highlights World Cup
4136,2952,2023-02-24 10:15:49,replay NFL
4137,519,2023-03-11 08:14:51,interview Hamilton
4138,2905,2023-01-15 20:05:22,replay NFL
4139,2749,2023-09-23 15:39:54,interview NFL
4140,2820,2023-10-13 13:36:32,highlights Premier League
4141,401,2023-09-09 11:09:54,documentary Günzburg
4142,813,2024-03-16 12:49:56,highlights Premier League
4143,2036,2023-09-28 00:23:23,highlights Brady
4144,265,2023-02-19 15:57:36,Boxing
4145,2984,2024-03-09 13:47:52,highlights NFL
4146,1872,2023-05-13 16:26:43,interview F1
4147,1181,2024-03-27 19:34:30,replay MMA
4148,2080,2023-10-09 15:08:19,full match Dawson
4149,2136,2023-04-11 03:52:58,documentary World Cup 2023
4150,697,2023-11-04 17:25:12,documentary NFL
4151,393,2023-09-27 07:58:17,documentary Tennis 2024
4152,1259,2023-08-29 06:15:29,interview World Cup
4153,962,2023-04-10 09:59:05,interview Super Bowl
4154,1136,2023-02-01 05:40:22,replay Mahomes
4155,634,2023-12-09 22:13:18,interview Premier League
4156,1281,2023-05-04 20:21:22,documentary Boxing
4157,2522,2024-02-05 18:17:01,highlights F1
4158,269,2024-02-18 01:25:12,replay MMA
4159,1667,2023-05-30 09:33:22,highlights Premier League
4160,2120,2023-10-31 14:37:34,replay World Cup
4161,1846,2024-02-22 01:23:38,replay Hamilton
4162,2234,2023-03-05 07:55:04,documentary Hurst
4163,2279,2023-08-16 11:06:54,full match Boxing 2024
4164,306,2023-07-10 20:25:35,Mahomes
4165,936,2023-11-18 12:13:55,Darts
4166,1745,2024-03-27 04:18:31,full match Mahomes
4167,2433,2023-06-29 15:32:58,NFL
4168,2540,2024-02-18 02:29:54,Hamilton
4169,2340,2024-03-29 18:44:39,documentary Brady
4170,283,2023-06-29 08:58:18,Football
4171,914,2023-02-18 18:53:14,F1
4172,1401,2023-12-12 11:32:43,MMA 2023
4173,1616,2023-01-03 14:37:08,full match World Cup
4174,1365,2023-03-13 09:14:31,replay Taylor
4175,2236,2023-05-02 22:02:33,documentary F1
4176,2067,2023-12-26 22:53:16,interview Verstappen
4177,1917,2023-11-15 15:55:46,Mahomes 2024
4178,2365,2023-03-25 22:51:33,full match Joshua
4179,2265,2023-06-09 16:11:42,full match Mahomes
4180,2962,2023-10-21 09:33:57,Football
4181,854,2023-04-16 07:41:32,replay Lake Jonathantown
4182,2311,2024-03-06 03:59:37,full match NFL
4183,2380,2023-06-13 04:13:33,NFL
4184,1884,2024-03-20 03:38:04,World Cup 2023
4185,1110,2023-12-09 04:54:15,Tennis
4186,2546,2024-01-30 08:54:57,interview Kulmbach
4187,1791,2024-03-02 21:33:18,interview Premier League 2024
4188,2461,2023-02-27 06:49:13,replay Turner
4189,479,2023-01-04 16:31:33,Brady 2024
4190,2202,2023-10-18 07:33:05,replay Mahomes
4191,1938,2024-03-24 20:23:02,documentary Darts
4192,1335,2023-04-06 19:18:14,Mayweather
4193,201,2024-03-10 08:57:42,replay Grand Prix 2024
4194,2247,2023-02-27 21:31:12,highlights Grand Prix
4195,2403,2023-08-05 23:20:47,replay Hamilton
4196,2213,2023-06-13 12:32:40,highlights Tennis
4197,352,2023-12-28 06:02:19,F1
4198,658,2023-02-09 21:00:57,documentary Matthewborough
4199,784,2023-10-20 08:56:31,full match Champions League
4200,2523,2023-02-17 19:08:09,highlights Katytown
4201,1160,2023-10-07 00:28:41,replay Super Bowl
4202,18,2023-09-16 16:04:22,Champions League
4203,536,2023-09-04 01:50:59,full match Hamilton
4204,1385,2023-06-27 23:33:48,Burgdorf
4205,2903,2023-09-14 09:06:16,interview Joshua
4206,1919,2023-12-09 07:13:36,highlights Tennis
4207,558,2023-11-14 20:55:33,documentary Premier League
4208,582,2023-08-29 03:10:30,interview Joshua
4209,2444,2023-09-26 00:05:55,replay MMA
4210,2455,2023-09-01 06:34:21,replay Tennis
4211,112,2023-01-15 08:31:01,documentary Caspar 2023
4212,1302,2024-01-20 22:12:46,interview MMA
4213,2999,2023-04-06 02:31:11,full match Tennis
4214,2496,2023-09-21 10:14:25,replay Joshua
4215,2618,2023-05-31 19:04:17,replay Football
4216,764,2023-03-18 23:42:26,interview F1
4217,1486,2023-01-08 07:23:54,interview F1
4218,2482,2024-03-28 14:20:44,Joshua
4219,2493,2023-06-10 14:53:36,interview Verstappen
4220,2050,2024-02-15 08:26:52,full match Tennis
4221,2847,2023-03-23 01:07:22,Mahomes
4222,1661,2023-02-04 12:55:15,Darts 2024
4223,1363,2023-02-24 14:04:42,interview MMA 2023
4224,199,2023-01-29 10:49:42,interview Super Bowl
4225,1027,2023-07-20 05:33:46,full match MMA
4226,1884,2024-02-25 13:00:44,replay Boxing
4227,1142,2023-07-09 10:37:29,interview Football
4228,554,2023-02-14 17:49:09,replay World Cup
4229,2867,2023-12-31 11:13:41,replay Brady
4230,2479,2023-11-04 23:43:51,interview Football
4231,1331,2023-11-03 01:17:53,interview Tennis
4232,2915,2023-08-31 19:15:27,documentary Verstappen
4233,858,2023-10-12 00:12:45,F1
4234,236,2023-02-25 03:18:36,documentary Turner
4235,1029,2023-02-11 19:40:31,highlights Hamilton
4236,345,2023-05-28 14:50:45,full match Champions League
4237,2360,2023-01-21 15:22:33,highlights Davidson
4238,2631,2023-02-26 03:46:33,Champions League
4239,1768,2023-09-15 08:15:22,highlights Super Bowl
4240,97,2023-11-19 14:23:39,Mayweather
4241,2794,2023-07-15 09:54:43,highlights Mayweather
4242,1,2023-03-19 01:08:00,interview Hamilton
4243,1256,2023-05-06 01:01:23,full match Grand Prix
4244,613,2023-11-25 01:37:35,Mayweather
4245,2557,2023-06-20 03:13:41,documentary Joshua
4246,2218,2023-11-13 09:33:02,full match Premier League
4247,2738,2024-01-20 21:18:05,highlights Joshua
4248,307,2024-02-28 16:00:40,full match Boxing
4249,2736,2023-09-05 11:21:10,Joshua
4250,2986,2023-01-16 15:12:06,documentary Mahomes
4251,1818,2024-01-06 01:28:24,replay Champions League
4252,1271,2023-09-03 20:52:23,F1
4253,2245,2023-06-19 05:38:22,Hamilton
4254,1109,2023-09-12 19:26:41,Football
4255,2652,2023-09-30 02:06:39,full match Premier League
4256,1103,2023-02-04 06:07:17,documentary Mahomes
4257,2150,2024-03-07 23:29:23,replay Hamilton
4258,2069,2023-12-27 18:44:38,replay Verstappen
4259,1708,2024-01-19 18:49:37,highlights Hande 2024
4260,2344,2024-01-03 03:44:58,replay Brady
4261,553,2023-12-20 06:09:45,interview Hamilton
4262,309,2024-01-02 03:29:31,full match Benthin
4263,815,2023-12-02 20:14:16,full match Darts
4264,1562,2023-01-04 00:51:59,Mayweather
4265,1183,2023-08-08 02:07:23,Boxing
4266,124,2023-08-27 18:58:15,interview Mahomes
4267,306,2024-01-16 05:54:55,West Cynthiaville
4268,14,2023-12-31 05:20:49,full match NFL
4269,2254,2023-10-06 22:44:35,highlights World Cup 2023
4270,642,2024-02-12 19:55:35,highlights Darts
4271,2674,2023-02-13 05:26:32,highlights Singh
4272,1258,2023-07-07 11:25:19,full match Super Bowl
4273,2544,2023-05-17 10:38:26,interview Bradford
4274,2283,2023-09-07 04:46:02,replay World Cup
4275,2654,2023-11-28 04:32:26,highlights Brady
4276,2670,2023-04-04 19:31:46,replay Darts
4277,91,2023-06-02 13:42:54,Premier League
4278,812,2023-03-25 18:00:03,World Cup
4279,758,2023-02-14 09:49:16,interview Mayweather
4280,237,2023-08-15 01:41:34,full match Hamilton 2024
4281,2333,2023-01-09 07:03:24,replay Hamilton
4282,41,2023-08-08 02:00:41,highlights Joshua 2024
4283,1467,2023-05-10 10:33:29,highlights Football
4284,1038,2023-01-30 00:06:24,F1
4285,2229,2023-11-18 22:28:08,Super Bowl
4286,2368,2024-01-17 08:50:54,full match Boxing 2023
4287,1565,2023-05-08 04:06:16,Premier League
4288,2928,2023-02-16 02:50:05,Boxing
4289,1701,2023-06-21 13:03:43,documentary Champions League
4290,1529,2023-11-06 07:19:20,documentary Löffler
4291,406,2023-03-31 07:39:38,Grand Prix
4292,827,2023-01-29 03:43:46,documentary Verstappen
4293,2814,2024-03-19 11:54:35,full match NFL 2023
4294,923,2023-06-14 08:57:47,Mahomes
4295,683,2024-01-20 13:53:04,Hamilton
4296,2748,2023-03-31 14:08:54,interview Boxing 2023
4297,1521,2023-08-31 22:29:39,Joshua
4298,1166,2023-03-02 18:05:55,documentary Hamilton
4299,1308,2024-02-02 21:21:07,documentary Champions League
4300,1230,2023-01-04 02:27:21,Premier League 2023
4301,206,2023-08-24 04:23:37,replay NFL
4302,766,2023-02-20 09:26:27,World Cup
4303,1211,2023-09-21 22:04:06,Boxing
4304,816,2024-01-03 15:38:34,full match Champions League
4305,1014,2023-01-04 17:45:58,replay NFL
4306,1779,2023-03-22 01:25:46,documentary Joshua
4307,1358,2023-09-18 10:58:55,interview Boxing
4308,621,2023-04-07 22:06:39,highlights Gonzales
4309,2497,2023-09-17 09:05:33,replay Mayweather
4310,1547,2023-10-16 08:47:38,replay F1
4311,2200,2024-01-16 04:19:36,highlights Tennis
4312,333,2023-10-10 18:33:36,Darts
4313,2291,2023-12-05 08:10:02,Darts 2023
4314,1970,2023-09-03 10:54:45,highlights Football
4315,1535,2024-01-04 09:08:31,Boxing
4316,1562,2023-07-15 12:18:02,interview Port Reece
4317,810,2023-04-18 20:18:03,highlights Hamilton 2024
4318,468,2024-02-14 21:45:30,documentary Fürstenwalde
4319,2211,2023-01-10 18:40:36,World Cup
4320,2565,2023-05-30 15:17:22,highlights Verstappen
4321,2655,2023-12-09 06:57:34,full match Tennis
4322,214,2024-02-15 16:39:22,full match Grand Prix
4323,2145,2023-07-29 08:50:29,NFL
4324,2425,2023-09-14 04:58:06,replay Tennis
4325,873,2023-11-07 01:35:12,Premier League
4326,838,2023-11-09 10:10:46,Hamilton
4327,1819,2023-04-09 13:54:56,documentary MMA
4328,2583,2023-12-12 02:32:32,Super Bowl
4329,2624,2023-01-18 07:12:30,Brady
4330,2777,2023-08-01 02:32:10,Joshua 2023
4331,13,2023-12-01 13:14:06,Champions League
4332,323,2023-07-31 05:55:23,documentary Premier League
4333,1630,2023-03-25 10:49:05,replay Brady
4334,1104,2023-01-22 06:38:33,documentary Verstappen
4335,1080,2023-11-16 21:37:32,NFL
4336,2628,2023-01-11 03:59:26,full match Premier League
4337,1962,2023-12-13 20:59:46,documentary F1
4338,2354,2023-08-01 17:48:44,highlights Darts
4339,1474,2023-01-29 04:50:39,MMA 2024
4340,1549,2024-03-25 20:14:30,documentary Super Bowl
4341,1284,2024-03-18 20:20:15,Premier League 2023
4342,2643,2023-09-05 18:34:36,MMA
4343,2555,2023-07-07 20:09:28,Darts
4344,2826,2023-02-15 06:40:35,full match Joshua
4345,52,2023-03-11 16:05:30,documentary Premier League
4346,179,2024-02-18 14:26:47,Mayweather
4347,1448,2024-02-01 05:58:24,Darts
4348,123,2023-08-15 06:30:43,full match MMA 2024
4349,2385,2024-01-30 15:44:32,replay Smith
4350,2304,2023-08-28 06:47:54,Premier League
4351,1611,2023-10-21 14:31:35,full match Joshua
4352,2038,2023-03-06 00:27:57,highlights Brady
4353,32,2023-04-15 06:26:41,replay Super Bowl
4354,560,2023-06-05 18:14:50,interview Verstappen
4355,1992,2023-05-02 00:56:42,Boxing
4356,103,2023-06-16 06:30:19,interview Super Bowl
4357,1686,2023-09-29 06:49:24,Verstappen
4358,2568,2023-07-26 18:14:12,full match Boxing
4359,999,2023-05-17 09:08:15,Mahomes
4360,1293,2023-10-23 11:29:04,interview Boxing
4361,2637,2024-03-11 00:46:55,Ansbach
4362,1240,2023-08-27 17:38:42,documentary Mayweather
4363,1909,2023-06-20 18:10:09,Darts
4364,590,2023-10-16 23:07:27,highlights Tennis 2024
4365,2793,2023-02-16 03:32:46,highlights World Cup
4366,2025,2023-06-27 04:39:37,NFL
4367,2816,2024-02-25 10:11:33,highlights Grand Prix
4368,244,2023-04-03 05:36:27,documentary Kohl
4369,2036,2023-06-22 10:03:17,full match Joshua
4370,505,2024-02-20 08:03:08,Super Bowl
4371,1824,2023-05-24 14:15:22,documentary Super Bowl
4372,1826,2023-03-31 02:20:11,full match Verstappen
4373,2078,2023-08-10 01:41:33,Boxing
4374,2575,2023-08-29 05:48:28,replay World Cup
4375,2031,2023-07-03 01:04:18,full match Hamilton
4376,496,2023-02-20 09:08:56,highlights Brady
4377,599,2023-12-23 12:29:41,interview F1
4378,2961,2023-12-14 17:09:24,interview Boxing
4379,114,2024-03-24 12:24:35,replay Premier League
4380,468,2023-09-27 18:40:40,highlights Champions League
4381,2965,2023-03-16 17:41:24,full match Darts
4382,1982,2023-11-21 17:32:12,documentary Grand Prix
4383,2764,2023-02-24 15:29:32,highlights Joshua
4384,1653,2024-03-14 19:25:57,documentary Premier League
4385,970,2023-06-03 03:12:08,replay Mayweather
4386,73,2023-06-12 07:54:33,NFL
4387,1763,2023-03-10 07:20:33,interview Brady 2023
4388,715,2023-08-09 00:12:54,full match World Cup 2023
4389,2190,2023-04-27 19:48:39,replay Verstappen
4390,514,2023-08-30 11:51:10,highlights NFL
4391,2600,2023-11-02 13:01:29,highlights Hamilton
4392,3,2023-05-13 02:17:52,Boxing
4393,770,2023-06-12 11:14:31,documentary Super Bowl
4394,2236,2023-12-29 07:43:57,documentary Premier League
4395,2656,2023-06-30 01:46:51,highlights Mayweather 2023
4396,2874,2023-10-23 21:08:31,full match Premier League
4397,638,2024-01-25 12:05:52,documentary Grand Prix
4398,693,2023-06-16 21:36:40,documentary Brady
4399,2226,2023-01-12 04:24:55,documentary Football 2023
4400,198,2023-05-15 18:05:03,New Rebeccaview
4401,1836,2024-03-23 07:20:14,replay Premier League
4402,2564,2023-09-01 17:04:30,interview Premier League
4403,1349,2023-10-15 07:24:53,Hamilton
4404,927,2023-07-28 22:10:27,documentary Champions League
4405,572,2023-02-28 04:10:42,interview NFL 2023
4406,2052,2024-01-10 00:38:36,World Cup
4407,2936,2023-09-08 13:10:51,replay MMA
4408,1627,2023-08-18 00:35:49,documentary Verstappen
4409,1175,2023-01-27 23:12:08,highlights Super Bowl
4410,767,2023-09-16 00:47:16,highlights Brady
4411,1482,2023-11-25 00:46:46,replay Grand Prix
4412,1214,2023-11-28 11:19:10,interview Brady
4413,2002,2023-01-06 20:05:46,Verstappen
4414,2154,2023-02-23 19:30:53,World Cup
4415,245,2023-05-13 21:32:44,NFL
4416,2026,2023-08-16 17:59:19,highlights Verstappen
4417,1372,2023-02-13 05:05:13,replay Brooks
4418,137,2023-12-12 15:44:46,Football
4419,2584,2023-05-10 05:02:19,replay Darts
4420,790,2023-05-10 17:50:56,Verstappen
4421,1426,2024-03-11 19:27:51,replay Football
4422,96,2024-02-27 21:54:08,Verstappen
4423,2491,2023-06-04 07:23:25,highlights Mayweather
4424,2068,2023-11-14 23:29:53,interview Hamilton
4425,1966,2023-04-08 11:51:17,Brady
4426,1814,2023-06-14 22:51:28,interview Grand Prix
4427,2896,2024-02-23 20:00:00,Football
4428,502,2024-02-21 22:22:29,documentary World Cup 2023
4429,2463,2023-05-25 15:20:52,replay Martineztown
4430,666,2023-02-12 12:30:48,replay NFL
4431,2707,2024-02-22 01:40:36,documentary Super Bowl
4432,2355,2024-03-13 11:34:25,interview Super Bowl
4433,1660,2023-07-15 21:27:10,replay Joshua
4434,1796,2023-09-28 21:34:28,NFL
4435,2805,2023-11-03 22:57:53,James
4436,551,2023-07-01 17:56:46,replay Brady
4437,296,2023-11-12 11:05:16,highlights NFL
4438,77,2023-03-26 23:54:57,full match Football
4439,2536,2023-01-27 02:21:43,interview Super Bowl
4440,746,2023-09-02 03:58:24,highlights Brady
4441,2199,2023-11-11 04:47:58,interview Premier League
4442,2010,2023-02-19 00:27:13,documentary Tennis
4443,2516,2023-12-28 08:08:03,documentary Joshua
4444,2297,2023-05-25 22:49:04,Football
4445,215,2023-12-29 00:50:04,highlights Premier League
4446,1720,2023-03-12 15:38:11,highlights Joshua
4447,428,2023-01-07 12:02:06,Jones
4448,1938,2023-09-19 19:49:57,interview Premier League
4449,492,2023-04-28 08:15:27,interview Darts
4450,2116,2023-04-03 13:39:19,documentary Champions League
4451,445,2023-06-08 22:09:33,full match Hamilton
4452,2796,2023-07-18 03:53:30,documentary Boxing
4453,254,2023-03-12 17:14:44,interview F1
4454,705,2023-02-24 20:11:41,interview Rosales
4455,596,2023-07-01 13:05:39,Tennis
4456,2869,2023-05-09 16:03:06,Grand Prix
4457,600,2024-01-02 11:48:38,World Cup
4458,2,2023-03-21 00:38:40,NFL
4459,1716,2023-05-17 16:16:22,documentary NFL
4460,2879,2023-05-30 13:03:45,replay Joshua
4461,856,2023-08-01 06:06:23,Port Ameliafort
4462,927,2024-01-15 09:08:37,full match Champions League
4463,494,2023-08-27 04:46:32,Premier League
4464,1263,2023-10-02 19:29:22,replay Super Bowl
4465,1921,2023-05-16 06:23:02,interview Super Bowl
4466,500,2023-02-04 09:39:57,replay World Cup
4467,852,2023-10-18 18:19:26,Verstappen
4468,2435,2024-03-04 04:08:20,full match Mayweather
4469,1209,2023-08-11 17:40:33,highlights Hamilton
4470,1042,2023-01-18 17:23:11,interview Boxing 2023
4471,2548,2024-03-15 01:51:57,Grand Prix
4472,2065,2023-07-25 00:53:55,interview World Cup
4473,1675,2023-09-26 12:32:04,highlights Champions League
4474,1289,2023-06-15 09:16:21,full match Champions League
4475,634,2024-02-03 17:55:51,full match Premier League
4476,1262,2023-12-01 09:08:41,full match Premier League
4477,2036,2024-03-03 20:43:07,Boxing
4478,1896,2023-05-01 20:07:00,replay Premier League
4479,1061,2023-05-20 00:26:35,documentary Boxing 2023
4480,1329,2023-09-28 20:02:13,full match Super Bowl
4481,2283,2023-02-19 11:17:39,highlights Super Bowl
4482,1503,2023-04-01 18:45:41,full match Super Bowl
4483,1858,2023-08-11 12:14:34,full match MMA
4484,739,2023-09-13 06:55:04,Gerlach
4485,2849,2024-02-21 21:49:19,Grand Prix
4486,93,2023-02-11 16:48:29,interview Boxing
4487,599,2024-01-28 01:15:33,interview Champions League
4488,2929,2023-08-09 13:23:24,interview Mayweather
4489,173,2024-02-18 20:55:15,highlights Joshua
4490,1895,2023-01-15 10:01:37,Football
4491,550,2023-04-26 14:59:40,Tennis
4492,2471,2023-09-12 08:57:38,Mahomes
4493,578,2024-03-04 14:16:58,full match Tennis
4494,2868,2023-01-19 18:34:38,Champions League
4495,205,2023-09-29 09:22:51,replay Grand Prix
4496,2058,2023-02-03 00:43:52,interview Premier League
4497,649,2024-03-14 03:59:01,Mahomes
4498,1588,2024-03-30 04:32:56,interview World Cup
4499,1242,2023-06-23 17:00:25,full match Malchin
4500,1203,2023-03-19 13:11:15,replay Payne
4501,130,2023-04-04 05:06:54,full match Champions League
4502,2495,2024-02-06 16:19:06,Champions League 2023
4503,942,2023-02-24 18:43:38,Tennis
4504,2959,2023-11-13 22:51:15,Champions League
4505,1724,2023-06-08 02:51:44,replay Joshua
4506,1147,2023-06-15 21:32:50,full match Boxing
4507,2243,2023-02-04 20:09:22,full match North Jennifer
4508,1185,2023-08-07 22:18:53,highlights World Cup
4509,1795,2023-03-29 19:58:51,World Cup
4510,377,2023-03-06 21:38:59,highlights Champions League
4511,2617,2024-02-16 04:13:57,highlights F1
4512,2572,2023-01-29 13:56:00,Hamilton
4513,1561,2023-02-21 14:12:21,replay Premier League
4514,673,2023-01-25 16:17:05,documentary F1
4515,2050,2024-03-01 16:42:12,replay Verstappen
4516,2859,2023-07-31 20:28:53,Garciamouth
4517,993,2024-03-04 22:43:16,interview Joshua
4518,665,2023-05-26 03:41:02,F1 2023
4519,1329,2023-06-21 23:21:54,Darts
4520,1989,2023-01-30 15:43:05,Darts
4521,2973,2023-02-23 10:05:15,highlights Verstappen
4522,1273,2023-10-21 12:46:57,interview Grand Prix
4523,2009,2023-09-12 09:40:06,highlights MMA
4524,2442,2023-06-22 03:07:07,full match Darts
4525,420,2023-03-05 13:38:48,Säckingen
4526,846,2024-02-17 04:42:40,interview Verstappen
4527,152,2023-08-07 16:31:05,replay Nicholls
4528,94,2023-05-02 00:34:48,Tennis
4529,1928,2024-03-18 21:50:37,documentary Champions League
4530,1285,2023-09-20 04:04:44,documentary Joshua 2024
4531,2147,2023-05-28 21:04:19,full match Walton
4532,2484,2023-10-20 14:28:32,highlights Brady
4533,1904,2023-03-12 00:38:09,highlights F1
4534,240,2024-03-15 11:41:33,Champions League
4535,1239,2024-03-19 13:02:51,documentary Mahomes
4536,1091,2023-05-14 04:44:15,documentary Brady
4537,2468,2023-08-29 18:00:37,Mahomes
4538,1969,2023-04-07 05:13:28,Joshua
4539,2175,2024-01-16 14:39:00,Hettstedt 2024
4540,2890,2024-03-06 17:40:05,interview Grand Prix
4541,1786,2023-08-18 16:26:31,full match Football
4542,2972,2023-12-30 19:59:03,documentary Brady
4543,574,2023-01-20 00:31:42,replay Champions League
4544,2590,2023-08-14 16:16:47,replay MMA
4545,883,2023-04-06 05:01:45,highlights Hamilton
4546,2457,2023-01-31 09:38:55,Brady
4547,1517,2024-01-21 10:26:34,highlights Tennis
4548,296,2023-12-26 03:16:21,F1
4549,1094,2024-03-12 22:48:24,Grand Prix
4550,431,2023-08-09 04:47:46,highlights Football
4551,2646,2024-02-23 17:09:33,Brandonville
4552,1644,2024-03-27 14:37:55,replay World Cup
4553,64,2023-09-17 11:30:37,interview Premier League
4554,2255,2023-07-06 11:29:21,interview Football
4555,1942,2023-08-10 07:56:08,Premier League
4556,1803,2024-02-08 11:51:04,highlights Hamilton
4557,1203,2023-12-01 13:13:08,documentary Boxing
4558,1553,2023-04-26 07:48:43,replay MMA
4559,7,2024-02-03 02:20:26,interview Football
4560,2618,2024-02-29 14:47:40,replay F1
4561,1661,2024-02-27 17:29:33,Super Bowl
4562,547,2023-09-26 00:16:55,highlights Mayweather
4563,178,2024-03-25 19:32:08,interview Tennis
4564,1373,2023-10-08 13:31:48,highlights Brady
4565,860,2023-04-07 01:39:08,full match World Cup 2023
4566,1267,2024-01-02 18:36:13,documentary Joshua
4567,649,2024-01-26 14:52:23,highlights NFL
4568,2715,2023-07-27 14:01:16,interview World Cup
4569,429,2023-02-27 19:30:19,replay Tennis
4570,1605,2023-03-02 14:19:28,replay Grand Prix 2024
4571,2432,2023-03-21 12:57:21,full match West Jason
4572,2346,2023-08-05 00:48:51,highlights Boxing
4573,1850,2023-08-16 09:01:06,interview World Cup
4574,667,2023-08-19 23:48:24,Boxing
4575,1033,2023-01-12 07:43:57,documentary Tennis
4576,2090,2023-04-29 23:17:19,Football
4577,2808,2023-03-24 12:39:27,documentary Super Bowl
4578,1671,2023-03-05 11:46:40,replay Football
4579,495,2023-06-11 23:22:25,Premier League
4580,1343,2023-08-30 14:47:05,highlights Mayweather
4581,2397,2023-09-12 23:17:10,documentary Darts
4582,2260,2023-10-24 13:25:37,highlights Bachmann
4583,1483,2023-03-02 23:40:02,Tennis
4584,679,2023-03-10 07:14:33,highlights Hamilton 2024
4585,1109,2023-11-26 09:29:55,full match Verstappen
4586,987,2023-09-03 13:03:40,documentary Mahomes
4587,1319,2024-02-28 12:16:52,documentary Darts
4588,2673,2023-03-31 11:43:25,replay Verstappen
4589,2376,2023-03-12 03:32:46,Murphy
4590,2378,2023-06-09 22:24:46,F1
4591,1900,2024-02-13 12:29:39,Premier League
4592,146,2023-12-11 03:40:47,full match Brady
4593,730,2023-03-25 00:34:13,highlights Quedlinburg
4594,123,2023-04-21 06:35:13,Mahomes
4595,2960,2023-03-21 16:46:54,Super Bowl
4596,2136,2023-02-04 00:01:59,World Cup 2023
4597,2842,2023-12-21 07:36:17,documentary Whitefurt 2024
4598,748,2024-02-09 17:41:34,replay NFL
4599,576,2023-01-28 18:58:26,highlights Hamilton
4600,1767,2023-11-23 18:16:01,World Cup
4601,1322,2023-06-11 17:44:45,interview World Cup
4602,647,2023-05-02 16:54:46,Mayweather 2024
4603,2533,2023-05-16 18:09:32,replay West Thomasland
4604,763,2023-08-19 06:29:13,replay Mayweather
4605,2447,2023-05-15 03:46:56,documentary Mahomes
4606,92,2024-01-28 19:38:10,highlights Brady
4607,2505,2023-11-30 04:54:02,documentary World Cup
4608,2024,2023-07-07 15:29:17,highlights Darts
4609,2967,2023-06-12 01:48:19,full match World Cup
4610,2433,2023-09-09 12:55:34,Verstappen
4611,126,2024-03-22 11:28:57,highlights F1
4612,2121,2023-02-21 02:41:46,highlights Brady
4613,309,2023-09-10 20:29:15,documentary Joshua
4614,2361,2023-06-27 01:48:07,interview Super Bowl
4615,2494,2023-08-06 22:51:23,Brady 2023
4616,1958,2023-05-06 19:49:21,NFL
4617,2278,2023-04-11 17:19:03,Premier League
4618,2070,2023-11-20 09:42:53,interview Mayweather
4619,1151,2024-02-13 18:02:21,documentary Brady
4620,1811,2023-12-04 07:51:38,documentary Mahomes
4621,2503,2023-01-24 18:14:39,World Cup
4622,1360,2023-02-09 12:15:58,interview Joshua
4623,2194,2023-09-28 17:52:44,interview Premier League
4624,16,2023-12-15 13:11:01,highlights Champions League
4625,2008,2023-09-23 09:10:03,full match Darts
4626,163,2023-05-26 07:29:33,interview Joshua
4627,275,2023-05-08 20:42:34,highlights Hamilton
4628,1168,2023-04-23 18:02:48,highlights F1
4629,198,2024-02-19 23:18:39,documentary Mahomes
4630,438,2023-10-07 04:54:18,World Cup
4631,176,2023-02-27 13:30:44,highlights Mayweather 2024
4632,2257,2024-03-21 00:03:30,Passau 2023
4633,2361,2023-10-17 12:45:51,interview Darts
4634,3000,2023-12-26 18:46:34,Premier League
4635,453,2023-12-23 10:59:43,documentary Mayweather
4636,1173,2023-01-14 17:51:25,Mayweather
4637,247,2023-02-06 09:36:09,Hamilton
4638,1510,2023-10-14 14:19:31,World Cup
4639,1338,2023-07-24 15:02:29,Mayweather 2023
4640,1305,2023-02-03 09:47:14,highlights Brady
4641,1243,2023-04-04 22:19:47,documentary Premier League
4642,1942,2024-03-21 17:42:04,documentary MMA 2023
4643,80,2023-09-06 03:21:25,MMA
4644,1917,2023-08-22 04:38:04,Football 2024
4645,1367,2023-10-16 13:04:16,Super Bowl
4646,892,2023-12-25 01:52:42,highlights Darts
4647,1944,2023-09-23 17:29:11,Boxing
4648,279,2024-03-26 16:18:36,documentary Champions League
4649,2344,2023-07-31 14:40:31,Darts
4650,7,2023-03-30 12:40:27,interview F1
4651,1049,2024-01-31 04:56:52,highlights Boxing
4652,1692,2023-04-04 13:15:30,highlights MMA
4653,1050,2024-02-14 16:19:11,highlights NFL
4654,2967,2024-01-19 16:57:55,replay Tennis 2023
4655,1639,2023-12-26 16:04:31,Mayweather
4656,2581,2023-02-01 18:01:53,NFL
4657,241,2023-10-19 13:39:49,Tennis
4658,551,2023-07-17 20:53:07,highlights F1
4659,2569,2023-08-07 11:01:07,documentary Hölzenbecher 2023
4660,2715,2023-06-12 17:04:58,full match Lake Jodi
4661,2999,2023-12-12 17:02:11,documentary World Cup
4662,1227,2024-01-15 14:27:21,interview Fletcher
4663,2750,2024-03-07 20:42:07,Mayweather
4664,1055,2023-10-16 11:05:43,Mayweather
4665,1358,2024-03-16 01:02:05,interview MMA
4666,504,2023-07-16 15:58:24,full match Super Bowl
4667,2741,2023-01-01 17:58:36,MMA
4668,641,2024-01-29 02:33:01,full match Verstappen
4669,1853,2023-12-30 12:21:19,replay Brady
4670,2765,2023-01-31 17:36:17,documentary Schweinfurt 2023
4671,1083,2023-07-21 02:40:31,full match Woods
4672,1073,2023-02-20 15:25:11,Darts
4673,2934,2023-07-19 13:44:48,replay Grand Prix
4674,1282,2023-05-30 04:05:22,replay Brady
4675,152,2023-08-21 03:32:40,full match Tennis
4676,167,2023-02-27 16:22:34,interview Mahomes
4677,287,2023-05-10 00:23:56,Mahomes
4678,1955,2023-06-15 09:05:01,interview Brady
4679,2852,2023-12-19 13:05:39,highlights Hamilton 2023
4680,2910,2023-11-11 14:04:57,MMA
4681,945,2024-03-10 06:31:41,highlights Hamilton
4682,1887,2023-06-26 19:57:35,interview Super Bowl
4683,2587,2023-08-19 04:46:25,documentary Football
4684,1799,2023-09-13 12:08:00,Grand Prix 2024
4685,1174,2023-09-21 07:31:02,full match Brady 2023
4686,118,2023-05-20 02:07:54,Mahomes
4687,1534,2023-01-12 13:26:04,Brady
4688,410,2023-03-16 11:05:01,Brady
4689,167,2023-07-05 03:24:51,replay NFL
4690,1484,2023-02-22 01:31:36,highlights Tennis
4691,2121,2023-05-24 21:34:13,Mahomes 2023
4692,420,2023-03-27 17:26:00,full match NFL
4693,1934,2023-07-23 21:35:12,Metz
4694,2344,2023-07-17 05:09:16,Hall
4695,1306,2024-01-23 22:00:21,full match MMA
4696,32,2023-03-05 01:11:46,World Cup
4697,732,2023-02-16 00:29:48,documentary MMA
4698,2126,2023-12-25 23:47:40,replay Darts
4699,556,2023-07-15 08:57:22,highlights Ebert
4700,2022,2024-03-23 02:02:15,interview Darts
4701,350,2024-01-12 12:16:42,NFL
4702,105,2023-12-28 21:07:10,Boxing
4703,2502,2023-07-27 23:50:42,documentary Boxing
4704,1614,2023-05-05 17:56:52,Boxing
4705,478,2023-10-11 11:06:57,documentary Hamilton
4706,797,2023-10-09 13:01:27,Verstappen
4707,1261,2023-05-07 08:11:52,NFL
4708,2930,2024-03-25 13:26:53,full match NFL
4709,378,2023-01-03 23:00:30,highlights Mahomes
4710,723,2023-04-06 06:39:50,interview Hamilton
4711,2373,2023-05-20 10:32:46,Tennis
4712,1261,2023-10-26 17:04:48,highlights Westbury
4713,2098,2023-03-18 14:24:04,documentary F1 2024
4714,675,2023-10-04 15:54:36,World Cup
4715,1719,2023-01-05 08:48:33,interview Hamilton
4716,2809,2023-12-13 03:26:45,Joshua
4717,1569,2023-10-17 13:25:26,Football
4718,2298,2023-09-28 16:50:08,interview Mayweather
4719,62,2024-03-08 04:59:24,interview Joshua
4720,573,2023-01-18 09:57:25,replay Tennis
4721,291,2024-03-17 23:54:18,highlights Super Bowl 2024
4722,266,2023-05-06 11:34:45,full match Premier League 2024
4723,1136,2024-02-07 21:45:33,highlights Football
4724,2283,2023-03-21 14:27:38,interview World Cup
4725,2770,2023-08-01 13:37:07,highlights Joshua
4726,1567,2023-03-21 07:48:11,Boxing
4727,2680,2023-05-19 02:08:30,interview Super Bowl
4728,2686,2023-02-16 14:50:44,full match Premier League
4729,2831,2023-08-08 21:04:28,Brady
4730,1338,2023-09-14 06:27:02,interview Mahomes
4731,701,2024-03-27 16:07:11,interview MMA
4732,233,2024-02-27 18:40:10,full match Mayweather
4733,645,2023-11-04 04:12:44,MMA
4734,846,2024-01-23 23:03:16,Mayweather
4735,2314,2024-02-03 05:00:19,Hamilton 2024
4736,2274,2023-08-28 07:19:49,interview Tennis 2024
4737,1703,2023-03-12 06:10:55,full match Football
4738,2848,2023-11-16 20:00:41,interview NFL
4739,2244,2023-08-23 05:47:20,Champions League 2024
4740,672,2023-11-04 03:45:30,Super Bowl 2024
4741,916,2023-07-26 13:01:35,documentary Mahomes
4742,720,2024-01-28 10:07:02,full match Brady
4743,566,2023-08-29 13:07:29,full match World Cup
4744,1073,2024-01-04 15:14:22,interview F1
4745,1501,2024-03-16 14:13:03,full match Darts
4746,2679,2023-12-01 18:11:59,Brady 2023
4747,626,2023-09-29 18:02:09,Tennis 2023
4748,275,2023-05-23 22:31:06,World Cup
4749,2581,2023-07-11 00:31:27,full match MMA
4750,2278,2023-07-13 22:23:31,highlights Brady
4751,2464,2023-04-14 22:55:42,interview Premier League
4752,2572,2023-03-15 12:44:21,interview Football 2024
4753,2820,2023-11-06 12:58:34,Grand Prix
4754,706,2023-11-21 00:14:38,documentary MMA
4755,655,2023-07-16 23:09:44,documentary MMA
4756,2903,2024-03-16 17:10:12,documentary Segebahn
4757,2014,2024-03-07 01:49:24,interview Verstappen
4758,715,2023-06-18 20:26:24,documentary Wurzen
4759,2949,2024-02-01 20:42:27,replay World Cup
4760,1670,2024-01-07 04:53:57,replay World Cup
4761,2898,2023-02-11 17:34:19,full match Mahomes
4762,2626,2023-07-13 05:42:48,Harveytown
4763,1751,2023-09-25 12:06:46,Liu
4764,96,2023-02-11 12:51:42,interview Darts
4765,892,2023-09-05 02:56:02,replay Hamilton
4766,2202,2023-08-31 15:16:18,Tennis
4767,1893,2023-07-18 03:54:33,replay Joshua
4768,2253,2023-08-24 16:59:49,full match Joshua
4769,761,2023-09-30 05:58:42,F1
4770,1616,2023-04-13 20:11:59,Boxing 2023
4771,1838,2023-09-13 04:13:31,Brady
4772,1441,2024-03-12 20:20:57,highlights Joshua
4773,2254,2024-03-27 03:46:28,interview F1
4774,2168,2023-02-17 18:01:55,NFL
4775,1957,2023-07-11 10:22:26,replay Hamilton
4776,2061,2023-11-24 03:33:55,Tennis
4777,1934,2024-03-26 11:23:33,full match Champions League
4778,687,2023-08-14 13:21:17,replay Verstappen 2023
4779,81,2023-12-13 12:12:42,highlights Brady
4780,1055,2023-07-20 15:14:14,Hamilton 2023
4781,562,2023-10-27 09:08:50,highlights Football
4782,74,2023-06-25 19:29:22,replay Mahomes
4783,1733,2023-07-11 13:11:28,full match Grand Prix
4784,2524,2023-01-08 04:10:02,full match Premier League
4785,2548,2023-08-08 10:16:12,interview South Walter
4786,1250,2023-10-27 17:32:15,F1 2024
4787,1027,2024-02-06 08:19:38,replay Brady
4788,2822,2023-02-04 10:26:12,Grand Prix
4789,36,2023-09-25 04:52:00,replay Mahomes
4790,1199,2023-12-12 08:32:35,full match Stevenland
4791,2526,2023-10-09 02:03:34,Premier League
4792,1745,2023-05-19 14:39:45,Mayweather
4793,1947,2023-08-21 12:41:46,Trapp
4794,556,2023-08-10 02:15:24,interview Mayweather
4795,2650,2023-02-20 02:07:19,replay Darts
4796,2809,2023-08-06 21:24:30,highlights Brady
4797,1736,2023-06-30 21:24:21,full match F1
4798,1437,2023-10-18 06:36:42,replay Grand Prix
4799,1773,2024-03-27 19:56:41,full match Tennis
4800,2391,2023-10-22 11:38:51,full match Super Bowl
4801,1304,2024-01-27 03:54:26,interview Darts
4802,1881,2024-03-06 08:54:52,interview World Cup
4803,1355,2023-03-30 19:09:12,replay Super Bowl
4804,2825,2023-05-15 22:56:17,Super Bowl
4805,2037,2024-02-22 13:05:23,documentary Malcolmstad
4806,729,2023-03-20 23:38:01,highlights West Ritashire 2023
4807,2623,2023-01-21 08:28:48,highlights Sangerhausen
4808,2440,2023-12-08 00:33:57,replay Brady
4809,84,2023-05-26 15:07:48,highlights Hamilton
4810,2367,2023-02-27 03:13:16,Boxing
4811,2314,2023-12-26 13:24:16,MMA
4812,641,2023-10-25 19:06:54,full match Grand Prix
4813,1235,2023-07-04 20:26:38,full match Mayweather
4814,1112,2023-05-15 00:32:43,documentary Mayweather
4815,618,2023-10-03 13:23:48,Mahomes
4816,450,2023-08-16 12:30:37,Boxing
4817,2512,2023-04-23 23:01:51,highlights Premier League 2023
4818,2121,2023-12-20 12:21:44,Joshua
4819,2604,2023-10-16 07:47:47,replay Grand Prix
4820,2108,2024-01-22 21:45:48,full match Mayweather 2023
4821,2322,2024-02-02 04:07:52,Boxing
4822,358,2023-05-08 16:23:11,replay Stephenstad
4823,628,2023-03-11 06:46:07,highlights World Cup
4824,141,2023-11-01 06:50:49,Brady
4825,2124,2023-03-03 01:22:28,Premier League
4826,319,2023-03-14 16:16:28,full match Mahomes
4827,1246,2023-04-21 22:57:01,F1
4828,539,2023-06-13 11:37:28,interview World Cup
4829,2999,2023-10-31 03:10:05,replay Darts
4830,1823,2023-11-17 16:56:45,Becker
4831,2924,2023-08-01 20:42:54,full match Mayweather
4832,499,2023-05-08 21:27:36,full match Boxing
4833,209,2023-07-21 17:02:20,replay Super Bowl
4834,432,2023-03-17 04:41:03,full match Darts
4835,165,2023-08-06 03:01:39,Mayweather
4836,2887,2023-01-09 07:41:48,replay Super Bowl
4837,1625,2024-03-08 12:31:26,highlights Champions League 2023
4838,1735,2023-11-05 22:22:01,World Cup
4839,1943,2023-12-15 07:22:05,replay Premier League
4840,2487,2023-10-11 18:51:23,full match Champions League
4841,886,2023-05-21 19:43:56,Mayweather
4842,1835,2023-01-03 23:15:28,Brady
4843,1115,2023-10-07 21:45:52,Champions League
4844,1028,2024-03-23 04:04:43,interview NFL
4845,1676,2023-06-17 18:45:49,highlights Boxing
4846,2405,2023-11-27 23:53:56,interview F1
4847,2518,2023-05-14 11:39:15,replay Brady
4848,2810,2023-10-22 21:46:06,interview NFL
4849,2172,2023-06-20 08:19:31,documentary World Cup
4850,1911,2023-04-30 19:41:45,Grand Prix
4851,1124,2024-03-09 19:38:03,documentary West Leon
4852,2725,2023-07-18 08:29:29,interview MMA
4853,528,2024-01-26 04:38:10,documentary Football
4854,82,2023-07-07 06:53:38,MMA
4855,584,2023-06-28 07:04:16,Mahomes
4856,230,2023-06-22 09:45:14,Tennis
4857,2294,2023-11-24 22:05:47,documentary Super Bowl 2024
4858,1192,2023-05-04 16:19:36,full match Darts
4859,2185,2023-06-12 04:43:12,full match Mayweather
4860,67,2023-02-17 15:30:22,Premier League
4861,263,2024-01-03 19:45:57,Premier League
4862,214,2023-06-04 08:23:15,Darts
4863,1958,2024-01-17 00:32:23,highlights Chandler
4864,48,2023-09-19 00:49:43,replay Super Bowl
4865,645,2024-03-29 12:22:21,interview Grand Prix
4866,964,2023-08-23 04:28:26,interview Brady
4867,2656,2023-08-11 17:31:14,highlights MMA
4868,1007,2023-06-07 10:06:30,highlights Verstappen
4869,654,2023-12-14 18:03:51,highlights Mayweather 2023
4870,1026,2023-09-28 05:56:33,highlights Knight
4871,2043,2024-03-20 09:25:10,Hamilton
4872,2299,2024-03-12 08:32:40,Super Bowl
4873,749,2023-11-21 00:54:57,Champions League
4874,1878,2023-01-06 06:22:15,Gierschner
4875,598,2023-01-11 06:52:29,interview Boxing
4876,352,2023-03-23 02:55:09,NFL
4877,784,2023-08-06 17:45:54,highlights Football
4878,2523,2023-03-11 13:56:50,full match Verstappen
4879,1435,2023-09-23 04:50:28,full match World Cup
4880,579,2023-02-12 07:11:46,full match NFL
4881,2559,2024-03-23 22:06:09,replay Boxing 2024
4882,2421,2024-03-03 00:25:07,documentary Boxing
4883,751,2023-06-11 14:45:55,Hamilton
4884,1085,2023-05-02 00:46:25,Boxing
4885,1803,2023-03-18 21:28:14,documentary Boxing
4886,2312,2024-02-26 09:24:25,full match Grand Prix
4887,2558,2023-09-09 23:31:45,replay Mayweather
4888,2765,2024-02-08 07:24:48,interview Verstappen
4889,5,2024-01-24 21:28:26,highlights Tennis 2023
4890,2331,2023-06-30 12:17:28,highlights Hooper
4891,1305,2023-01-28 09:14:29,documentary Football
4892,1339,2023-08-30 05:14:56,highlights Grand Prix
4893,1066,2023-04-09 13:04:10,replay World Cup 2024
4894,434,2024-01-29 17:18:39,interview Champions League
4895,904,2024-01-09 13:13:38,replay Champions League 2023
4896,1212,2023-09-02 21:43:49,documentary Tennis
4897,1741,2023-01-24 11:12:14,interview Darts
4898,2326,2024-01-25 08:12:15,documentary Verstappen
4899,87,2023-07-24 10:09:37,replay Joshua
4900,1192,2023-08-13 06:24:56,interview Premier League
4901,589,2023-07-19 19:06:39,documentary NFL
4902,2650,2024-01-06 09:03:45,interview World Cup
4903,247,2023-12-22 23:07:10,replay Football
4904,2043,2023-05-10 19:08:26,full match Mayweather
4905,1234,2024-01-29 07:49:23,replay Verstappen
4906,374,2024-01-01 05:58:22,documentary Super Bowl
4907,2562,2023-07-09 12:46:17,documentary Brady
4908,1724,2023-12-23 00:45:49,full match Super Bowl
4909,2522,2024-01-31 14:16:05,Tennis
4910,1547,2023-11-14 08:36:45,F1
4911,633,2023-11-01 22:26:24,full match Super Bowl
4912,1381,2023-11-28 04:51:10,highlights Champions League
4913,2745,2023-10-19 06:41:28,documentary Joshua
4914,2276,2024-03-07 16:28:30,full match Hamilton
4915,1071,2023-07-19 04:32:29,highlights Verstappen
4916,965,2024-01-08 22:14:39,highlights Oranienburg
4917,1711,2024-02-22 10:54:09,documentary Joshua
4918,72,2023-03-23 16:37:27,highlights F1
4919,1193,2023-06-27 16:30:20,interview Grand Prix 2023
4920,568,2023-04-06 08:51:23,full match Steckel
4921,860,2023-02-07 03:17:29,replay F1
4922,1655,2023-10-14 06:57:26,full match Brady
4923,308,2024-01-24 19:58:39,documentary Darts
4924,333,2023-04-17 00:28:39,replay Premier League
4925,367,2023-03-27 13:07:13,Tennis
4926,53,2023-11-29 10:22:01,Premier League
4927,51,2023-03-27 19:25:57,interview Joshua
4928,2745,2023-04-25 06:48:47,documentary Joshua 2023
4929,478,2023-07-09 09:30:08,replay South Stephanieview 2023
4930,2052,2023-10-10 12:55:01,replay Champions League 2024
4931,2112,2024-03-15 05:48:59,full match Brady
4932,1647,2024-03-13 09:32:34,replay Mayweather
4933,894,2023-11-24 12:55:04,replay Brady
4934,1591,2023-12-24 08:29:58,highlights Darts
4935,1739,2023-07-17 20:27:23,documentary Michaelfort
4936,2844,2023-01-19 04:02:21,interview Mahomes
4937,614,2024-01-05 23:34:33,full match Boxing
4938,508,2024-01-28 07:46:27,full match Grand Prix
4939,2880,2023-01-19 02:42:22,Mayweather
4940,808,2023-10-23 16:46:14,interview Mayweather
4941,131,2023-08-13 02:09:11,MMA 2024
4942,429,2023-04-07 01:58:17,highlights Football 2023
4943,2146,2023-10-16 05:58:45,Mayweather
4944,1765,2023-02-06 01:38:57,full match Darts
4945,1945,2023-01-03 01:08:38,Harrietstad
4946,1042,2024-03-11 03:42:21,interview Football
4947,2179,2023-02-04 09:14:17,full match MMA 2024
4948,1986,2023-11-03 14:01:40,interview Brady
4949,2328,2024-03-15 20:02:02,interview Verstappen
4950,2321,2024-01-01 18:51:27,Boxing
4951,929,2023-02-16 07:22:25,interview Joshua
4952,1590,2023-04-20 02:01:15,highlights Verstappen
4953,235,2023-03-26 02:04:31,highlights Darts
4954,1879,2023-06-09 08:40:21,documentary Joshua
4955,235,2023-02-07 12:16:46,replay World Cup
4956,2925,2023-11-16 19:29:56,full match Lake Shanechester
4957,1535,2023-11-30 09:20:54,replay Boxing
4958,2203,2023-07-30 15:08:48,highlights NFL
4959,2250,2023-03-18 03:20:57,highlights Darts
4960,2974,2023-02-23 03:19:16,interview Mahomes
4961,637,2024-01-31 21:15:46,interview Premier League
4962,2935,2023-04-24 06:27:33,F1
4963,765,2023-05-19 09:00:33,highlights F1
4964,2679,2023-08-28 20:07:50,full match Verstappen
4965,1909,2023-06-14 11:09:13,interview Football
4966,2580,2023-07-11 03:13:37,Football
4967,2069,2024-01-04 05:15:30,interview Hamilton
4968,1955,2023-05-11 12:33:49,documentary Darts 2023
4969,2598,2023-01-13 22:41:08,full match Brady
4970,1633,2023-11-09 11:38:42,Brady
4971,1161,2023-08-01 00:42:24,full match Hamilton
4972,2758,2023-05-18 03:21:46,World Cup
4973,1936,2023-06-04 19:06:25,full match Verstappen
4974,2550,2023-11-21 18:02:26,Super Bowl 2023
4975,1190,2023-02-06 04:31:15,replay Mayweather 2023
4976,556,2023-01-22 07:53:10,World Cup
4977,1698,2023-07-13 23:32:18,full match Super Bowl
4978,284,2023-02-26 07:03:40,documentary NFL
4979,216,2023-02-17 09:31:56,full match Hamilton
4980,391,2023-11-16 20:01:39,full match Melsungen
4981,1684,2023-01-24 08:49:52,highlights MMA
4982,1134,2023-03-28 17:41:03,replay MMA
4983,2108,2024-03-11 00:56:04,replay Champions League
4984,2778,2023-12-05 12:39:20,interview Hamilton
4985,343,2024-02-11 20:45:32,replay Football
4986,835,2023-12-29 05:26:48,highlights Super Bowl
4987,1598,2023-01-06 10:40:07,replay World Cup
4988,1781,2023-04-19 08:44:53,Premier League
4989,2468,2024-02-01 08:41:13,replay Brady
4990,259,2023-10-12 17:54:27,Hamilton
4991,2489,2023-10-20 12:05:23,Brady
4992,2478,2023-11-18 08:20:15,Mayweather
4993,1372,2023-12-26 07:40:37,documentary Hamilton 2023
4994,963,2023-08-20 02:37:38,highlights Mayweather
4995,1746,2023-11-08 12:35:44,documentary Premier League
4996,2525,2023-09-23 15:59:11,documentary Mahomes
4997,1426,2023-03-11 05:33:35,replay MMA
4998,1168,2024-01-13 20:23:43,highlights Grand Prix
4999,1964,2023-03-01 08:57:30,interview Joshua
5000,538,2023-05-30 01:57:45,highlights Brady
5001,15,2024-01-18 22:10:43,documentary Boxing 2024
5002,1887,2023-03-11 12:41:50,Walker
5003,2547,2023-12-10 09:44:43,Darts 2023
5004,591,2024-01-23 12:01:16,replay Verstappen
5005,99,2024-02-04 23:16:16,Hamilton
5006,893,2023-12-26 07:40:25,highlights Premier League
5007,365,2023-05-08 14:08:01,full match MMA
5008,1789,2023-05-19 09:35:58,replay World Cup
5009,1963,2023-12-09 18:43:50,highlights F1 2023
5010,1399,2023-06-20 05:38:31,replay Premier League 2024
5011,340,2023-10-06 03:46:44,interview Darts
5012,376,2023-09-07 17:36:49,replay Hamilton
5013,2143,2023-01-27 01:30:34,Super Bowl
5014,2555,2024-01-07 17:45:17,replay Darts
5015,2755,2023-04-05 17:31:51,documentary Mahomes
5016,1482,2023-09-24 13:55:33,documentary Premier League
5017,182,2023-05-25 18:18:16,replay World Cup
5018,1526,2024-03-15 05:15:49,full match Boxing 2023
5019,1681,2023-06-17 00:43:37,documentary Joshua
5020,2747,2023-08-01 20:51:34,Champions League
5021,153,2023-06-11 13:55:10,Boxing
5022,1061,2023-10-06 05:16:45,Verstappen
5023,688,2023-06-21 01:38:34,Darts 2023
5024,514,2023-10-13 08:48:13,Joshua
5025,1690,2023-06-22 10:52:08,Darts
5026,2276,2023-12-09 23:26:17,full match Boxing
5027,1737,2024-02-05 08:28:33,documentary Joshua
5028,2814,2023-11-06 02:53:22,interview Tennis
5029,1189,2023-05-12 17:38:45,Mayweather
5030,2052,2023-04-24 17:23:49,interview World Cup
5031,1055,2023-01-01 09:24:08,Champions League
5032,2778,2023-04-26 23:09:17,interview Brady
5033,1863,2024-03-24 14:03:02,interview Football
5034,2404,2023-10-02 10:40:06,documentary Verstappen
5035,2246,2023-10-04 19:57:47,documentary World Cup 2024
5036,2506,2023-09-30 22:25:56,full match F1
5037,823,2023-02-07 19:34:45,highlights Brady
5038,331,2023-01-12 18:25:16,highlights Super Bowl
5039,1886,2023-04-19 02:03:29,documentary World Cup
5040,2445,2024-01-20 08:36:59,Hamilton
5041,1957,2023-04-04 05:56:42,interview Mayweather
5042,1306,2023-10-31 15:43:15,full match World Cup
5043,1506,2023-10-16 09:14:47,interview MMA
5044,2700,2023-12-11 10:07:35,full match F1
5045,1288,2023-12-12 03:56:01,World Cup
5046,2745,2023-10-10 22:52:56,full match Darts
5047,2010,2023-07-31 02:19:18,interview Champions League
5048,2050,2023-04-06 03:05:25,Champions League
5049,940,2024-02-25 17:16:44,replay Super Bowl
5050,1034,2023-10-31 17:37:28,replay Hamilton
5051,1109,2023-01-12 03:03:24,Darts
5052,2969,2023-01-28 12:53:13,highlights MMA 2023
5053,1061,2023-09-06 11:44:41,Hamilton
5054,1547,2023-08-29 12:43:05,full match Champions League 2024
5055,1718,2023-11-25 03:13:29,Verstappen
5056,1407,2024-02-06 04:48:12,East Matthewburgh
5057,644,2024-02-22 14:04:46,Hamilton
5058,694,2023-03-27 08:07:55,Port Jeffreymouth
5059,1959,2023-07-26 16:16:28,interview Premier League
5060,972,2023-11-15 20:15:16,Darts
5061,1576,2023-04-23 14:58:06,full match Football 2024
5062,2411,2023-03-13 06:02:17,documentary Mahomes
5063,110,2024-03-12 12:34:41,documentary Premier League
5064,2354,2023-11-08 19:34:49,documentary World Cup
5065,1055,2023-09-23 08:16:34,full match World Cup
5066,2933,2023-06-15 02:26:48,Joshua
5067,2910,2023-05-02 17:48:23,full match Gonzalezburgh
5068,1149,2023-10-06 01:15:08,Joshua
5069,2530,2023-03-11 16:11:31,replay Hamilton
5070,1012,2023-06-30 10:47:09,documentary Joshua
5071,2820,2023-04-18 00:04:31,interview World Cup
5072,1359,2023-06-03 15:46:36,Tennis
5073,2009,2023-09-16 20:46:18,full match Darts
5074,10,2024-03-09 18:53:22,Sullivan
5075,2725,2023-10-27 20:18:34,interview Verstappen
5076,1988,2023-11-20 00:58:07,full match Mahomes
5077,2897,2023-07-09 15:40:28,Hamilton
5078,1405,2023-03-02 13:53:11,replay Darts
5079,1852,2023-09-04 00:03:18,interview Hughes
5080,2259,2023-06-18 05:49:54,Coopermouth
5081,2063,2023-03-02 16:13:45,documentary Chapmanland
5082,2786,2023-05-31 08:16:55,Boxing
5083,1107,2024-03-17 10:34:44,documentary Boxing
5084,295,2024-02-01 14:05:42,Brady
5085,1110,2023-03-27 21:26:52,highlights Mayweather
5086,2743,2023-02-13 00:58:27,F1
5087,892,2023-01-27 22:56:30,Hamilton 2024
5088,2079,2023-01-09 00:45:23,documentary Boxing
5089,2489,2023-04-16 12:46:25,Darts
5090,225,2023-11-29 20:37:52,documentary World Cup
5091,2466,2023-04-19 21:58:51,documentary Verstappen
5092,1533,2024-01-02 09:36:39,interview Champions League
5093,1640,2024-03-18 01:06:17,interview Football
5094,165,2023-10-06 20:45:05,Football
5095,2929,2023-11-02 04:19:35,interview NFL
5096,2499,2024-03-21 10:36:05,full match Boxing
5097,1545,2023-04-08 06:55:57,full match Grand Prix
5098,1667,2023-01-23 19:20:41,World Cup
5099,475,2023-02-04 16:47:57,highlights Brady 2024
5100,354,2023-08-14 07:24:55,Brady
5101,462,2024-03-24 19:26:14,Champions League
5102,2599,2023-05-07 02:43:39,replay Football
5103,1773,2023-05-18 21:39:25,MMA
5104,1052,2023-01-20 15:42:56,highlights Darts
5105,1441,2023-11-04 09:09:07,Football
5106,2390,2023-11-11 21:44:00,full match Boxing
5107,1219,2023-01-28 04:01:35,interview Norris 2023
5108,1667,2023-04-20 09:28:57,replay Super Bowl
5109,467,2024-02-17 08:07:56,full match MMA
5110,1878,2023-02-14 13:05:16,interview Joshua
5111,2098,2023-10-24 10:45:24,documentary Verstappen 2024
5112,1482,2023-04-04 09:58:25,full match Super Bowl
5113,752,2023-09-11 03:38:03,documentary World Cup
5114,731,2023-10-24 09:55:46,interview Brady
5115,1679,2023-10-25 23:16:33,full match Hamilton
5116,1650,2024-03-07 04:39:49,replay MMA
5117,1972,2023-07-24 10:38:14,Boxing
5118,2650,2024-03-25 23:18:01,interview Grevenbroich
5119,2818,2023-08-10 14:04:57,replay Kelheim
5120,1484,2023-08-11 15:48:16,documentary Padilla 2024
5121,2879,2023-10-31 15:33:36,documentary Darts
5122,112,2023-06-19 18:54:33,full match Grand Prix
5123,1910,2024-03-03 03:38:11,MMA
5124,1878,2024-03-10 07:45:25,Darts
5125,1855,2023-04-24 05:04:38,interview Sömmerda
5126,440,2023-04-04 08:39:57,documentary Champions League 2024
5127,1704,2023-04-09 05:10:24,full match Rogers
5128,2677,2024-01-06 05:52:13,full match Mayweather
5129,1503,2023-08-29 19:37:08,Brady
5130,756,2023-02-06 01:31:02,interview Football
5131,460,2023-02-16 16:25:29,highlights MMA
5132,1156,2024-02-29 08:47:35,full match NFL
5133,2497,2024-03-07 02:33:00,World Cup
5134,2805,2023-10-09 05:32:42,full match World Cup
5135,1643,2023-10-02 12:32:18,highlights Brady 2023
5136,553,2023-04-03 07:22:56,World Cup
5137,2242,2023-10-27 22:46:50,interview Verstappen
5138,285,2023-12-05 21:50:57,documentary Darts
5139,1270,2024-03-08 22:06:21,Hamilton
5140,454,2023-11-14 05:41:18,Verstappen
5141,2610,2024-01-26 08:44:53,highlights F1
5142,699,2023-10-23 18:48:19,Mayweather
5143,833,2023-10-31 04:47:24,documentary Mayweather
5144,110,2023-05-17 05:31:45,replay Darts
5145,2770,2023-03-02 09:22:52,replay Brady
5146,2615,2023-10-13 12:26:47,full match Champions League
5147,1339,2023-06-08 10:17:04,full match Brady
5148,361,2023-06-10 00:48:02,interview Joshua
5149,1145,2023-10-04 04:25:52,Ebersberg
5150,2295,2023-11-03 21:37:52,interview Darts
5151,1609,2023-06-15 03:34:01,documentary Mayweather
5152,1107,2024-03-23 23:28:40,documentary Port Lawrencemouth
5153,394,2023-09-21 00:21:20,highlights F1
5154,1127,2023-06-25 19:36:52,highlights Mahomes
5155,2714,2023-01-16 17:18:32,Mayweather
5156,1242,2024-03-11 22:24:29,documentary Football
5157,593,2023-10-30 06:15:58,Mahomes
5158,2239,2023-12-26 10:09:57,Premier League 2024
5159,175,2024-03-11 08:02:22,interview Joshua
5160,2708,2023-06-15 01:50:41,interview Chapman
5161,618,2023-04-13 17:18:33,full match Darts
5162,2331,2023-11-03 07:54:06,documentary Champions League
5163,1043,2023-10-24 20:23:23,NFL
5164,2348,2023-05-01 23:46:05,interview Verstappen
5165,1987,2023-02-20 23:47:24,Mayweather
5166,2404,2023-05-25 15:42:08,Boxing 2023
5167,1237,2023-09-16 20:49:11,Boxing
5168,527,2023-08-29 23:38:52,interview MMA
5169,2118,2023-04-04 01:22:04,interview Mayweather
5170,1595,2024-01-25 01:39:04,interview Tennis
5171,2892,2023-03-26 22:16:33,interview Joshua
5172,422,2023-06-23 16:20:19,Super Bowl
5173,1239,2023-01-02 10:34:20,replay Prattborough
5174,1817,2024-03-22 21:55:22,full match Mayweather
5175,1326,2023-09-10 19:28:54,full match Mahomes
5176,1703,2023-08-19 16:11:34,interview Joshua
5177,1585,2023-03-20 01:47:29,documentary Hamilton
5178,260,2024-01-12 12:47:57,full match Hamilton
5179,2119,2023-09-17 15:31:27,full match Jackson
5180,1977,2023-01-05 19:09:31,interview Mahomes
5181,535,2023-03-28 20:21:35,replay Mahomes
5182,2558,2023-02-01 06:54:55,replay Boxing
5183,2149,2024-03-17 01:27:46,full match Hünfeld
5184,1419,2023-10-11 01:06:09,replay Hamilton
5185,2300,2023-08-27 10:26:05,full match Hamilton
5186,1495,2023-11-30 02:38:36,highlights Grand Prix
5187,863,2023-01-28 11:35:26,highlights Grand Prix
5188,609,2023-08-22 08:21:43,highlights Tennis 2023
5189,1478,2024-01-13 08:37:09,full match Schuchhardt
5190,1120,2023-09-27 20:48:35,highlights F1
5191,927,2024-01-27 23:22:46,Joshua
5192,500,2024-01-19 04:15:55,replay Champions League 2023
5193,2665,2023-08-23 16:47:18,F1
5194,2369,2023-02-03 08:44:53,Mahomes 2024
5195,2870,2024-01-06 12:26:18,highlights Football 2023
5196,1866,2024-02-10 09:37:31,Mayweather
5197,2961,2023-07-28 02:05:09,Lake Garry
5198,1907,2023-03-16 06:42:07,highlights F1 2024
5199,2642,2023-06-15 03:10:27,documentary F1
5200,2262,2023-11-24 08:33:31,interview Mahomes
5201,2496,2023-07-27 21:20:15,Grand Prix 2023
5202,1112,2023-10-22 21:28:53,documentary Football
5203,1247,2023-04-19 11:00:15,NFL
5204,2831,2023-10-08 22:55:24,replay Mayweather
5205,1269,2023-06-05 00:46:41,interview Mahomes
5206,16,2024-03-17 20:25:42,interview Tennis
5207,2500,2024-02-11 07:46:24,interview New Rogerview
5208,2991,2023-12-11 23:24:16,interview Super Bowl
5209,445,2023-03-23 20:16:51,full match Grand Prix
5210,1027,2023-06-05 07:33:00,F1
5211,1257,2023-01-10 15:31:54,documentary Mayweather 2024
5212,1333,2023-06-16 03:25:50,interview F1
5213,708,2023-01-27 02:02:43,highlights Premier League 2024
5214,1627,2023-10-29 16:42:39,NFL
5215,16,2023-07-04 16:51:00,full match MMA
5216,923,2024-02-21 12:44:15,full match Tennis
5217,606,2023-05-10 07:37:34,Lee
5218,530,2023-06-15 17:28:36,Mahomes
5219,189,2023-04-26 18:45:59,replay Hamilton
5220,192,2023-08-05 11:29:59,replay Joshua
5221,2796,2023-12-12 03:42:22,full match Football 2023
5222,3000,2023-02-08 22:31:34,interview Joshua
5223,622,2023-11-21 22:27:28,documentary Premier League
5224,1813,2023-08-17 18:58:03,Joshua
5225,1261,2024-01-18 13:40:34,World Cup
5226,2295,2023-08-01 00:40:35,replay NFL
5227,2853,2023-05-08 03:41:33,Verstappen
5228,2656,2023-08-19 10:08:49,documentary Joshua
5229,1565,2023-02-26 01:10:16,Verstappen
5230,2059,2023-09-06 22:53:03,Boxing
5231,1369,2023-06-16 13:33:12,Sanders 2024
5232,2418,2023-12-31 09:28:32,Mayweather
5233,1780,2023-09-07 19:46:36,documentary Champions League 2023
5234,2912,2023-01-13 00:32:52,replay New Mauriceshire
5235,1537,2023-03-04 09:46:20,full match Champions League
5236,2400,2023-02-12 09:50:23,highlights MMA
5237,1598,2023-06-15 00:49:34,Tennis
5238,1126,2024-01-28 07:22:17,MMA
5239,2199,2024-02-06 02:06:07,replay Boxing
5240,2979,2023-01-29 08:41:35,highlights Verstappen
5241,1848,2023-04-25 08:49:43,Darts
5242,2028,2023-11-03 15:20:43,documentary Bowen
5243,606,2023-10-31 02:23:53,full match Joshua
5244,498,2023-08-02 01:56:47,Super Bowl
5245,2691,2023-03-20 12:18:48,documentary Football
5246,2550,2024-02-23 06:14:51,highlights Grand Prix
5247,1191,2023-11-30 10:20:03,highlights Mahomes
5248,4,2023-11-06 23:22:57,full match Grand Prix
5249,77,2023-06-07 09:17:49,full match Verstappen
5250,693,2023-09-24 06:26:56,replay World Cup
5251,1332,2023-03-24 06:17:19,interview Aaronburgh
5252,2753,2023-04-08 03:16:18,interview Darts
5253,750,2023-03-12 11:15:36,Champions League
5254,1305,2023-09-25 23:15:39,NFL
5255,2852,2023-04-24 15:21:29,Mahomes
5256,340,2023-09-29 01:30:42,interview Premier League 2023
5257,2759,2023-03-10 10:52:55,highlights Mahomes
5258,2755,2023-05-05 04:21:33,Hamilton
5259,2184,2024-01-27 09:16:57,documentary Verstappen
5260,1899,2023-02-15 08:24:03,highlights Joshua
5261,89,2023-11-17 12:47:34,full match Hamilton
5262,136,2023-08-26 14:34:29,interview Joshua
5263,1270,2024-01-15 04:55:38,highlights Boxing
5264,1741,2023-07-31 05:22:08,Brady
5265,2235,2023-03-30 14:28:56,interview Champions League
5266,421,2023-06-25 13:45:28,documentary Boxing
5267,1163,2024-01-31 10:37:26,highlights Boxing
5268,435,2023-05-28 08:11:47,interview Howell
5269,2533,2023-04-22 05:37:01,highlights World Cup
5270,1342,2023-01-11 05:27:28,full match Joshua
5271,471,2023-04-17 06:36:49,documentary Brady
5272,383,2024-02-10 12:49:40,replay Hamilton
5273,1097,2023-05-19 20:55:35,Boxing
5274,1409,2024-03-08 15:24:58,interview MMA
5275,1770,2023-07-29 19:54:00,replay World Cup
5276,2662,2023-04-26 18:44:38,interview Boxing
5277,1200,2023-12-18 05:31:56,replay Verstappen
5278,2661,2023-04-03 07:40:03,Super Bowl
5279,1154,2023-03-24 15:03:38,World Cup
5280,2048,2023-12-07 11:46:50,documentary Premier League 2023
5281,898,2023-12-07 18:08:06,full match Super Bowl
5282,1674,2023-11-30 13:26:24,Darts
5283,79,2023-04-22 08:48:19,highlights Tennis
5284,1093,2023-12-28 11:01:35,full match Tennis
5285,36,2023-01-22 07:47:57,full match Grand Prix
5286,541,2023-05-11 16:29:59,highlights NFL 2024
5287,1194,2023-10-17 09:03:52,interview Mahomes
5288,2695,2023-12-05 15:11:26,full match F1
5289,2436,2024-03-23 23:33:30,Mahomes
5290,2361,2023-09-29 08:33:11,replay Mayweather
5291,2566,2023-06-21 04:44:46,North Brandon
5292,1376,2024-02-24 14:46:28,replay Tennis
5293,1351,2023-01-20 02:20:31,replay Mayweather
5294,2139,2023-01-25 07:07:13,documentary Premier League
5295,1085,2023-03-10 09:15:33,Football
5296,909,2023-09-24 10:12:32,Brady 2024
5297,100,2023-06-02 17:22:59,full match Joshua
5298,342,2023-08-28 03:47:47,full match Darts
5299,75,2024-03-03 05:35:27,full match Mayweather
5300,729,2024-02-15 08:42:10,highlights Brady 2024
5301,2390,2024-01-16 00:10:22,replay NFL
5302,1731,2023-04-02 00:15:37,interview Super Bowl
5303,2166,2023-03-03 14:03:51,documentary World Cup 2023
5304,1066,2023-10-04 01:02:51,highlights Joshua
5305,599,2023-05-04 16:04:24,interview Football
5306,1202,2024-02-18 05:19:40,full match Champions League 2023
5307,1444,2023-03-04 08:40:37,replay Verstappen
5308,2159,2023-07-09 17:42:12,documentary Boxing
5309,1972,2023-06-14 05:41:37,full match MMA
5310,357,2023-02-22 08:21:30,documentary Darts
5311,939,2023-07-30 13:00:09,highlights Mahomes
5312,2040,2024-01-27 05:07:27,documentary Brady
5313,984,2024-03-23 07:57:17,replay World Cup
5314,2507,2023-10-21 01:33:59,documentary Brady
5315,780,2024-03-25 05:40:22,Football
5316,1188,2024-03-28 13:25:25,Grand Prix 2024
5317,2833,2023-12-20 21:56:00,Darts
5318,451,2024-01-14 09:40:53,documentary Grand Prix
5319,1796,2023-11-21 02:51:34,documentary Darts
5320,1283,2023-02-08 15:22:57,highlights Darts
5321,1516,2023-07-01 18:12:24,documentary World Cup
5322,2493,2023-02-21 22:50:59,full match Super Bowl
5323,2107,2023-06-25 21:01:27,NFL
5324,727,2023-04-21 17:13:06,highlights Football
5325,1279,2023-01-07 21:26:21,highlights Tennis
5326,2841,2024-03-05 17:00:36,full match Mayweather
5327,764,2023-04-04 14:55:18,NFL
5328,177,2023-03-07 17:47:41,full match F1
5329,2396,2023-04-16 16:49:53,interview Greiz
5330,489,2023-03-21 20:37:56,documentary Joshua
5331,1439,2023-01-30 19:25:17,highlights F1
5332,1788,2023-12-17 22:12:16,Darts
5333,55,2023-03-15 18:47:09,replay Mayweather
5334,2957,2023-05-09 20:19:00,interview Mahomes
5335,2269,2024-03-27 15:28:55,Brady
5336,1447,2024-03-19 06:04:58,Verstappen
5337,1171,2023-08-26 14:26:11,Champions League
5338,499,2023-09-22 17:52:57,documentary Mayweather
5339,503,2023-02-28 01:25:52,Mayweather
5340,691,2023-07-14 06:40:11,documentary Tennis
5341,101,2023-02-06 06:00:57,documentary MMA
5342,396,2023-12-21 11:10:50,Mahomes
5343,407,2023-10-21 08:13:18,replay Walker
5344,1625,2023-06-11 21:31:17,Mahomes
5345,1959,2024-02-14 23:14:10,replay Grand Prix
5346,888,2023-09-24 05:17:33,Tennis
5347,2598,2024-03-28 19:14:00,interview Boxing
5348,205,2023-04-30 15:46:47,interview Premier League
5349,2517,2023-07-31 20:12:48,replay Mahomes
5350,2585,2023-09-11 21:43:37,documentary Football
5351,2444,2024-01-04 01:02:56,highlights MMA
5352,1636,2023-05-29 07:44:16,highlights Super Bowl
5353,211,2023-05-10 06:00:44,Premier League
5354,1188,2023-09-24 23:08:27,F1
5355,1771,2024-03-24 02:10:20,interview Boxing
5356,2282,2023-09-01 11:42:48,Verstappen
5357,2139,2023-05-11 20:53:49,interview Mahomes
5358,2882,2024-02-09 06:52:29,highlights Football
5359,237,2023-08-25 22:27:10,NFL
5360,370,2023-01-07 12:12:54,NFL
5361,1245,2023-12-09 07:38:24,Football
5362,2789,2024-01-11 18:26:03,interview Darts
5363,2427,2023-02-06 07:09:17,interview Joshua
5364,978,2023-12-29 16:34:45,Verstappen
5365,1870,2023-03-22 10:40:43,full match Super Bowl
5366,1291,2023-11-05 02:02:47,replay NFL
5367,1952,2023-03-05 03:59:55,documentary F1
5368,1285,2023-09-27 14:21:27,Joshua 2023
5369,2209,2023-06-06 00:01:00,highlights Tennis
5370,972,2024-02-28 22:30:28,interview Brady
5371,652,2023-08-15 13:16:35,Brady
5372,1938,2023-01-07 13:31:47,Premier League
5373,1782,2023-07-28 04:29:48,highlights Champions League
5374,1117,2023-07-28 20:07:04,documentary Mahomes
5375,1924,2023-01-31 22:54:32,interview Mayweather
5376,2349,2023-01-25 06:24:03,Mahomes
5377,2704,2024-02-07 23:09:05,NFL
5378,511,2023-08-31 07:11:52,North Brianland
5379,474,2023-03-15 17:48:22,documentary Boxing
5380,1429,2023-05-01 16:22:32,documentary Mahomes
5381,1612,2023-12-21 18:37:38,full match Premier League
5382,1260,2024-01-04 04:37:55,highlights Leipziger Land
5383,264,2024-02-16 05:03:24,interview Gill
5384,1471,2023-01-12 12:40:18,documentary NFL
5385,2868,2023-10-25 03:53:55,full match Super Bowl
5386,1298,2023-10-13 06:09:58,full match Hamilton
5387,2786,2023-05-16 09:31:15,replay MMA
5388,560,2023-01-23 19:04:22,full match Super Bowl
5389,947,2023-11-01 04:52:11,highlights Brady
5390,1171,2024-02-20 19:10:34,replay Brady 2023
5391,1352,2023-02-28 18:23:04,full match Parker
5392,1489,2023-12-05 15:40:41,interview F1
5393,2193,2024-03-07 03:25:22,Brooks
5394,2306,2023-08-17 04:36:54,interview NFL
5395,303,2023-02-08 15:58:33,replay Mahomes
5396,1178,2023-08-06 00:00:11,interview MMA
5397,591,2023-01-24 19:57:28,Boxing
5398,6,2024-01-20 08:11:38,World Cup
5399,1786,2023-11-12 19:52:24,interview Joshua 2023
5400,2112,2023-01-30 21:12:29,Football
5401,333,2024-03-29 07:29:33,documentary World Cup
5402,2432,2023-01-04 07:46:33,NFL
5403,820,2023-05-26 20:06:40,interview Grand Prix
5404,719,2023-04-13 17:58:16,replay MMA
5405,1472,2023-03-08 22:39:37,highlights Mayweather
5406,882,2023-02-17 20:17:27,full match Grand Prix
5407,1235,2023-04-01 02:35:44,interview NFL 2024
5408,1471,2024-02-22 05:41:54,replay Darts
5409,2847,2023-04-15 01:52:58,full match Grand Prix
5410,2602,2023-12-13 04:23:58,South Katherineton
5411,328,2023-11-08 05:01:20,full match Mahomes
5412,309,2023-02-01 15:45:42,full match Verstappen
5413,157,2023-08-08 05:13:37,highlights Brady
5414,2834,2023-06-10 13:56:42,highlights Boxing
5415,1490,2023-01-28 18:49:00,replay World Cup
5416,64,2023-06-11 23:11:00,Football
5417,2034,2023-09-21 21:30:00,Mayweather 2023
5418,845,2023-02-02 03:32:45,Champions League
5419,1582,2023-06-18 10:15:24,full match Tennis
5420,851,2024-02-19 17:02:36,documentary Darts
5421,533,2024-02-14 04:27:32,Tennis
5422,2841,2023-05-06 21:31:06,interview Grand Prix
5423,580,2024-01-03 19:25:50,World Cup
5424,1592,2024-01-15 03:18:30,documentary Joshua
5425,2056,2023-10-14 00:35:05,full match World Cup
5426,1988,2023-10-10 18:56:03,Football
5427,850,2023-01-30 16:59:03,highlights Football
5428,1983,2024-02-21 23:20:53,highlights Verstappen
5429,1458,2023-10-05 08:05:45,replay MMA
5430,550,2023-01-12 17:07:43,Football
5431,511,2023-05-16 23:26:32,replay MMA
5432,2292,2023-03-15 11:09:35,Mayweather
5433,1697,2023-09-06 10:08:39,NFL
5434,1424,2023-09-08 03:28:57,replay Joshua 2024
5435,1253,2023-01-01 21:18:58,documentary Premier League
5436,1729,2024-03-12 11:30:53,replay Mayweather
5437,2624,2024-02-15 10:36:21,replay Joshua 2024
5438,1250,2023-11-21 06:07:31,interview Premier League 2023
5439,816,2024-02-21 13:33:54,highlights Thomas
5440,847,2024-01-30 18:08:18,highlights NFL
5441,1847,2024-01-03 16:26:19,Champions League
5442,759,2023-04-14 23:28:00,highlights MMA
5443,385,2023-08-24 00:46:30,documentary Premier League
5444,98,2024-03-23 23:00:08,interview F1 2023
5445,2703,2023-02-15 22:02:37,NFL
5446,2401,2023-06-10 06:53:50,interview Hamilton
5447,1097,2023-06-15 18:27:41,replay Boxing
5448,2399,2023-06-02 21:50:39,replay World Cup
5449,473,2023-04-11 19:24:50,full match Grand Prix
5450,2505,2023-12-09 19:59:17,Grand Prix
5451,2272,2023-06-24 03:48:37,documentary Grand Prix
5452,2424,2023-02-28 05:19:13,interview Crawford
5453,712,2023-04-21 22:52:27,replay Verstappen 2024
5454,2622,2023-05-27 03:40:54,Super Bowl
5455,365,2024-03-08 13:12:54,Siegen
5456,1749,2024-03-14 19:13:45,highlights NFL
5457,189,2023-04-27 14:29:34,highlights Football 2024
5458,671,2023-07-26 12:19:59,interview NFL
5459,1645,2023-09-01 17:49:15,documentary Hamilton
5460,1822,2023-01-11 11:54:04,full match Joshua
5461,2190,2023-09-20 12:03:41,full match Joshua
5462,271,2023-07-06 02:06:45,World Cup 2024
5463,115,2023-07-09 17:02:15,documentary Darts 2024
5464,2537,2023-03-13 21:49:58,replay F1
5465,2973,2024-03-26 01:41:32,full match Mahomes
5466,1417,2024-02-08 15:02:23,full match F1 2024
5467,1335,2023-01-14 16:28:08,Joshua
5468,2204,2023-11-09 23:14:34,Tennis
5469,2229,2023-12-10 11:37:50,interview World Cup 2023
5470,2860,2023-04-18 23:02:59,highlights Darts 2024
5471,2042,2024-03-25 21:34:54,highlights Premier League
5472,2705,2023-10-23 11:51:52,interview Super Bowl
5473,80,2023-06-30 11:47:18,documentary Mayweather
5474,835,2023-08-05 06:25:29,replay MMA
5475,2319,2023-12-31 10:57:47,replay Hamilton 2024
5476,183,2023-09-10 11:59:55,documentary MMA
5477,2977,2023-11-12 11:53:57,World Cup
5478,161,2023-04-09 01:14:32,interview Tennis
5479,2241,2024-03-05 08:49:34,documentary Darts 2023
5480,2582,2023-12-06 06:08:10,full match Verstappen
5481,1301,2023-11-20 16:06:10,documentary MMA
5482,187,2023-06-17 11:11:12,Premier League
5483,2635,2023-02-25 00:17:14,highlights Football 2024
5484,1599,2023-02-09 10:50:43,full match Hamilton
5485,287,2023-07-03 22:05:04,documentary Tennis 2023
5486,1803,2023-09-20 01:14:29,NFL 2023
5487,263,2023-06-27 16:56:30,highlights Grand Prix
5488,2953,2024-02-03 04:16:16,highlights Tennis
5489,2006,2023-09-13 05:19:00,Verstappen 2023
5490,1356,2024-03-28 06:09:45,full match Tennis
5491,534,2023-09-19 22:06:20,documentary Premier League
5492,371,2024-02-04 04:28:52,highlights Boxing
5493,2814,2023-10-09 13:38:34,replay F1
5494,2515,2024-01-15 02:21:13,replay Tennis
5495,1622,2024-03-12 09:39:24,Premier League
5496,625,2023-08-14 08:22:20,replay Grand Prix
5497,1836,2023-08-21 13:03:34,Football
5498,1560,2023-01-12 23:26:05,highlights Mayweather 2023
5499,667,2023-01-02 08:26:39,highlights Joshua
5500,1587,2023-12-18 17:09:25,highlights Mahomes 2024
5501,1125,2023-06-23 15:49:25,full match Verstappen
5502,1183,2023-04-25 11:40:41,World Cup
5503,1297,2024-03-06 06:24:16,documentary Klingelhöfer
5504,2961,2023-07-27 15:57:14,World Cup
5505,2585,2023-11-08 08:21:57,replay Brady
5506,2779,2023-06-16 07:12:22,documentary Brady
5507,1380,2023-06-24 02:28:35,highlights MMA
5508,1691,2024-02-09 20:19:36,Brady
5509,181,2023-04-07 01:27:27,interview NFL
5510,2815,2024-02-09 12:12:45,replay Premier League
5511,565,2023-08-01 20:41:06,NFL
5512,249,2023-05-05 23:01:06,full match F1
5513,1796,2023-11-23 09:45:33,highlights Grand Prix
5514,2980,2023-01-14 05:18:42,full match Tennis 2024
5515,164,2023-02-08 03:51:32,Hamilton
5516,2420,2023-08-01 18:25:35,Joshua
5517,1903,2024-03-06 10:46:43,Darts
5518,1570,2024-02-29 08:56:33,replay Darts
5519,467,2024-02-07 15:14:29,Brady 2024
5520,2495,2023-01-24 01:05:10,documentary Hamilton
5521,2399,2024-03-26 05:44:10,Darts
5522,1814,2023-12-31 13:00:35,interview Mahomes
5523,1755,2023-05-07 16:12:53,replay Verstappen
5524,26,2023-08-25 13:05:41,documentary Hamilton
5525,2601,2024-03-06 15:05:19,full match World Cup
5526,237,2023-12-30 16:55:58,replay Mayweather
5527,1714,2023-06-11 02:38:49,Port Lorraine
5528,2975,2024-02-29 13:11:13,interview Mahomes
5529,912,2024-02-03 03:59:21,full match Hamilton
5530,140,2023-04-21 05:02:29,World Cup
5531,2489,2023-07-20 05:30:48,full match F1
5532,2785,2023-02-23 09:25:19,interview Hamilton
5533,575,2024-01-14 21:09:25,replay Boxing 2023
5534,2728,2023-05-23 21:01:54,full match Super Bowl
5535,1608,2023-11-02 12:29:47,Gorlitz
5536,681,2023-04-15 15:09:41,documentary Brady
5537,699,2024-03-08 17:36:15,documentary Darts
5538,2916,2024-02-14 05:10:56,NFL
5539,1129,2024-02-19 09:23:48,interview MMA
5540,2342,2023-12-27 08:29:00,highlights Boxing
5541,2838,2023-11-16 13:23:50,documentary Tennis
5542,1804,2023-11-23 14:43:40,interview Ross
5543,998,2023-05-21 22:32:11,interview Verstappen
5544,673,2023-08-21 06:43:46,highlights Darts 2023
5545,2478,2024-03-19 05:27:39,full match Grand Prix
5546,2514,2023-02-04 03:44:59,highlights Verstappen
5547,1921,2023-11-28 21:44:08,Premier League
5548,1336,2023-04-24 10:54:27,interview MMA
5549,642,2024-02-17 12:29:21,interview Football
5550,1850,2023-03-24 04:32:17,interview Super Bowl
5551,1257,2023-08-05 23:59:12,highlights Gibson
5552,2393,2023-07-07 07:38:10,replay F1
5553,1882,2023-03-03 04:08:30,interview Brady
5554,2739,2023-02-27 08:52:47,Premier League
5555,1682,2023-12-06 17:33:01,documentary Champions League
5556,1229,2023-11-07 03:17:21,documentary Gibsonstad 2024
5557,2412,2023-07-07 08:17:15,full match Premier League
5558,58,2023-06-25 17:56:18,MMA
5559,662,2023-07-31 01:43:01,full match Darts
5560,1183,2023-07-24 18:41:04,replay Darts
5561,224,2023-04-07 00:25:56,replay F1
5562,2196,2023-11-26 15:07:18,interview Premier League
5563,1991,2024-03-05 14:01:27,full match MMA
5564,2240,2023-09-18 07:23:49,replay Darts 2023
5565,1207,2023-10-02 20:54:13,full match Joshua
5566,646,2023-12-08 04:33:21,replay Hamilton
5567,619,2024-02-13 01:55:46,interview Boxing
5568,2721,2023-11-19 16:29:29,MMA
5569,2155,2023-04-08 15:09:28,replay Darts
5570,1903,2023-01-31 13:22:43,NFL
5571,2692,2023-02-03 15:06:05,replay Mayweather
5572,1500,2023-01-26 08:12:05,documentary Mayweather
5573,1366,2023-08-07 09:21:30,MMA
5574,380,2023-02-02 06:43:57,interview Joshua
5575,1834,2023-12-19 19:43:02,replay World Cup
5576,218,2023-08-10 20:40:02,Brady
5577,2976,2023-10-15 08:41:40,full match Tennis
5578,2756,2023-10-11 05:45:01,highlights Super Bowl
5579,2066,2023-09-10 17:44:45,full match MMA
5580,1459,2024-02-28 01:26:51,Darts
5581,1059,2023-03-16 08:47:37,highlights MMA
5582,2720,2024-01-28 07:56:48,Andersen
5583,210,2023-10-16 23:50:47,full match Sanders 2024
5584,2023,2024-02-23 20:16:00,highlights Hainichen
5585,836,2023-06-16 04:50:06,interview NFL
5586,1926,2023-10-22 10:59:16,replay F1
5587,1869,2023-02-10 01:46:52,highlights Super Bowl
5588,2523,2023-09-19 07:09:28,interview Mayweather
5589,2204,2023-12-30 21:18:51,full match Joshua
5590,764,2024-01-13 21:57:28,replay Verstappen
5591,1494,2023-08-28 08:39:05,documentary NFL
5592,1070,2023-01-25 14:26:09,highlights F1
5593,732,2023-07-08 09:45:44,F1
5594,2585,2023-10-07 11:57:15,highlights Joyceland
5595,1348,2024-03-13 13:56:32,Premier League
5596,318,2024-01-28 19:50:19,highlights Football
5597,713,2023-07-01 07:16:46,replay Grand Prix
5598,1444,2023-10-17 16:10:40,interview Verstappen 2023
5599,1818,2023-05-08 17:29:51,replay Verstappen
5600,1874,2024-03-15 09:44:34,MMA
5601,1590,2023-03-20 03:29:37,full match Brady 2023
5602,1948,2023-03-17 08:13:21,documentary Shepherd
5603,1895,2023-11-01 00:22:53,Mahomes
5604,992,2023-09-25 20:25:41,F1
5605,780,2023-08-14 22:07:24,Brady 2024
5606,2453,2023-05-22 18:34:11,Mayweather
5607,737,2023-03-08 20:00:16,documentary Football
5608,1855,2023-09-14 07:54:41,Darts 2023
5609,566,2024-02-09 07:40:56,Verstappen
5610,695,2023-01-08 17:57:18,full match MMA
5611,1674,2024-02-05 15:22:10,World Cup
5612,2565,2023-12-11 16:28:11,documentary World Cup
5613,2947,2024-01-06 00:24:03,highlights Football
5614,2909,2023-05-09 02:34:36,replay Patel
5615,2911,2023-01-13 13:57:01,full match Mahomes
5616,1431,2023-03-05 16:25:33,Football
5617,2813,2024-01-28 15:56:35,World Cup
5618,780,2023-09-12 09:10:13,interview Mayweather
5619,786,2023-10-24 08:28:44,full match Tennis
5620,1378,2023-04-09 16:43:31,interview Tennis
5621,2321,2023-10-20 00:27:10,Mahomes
5622,124,2023-03-18 17:37:08,full match South Benjamin
5623,2450,2024-01-25 04:50:53,Mahomes
5624,627,2023-06-30 08:46:15,Mayweather
5625,2132,2023-05-16 02:28:07,replay World Cup
5626,2652,2023-08-30 18:21:21,highlights World Cup
5627,1438,2023-11-30 06:01:01,interview Grand Prix
5628,175,2023-09-25 21:57:33,Brady
5629,1156,2024-02-14 17:51:04,Grand Prix
5630,1279,2023-06-16 21:39:25,replay Joshua
5631,1465,2024-02-07 19:50:25,Tennis
5632,2806,2023-10-11 15:13:02,Joshua
5633,316,2024-02-09 17:44:28,documentary MMA
5634,2830,2023-04-11 10:28:49,Boxing
5635,904,2023-07-05 00:03:53,documentary Smith 2024
5636,2723,2023-03-23 15:33:34,NFL
5637,2311,2023-01-23 21:54:17,interview Super Bowl
5638,376,2023-03-26 00:27:45,interview Joshua
5639,626,2023-12-30 23:44:42,interview Brady
5640,1026,2023-01-29 16:19:48,documentary Mahomes
5641,2559,2023-12-22 20:41:55,documentary Premier League
5642,1329,2023-12-18 00:09:14,documentary Mahomes
5643,345,2024-03-27 09:42:22,highlights Super Bowl
5644,2657,2023-02-27 11:33:12,highlights Darts 2023
5645,1892,2023-06-19 22:33:41,interview Premier League
5646,856,2023-01-13 20:36:42,replay Tennis
5647,2649,2023-08-13 11:55:11,Hamilton
5648,1045,2024-02-15 08:12:33,interview Mayweather
5649,972,2023-09-30 18:32:22,NFL
5650,1917,2023-01-27 12:20:53,full match Football
5651,739,2023-07-20 18:09:10,full match NFL
5652,381,2023-07-31 07:05:42,Grand Prix
5653,1322,2023-10-14 17:00:58,highlights Mayweather
5654,1812,2023-06-30 20:19:07,replay Premier League
5655,2209,2023-12-17 05:52:36,full match Premier League
5656,337,2023-10-24 13:06:37,highlights Grand Prix
5657,698,2023-02-23 19:52:16,Wende
5658,2325,2023-06-21 03:49:36,Verstappen 2024
5659,333,2023-02-21 05:00:42,interview Kramer
5660,798,2023-05-06 01:20:33,replay Grand Prix
5661,1552,2023-06-11 20:43:49,replay Darts
5662,1807,2023-04-04 10:02:04,interview Hamilton
5663,636,2024-02-22 06:39:19,Tennis
5664,2755,2024-01-01 00:07:06,highlights Joshua
5665,2853,2023-05-12 14:38:26,Brady
5666,2287,2023-02-15 11:37:40,interview Premier League
5667,3,2023-09-13 23:16:16,interview Tennis
5668,1274,2023-03-03 10:36:32,highlights Joshua
5669,452,2023-12-11 17:09:15,highlights Verstappen
5670,863,2023-10-24 04:51:30,interview Verstappen
5671,1941,2023-10-28 20:09:42,highlights Brady
5672,1152,2023-08-02 12:49:16,interview Verstappen
5673,1818,2024-01-17 14:28:32,replay Grand Prix
5674,2190,2023-10-14 15:46:58,South Jamie
5675,918,2023-04-17 05:51:27,documentary Tennis
5676,1863,2023-11-08 03:28:37,interview World Cup
5677,1232,2023-05-28 14:04:27,highlights Grand Prix
5678,821,2024-02-24 14:53:17,highlights Verstappen
5679,2987,2023-01-05 07:32:16,documentary Mahomes
5680,807,2024-02-07 13:37:36,interview Ward
5681,1783,2023-10-29 05:10:38,highlights F1
5682,291,2023-06-28 12:05:50,replay Mccoy 2023
5683,2147,2023-07-22 07:10:24,highlights Darts
5684,2415,2023-03-13 09:04:09,World Cup
5685,695,2023-11-14 04:35:34,replay Champions League
5686,2049,2024-02-16 13:44:36,documentary World Cup
5687,1235,2023-04-06 18:48:29,F1
5688,1577,2023-02-19 14:29:45,highlights Football
5689,2543,2023-09-01 17:37:38,World Cup
5690,2062,2023-03-28 00:52:49,full match Boxing
5691,300,2023-03-05 21:27:16,full match Darts
5692,2710,2023-01-31 13:24:49,full match Darts
5693,2467,2023-09-06 14:03:10,replay Darts 2023
5694,1184,2023-02-13 09:27:58,documentary NFL 2024
5695,2393,2023-07-09 03:49:30,interview Grand Prix
5696,287,2023-04-27 00:43:44,interview Champions League
5697,708,2023-10-24 20:31:00,World Cup
5698,2061,2023-09-20 01:29:44,Gütersloh
5699,2154,2023-06-05 18:30:51,replay Boxing
5700,2915,2024-03-02 12:57:48,replay Champions League 2023
5701,124,2023-01-21 15:04:20,documentary Mahomes
5702,2688,2023-01-07 01:19:16,documentary Joshua
5703,1485,2023-04-24 02:04:03,highlights World Cup
5704,1088,2024-02-12 16:09:23,replay Boxing
5705,1077,2023-03-16 23:28:50,Grand Prix
5706,1004,2023-11-07 19:34:29,replay Premier League
5707,1727,2023-07-05 05:38:42,NFL
5708,1822,2023-08-27 23:03:42,Joshua
5709,1244,2023-08-11 15:18:18,replay Joshua
5710,1162,2023-03-08 17:52:59,replay Darts
5711,553,2023-12-06 04:41:26,F1 2023
5712,1905,2024-01-30 00:38:19,full match Döring
5713,1700,2023-10-06 21:08:26,Darts
5714,445,2023-03-15 06:37:36,highlights Boxing
5715,378,2023-10-01 13:28:52,replay Hamilton
5716,1287,2024-02-01 04:18:19,full match F1
5717,850,2024-03-28 09:50:58,Hamilton
5718,299,2024-01-31 08:13:17,highlights Verstappen 2023
5719,819,2023-05-31 03:35:05,replay Banks 2023
5720,1513,2023-05-26 21:15:07,interview Boxing
5721,1556,2023-02-02 03:50:37,highlights Mahomes
5722,1808,2023-06-07 05:22:08,interview Joshua
5723,2641,2024-01-11 13:05:26,documentary Brady 2024
5724,334,2023-02-18 17:41:33,full match Super Bowl
5725,190,2023-03-11 22:22:17,full match Meiningen
5726,62,2023-02-07 13:41:33,Football
5727,429,2023-09-26 02:53:51,full match World Cup
5728,205,2023-03-12 00:53:39,full match Premier League
5729,2388,2024-01-14 00:10:07,Verstappen
5730,892,2023-11-22 20:44:45,Champions League
5731,634,2023-08-01 03:10:46,documentary Joshua
5732,2640,2023-01-14 12:02:22,South Joshuaborough
5733,2578,2023-10-09 04:19:05,replay Mayweather
5734,1403,2023-10-19 16:28:00,full match Mahomes
5735,1287,2023-07-20 08:52:04,Mayweather
5736,2085,2023-04-18 00:18:25,documentary World Cup
5737,1203,2024-02-06 18:16:52,interview Verstappen
5738,2734,2023-11-20 05:31:33,full match Champions League
5739,2540,2023-09-01 06:34:56,full match Joshua
5740,1616,2023-01-24 18:11:52,interview Champions League
5741,2721,2023-12-05 05:39:43,Tennis
5742,1338,2023-07-17 22:34:59,interview Mahomes
5743,912,2023-09-03 06:52:03,documentary Hamilton
5744,2335,2023-04-14 16:21:04,Joshua
5745,2201,2023-05-25 15:09:44,interview Brady
5746,1570,2023-04-28 20:19:54,replay Boxing
5747,205,2023-05-28 20:13:49,replay Super Bowl
5748,286,2023-07-16 04:27:25,full match Premier League
5749,2613,2023-10-20 10:58:27,replay World Cup
5750,2178,2024-01-05 00:18:41,full match Grand Prix
5751,1431,2023-05-09 10:56:43,highlights World Cup
5752,347,2023-07-11 14:48:09,documentary Darts
5753,907,2024-02-15 16:44:07,interview World Cup
5754,47,2023-12-22 11:52:21,replay Football
5755,265,2024-03-20 12:41:41,documentary Football
5756,2124,2024-02-29 04:50:02,highlights Erinville 2023
5757,2181,2023-03-04 14:41:22,full match NFL 2023
5758,2191,2023-12-27 10:54:41,documentary Tennis
5759,1471,2023-02-17 20:49:52,full match F1
5760,33,2024-03-01 23:13:22,Hamilton
5761,2617,2023-05-04 09:38:35,replay Champions League
5762,2278,2023-11-22 01:55:28,Boxing
5763,1885,2023-08-03 09:42:47,interview Premier League
5764,2023,2024-02-25 13:23:02,replay Football
5765,60,2023-06-12 13:35:34,Darts
5766,1612,2023-06-08 19:38:20,replay Football
5767,2685,2024-03-10 01:33:12,Hamilton
5768,2903,2023-07-31 01:57:07,highlights Brady
5769,42,2023-09-07 11:33:15,documentary Darts
5770,2732,2023-03-02 22:43:15,interview Joshua
5771,561,2023-06-04 04:52:28,replay Football
5772,615,2024-01-20 22:22:46,Football
5773,2838,2024-01-30 10:40:25,documentary Tennis
5774,879,2023-11-10 01:22:33,full match NFL
5775,363,2023-03-19 16:15:33,interview World Cup
5776,1861,2023-04-24 18:07:05,highlights NFL
5777,2371,2023-03-31 11:16:07,full match Brady
5778,140,2023-12-19 11:18:45,MMA
5779,1495,2023-10-12 11:40:10,replay Football
5780,2061,2023-11-13 09:18:42,full match Premier League
5781,2091,2023-03-10 11:18:24,replay Champions League
5782,1101,2024-02-07 03:50:34,highlights Hamilton
5783,515,2023-02-14 10:46:42,interview Brady
5784,2445,2023-02-25 20:18:23,interview Darts
5785,150,2023-12-13 08:20:42,highlights Boxing
5786,83,2023-05-04 16:47:24,documentary Mayweather
5787,2387,2023-10-02 22:33:30,full match F1
5788,2251,2023-07-11 16:28:59,documentary Brandonborough
5789,689,2023-02-09 00:13:23,documentary Brady
5790,2869,2023-01-02 10:07:54,highlights Boxing
5791,1232,2023-05-17 19:39:18,documentary Verstappen
5792,292,2023-05-11 04:44:55,highlights Verstappen
5793,2691,2024-02-03 23:54:08,replay Crailsheim
5794,2353,2023-06-05 13:10:22,Boxing 2024
5795,2286,2023-02-27 22:59:34,Mayweather
5796,2802,2023-04-12 17:40:49,interview Ritter
5797,23,2023-05-30 17:53:42,Super Bowl
5798,2541,2023-09-20 21:10:22,documentary Tennis
5799,279,2023-11-11 17:27:16,full match Boxing
5800,1570,2023-09-12 02:03:42,Super Bowl
5801,473,2023-12-17 19:13:29,highlights Tlustek
5802,1804,2023-04-19 23:31:33,interview Football
5803,2053,2023-03-04 22:26:06,World Cup
5804,1234,2023-03-14 11:23:22,MMA
5805,384,2023-12-12 22:07:06,highlights Tennis 2023
5806,1734,2024-02-25 10:09:59,interview Boxing
5807,1001,2023-10-14 16:31:15,replay Brady
5808,31,2024-03-28 20:02:50,replay Joshua
5809,1903,2024-03-25 14:21:19,F1
5810,1165,2023-03-21 01:32:14,full match Mahomes
5811,2936,2023-01-27 16:50:24,documentary Waren
5812,183,2023-01-28 12:44:07,interview Hamilton
5813,2096,2023-04-08 05:33:44,highlights Mahomes
5814,521,2023-05-20 17:41:29,Super Bowl
5815,1612,2023-03-20 06:53:01,Tennis
5816,93,2023-02-22 12:34:26,full match Darts
5817,977,2023-01-24 05:08:01,documentary Football
5818,1443,2023-04-08 10:50:07,documentary NFL
5819,1267,2023-01-12 22:22:57,full match Champions League
5820,1298,2023-08-28 06:26:29,highlights F1
5821,389,2023-01-02 22:37:53,full match Champions League
5822,2562,2023-10-10 22:15:01,Bird
5823,2652,2023-08-03 21:48:19,documentary Mahomes
5824,2235,2024-01-10 12:30:17,replay Darts
5825,1364,2024-01-08 15:13:42,full match Darts 2024
5826,1060,2023-04-06 06:05:47,full match Patel
5827,204,2023-11-29 10:14:21,full match Grand Prix
5828,2652,2023-03-19 12:06:17,documentary New Sharonland
5829,1916,2023-03-21 22:04:27,full match F1
5830,1052,2024-03-23 14:53:18,full match NFL
5831,2331,2023-02-07 02:53:52,full match Darts
5832,2258,2023-03-31 01:52:20,Tennis
5833,1931,2023-01-24 06:09:03,replay MMA
5834,1940,2024-03-14 20:35:26,documentary Mayweather
5835,2640,2023-12-03 19:40:08,interview World Cup
5836,1547,2023-09-10 12:36:22,highlights Daniels
5837,72,2024-01-22 06:34:24,highlights Football
5838,1310,2023-11-18 01:18:15,replay F1
5839,2240,2023-07-11 18:17:31,full match Super Bowl
5840,79,2023-07-19 17:16:50,highlights Ahaus
5841,571,2023-12-18 15:52:42,interview NFL
5842,1581,2023-05-12 09:33:35,full match NFL 2024
5843,93,2023-07-22 14:13:14,highlights Boxing
5844,1772,2023-09-04 18:08:44,highlights Boxing
5845,2932,2023-10-16 04:27:51,full match MMA
5846,2963,2023-11-30 21:45:07,documentary Verstappen
5847,1800,2024-03-19 08:01:41,full match Boxing
5848,303,2024-01-07 00:01:46,full match Hamilton 2023
5849,2155,2023-10-20 06:06:30,documentary Verstappen
5850,738,2023-03-13 15:17:03,replay Champions League
5851,2373,2023-10-28 00:21:17,highlights West Joel
5852,1712,2023-08-01 12:32:37,World Cup
5853,1317,2023-10-15 16:28:23,documentary Super Bowl 2023
5854,2373,2023-10-04 10:31:18,documentary Super Bowl
5855,1676,2023-04-12 05:33:04,World Cup 2024
5856,2163,2023-03-06 15:14:52,full match Clark
5857,360,2023-08-19 15:17:36,full match Warner
5858,20,2024-02-14 19:53:20,highlights Super Bowl
5859,1487,2023-11-28 23:18:20,highlights Premier League
5860,2653,2023-11-29 01:50:15,replay Tennis
5861,1379,2023-10-07 15:09:26,Griffith
5862,1009,2023-02-04 19:00:54,interview Grand Prix
5863,418,2023-05-28 18:54:53,documentary Verstappen
5864,1827,2023-11-11 02:20:37,replay Darts
5865,1808,2023-12-20 13:03:31,interview MMA
5866,1391,2023-01-05 11:59:13,interview Champions League
5867,2324,2023-07-06 05:09:40,documentary Super Bowl
5868,1869,2023-08-27 21:59:21,Mahomes
5869,2599,2023-02-18 15:50:13,replay NFL
5870,1937,2023-09-03 19:58:13,replay Hamilton
5871,1122,2023-11-27 02:48:11,interview World Cup
5872,1903,2023-12-08 08:54:11,full match Football
5873,1774,2023-11-24 05:18:03,Verstappen
5874,687,2023-12-27 19:05:12,full match World Cup
5875,2856,2023-06-10 04:53:18,full match Football
5876,2470,2023-04-26 04:51:47,replay Premier League
5877,1115,2023-10-19 12:16:39,Champions League
5878,1733,2023-03-16 23:38:40,documentary Premier League
5879,1127,2023-12-23 17:36:48,full match World Cup
5880,300,2023-11-21 12:12:57,Football
5881,680,2023-07-25 03:24:46,documentary NFL
5882,1232,2024-01-01 05:43:29,highlights Premier League
5883,136,2023-02-24 22:27:19,interview Joshua
5884,378,2023-05-16 08:43:57,Super Bowl
5885,2324,2023-11-06 11:16:13,full match F1
5886,2738,2023-04-07 07:35:30,highlights Tennis
5887,1864,2023-07-15 17:50:24,highlights Joshua
5888,404,2023-11-25 15:04:23,full match Mahomes 2023
5889,2745,2024-02-29 13:33:56,documentary Mahomes
5890,409,2024-02-27 01:32:22,replay F1
5891,733,2024-03-15 13:10:32,Hamilton
5892,611,2023-08-24 11:42:10,Champions League
5893,458,2023-05-25 05:46:45,Football
5894,2971,2023-08-03 08:00:14,Tennis
5895,535,2023-04-22 22:35:34,highlights Tennis
5896,2674,2023-03-29 18:13:45,NFL
5897,2887,2023-07-31 21:22:19,Grand Prix 2024
5898,2252,2023-07-24 03:44:33,interview Verstappen
5899,2173,2024-01-20 06:35:38,replay Premier League
5900,43,2023-03-23 22:29:25,replay Darts
5901,2008,2023-10-01 19:07:45,Boxing
5902,416,2023-01-25 16:48:11,documentary Hamilton 2024
5903,1980,2023-04-24 23:03:31,Brady
5904,259,2024-03-23 04:38:10,highlights Grand Prix
5905,1616,2023-02-13 04:49:53,full match Premier League
5906,1328,2023-05-24 18:51:12,replay Verstappen
5907,2067,2023-09-06 10:23:02,Mayweather
5908,2387,2023-05-26 07:40:54,documentary Verstappen
5909,666,2023-10-18 05:13:30,highlights Collins
5910,2807,2024-01-08 23:06:00,Williamsburgh
5911,56,2023-11-24 01:05:25,Brady
5912,1909,2023-12-24 20:21:36,replay Premier League
5913,1856,2023-01-26 22:31:51,Joshua
5914,1531,2024-03-10 21:48:25,documentary F1 2024
5915,1289,2023-01-11 06:40:41,full match Super Bowl
5916,1738,2024-02-17 13:15:30,MMA
5917,1394,2023-08-03 07:32:10,interview Verstappen
5918,2844,2023-03-22 00:04:53,highlights Premier League
5919,2687,2023-05-16 21:10:15,interview Schüler
5920,1333,2023-10-30 10:20:45,highlights Super Bowl 2024
5921,2984,2023-12-15 11:21:04,interview World Cup
5922,759,2024-02-08 16:16:56,full match Little
5923,1044,2023-10-20 04:33:55,interview Tennis
5924,1144,2024-02-19 21:16:54,replay MMA 2023
5925,679,2024-01-25 05:22:27,full match Hall
5926,2905,2023-05-01 03:42:33,documentary Boxing 2024
5927,2499,2024-03-01 07:42:36,highlights Holmes
5928,1021,2023-05-02 20:40:48,Grand Prix
5929,2452,2023-07-07 04:10:25,highlights NFL
5930,792,2023-06-19 04:09:33,Boxing
5931,1496,2023-12-01 12:10:15,full match MMA
5932,864,2023-05-14 20:16:49,documentary Super Bowl
5933,1625,2023-05-12 23:30:43,highlights Verstappen
5934,1574,2023-07-20 13:23:32,Grand Prix
5935,2319,2024-03-25 08:49:04,highlights Grand Prix
5936,359,2023-11-04 22:45:01,NFL
5937,818,2023-03-02 15:57:44,Champions League
5938,1868,2023-03-04 10:32:30,Tennis 2023
5939,680,2023-01-28 14:43:33,Tennis
5940,1662,2023-06-28 12:30:49,documentary MMA
5941,1136,2024-03-13 17:22:29,Hansestadttralsund
5942,1360,2024-01-07 18:23:34,highlights Darts
5943,1104,2023-04-21 14:59:07,Mahomes
5944,1982,2023-06-26 14:30:13,replay MMA 2023
5945,2197,2024-02-29 16:13:50,replay Joshua
5946,739,2023-01-25 17:38:57,Verstappen
5947,1981,2023-03-23 17:48:56,replay Backnang
5948,2159,2024-03-19 23:45:51,Tennis
5949,1922,2023-12-05 16:52:56,full match Super Bowl
5950,2735,2024-02-04 17:25:07,Keithmouth
5951,730,2023-12-21 13:17:29,full match Grand Prix
5952,184,2023-02-14 04:50:54,documentary NFL
5953,256,2024-02-22 15:31:39,highlights Champions League
5954,539,2023-03-10 15:16:59,documentary Football 2023
5955,2508,2023-08-20 09:15:44,MMA
5956,2850,2023-02-07 22:31:00,full match Darts
5957,2088,2024-01-06 10:03:53,Mahomes
5958,2305,2023-03-28 18:18:38,replay Tennis
5959,332,2023-02-25 21:42:08,documentary NFL
5960,856,2023-03-27 01:03:14,interview World Cup
5961,2531,2023-08-11 07:36:48,interview Brady
5962,945,2024-03-20 16:39:13,replay Campbell
5963,1801,2023-09-29 21:52:44,documentary Ali
5964,2016,2024-02-02 04:38:31,Tennis
5965,1386,2024-02-20 17:30:17,F1
5966,1460,2023-03-18 19:09:14,documentary Hamilton
5967,2813,2024-03-21 23:49:26,interview Brady
5968,871,2024-02-24 06:54:38,highlights Mayweather
5969,2671,2023-08-16 06:53:58,Brady
5970,2066,2024-02-01 10:35:57,replay Grand Prix
5971,2806,2023-02-04 09:38:36,Darts
5972,1569,2023-05-28 10:12:50,highlights Hamilton
5973,2473,2023-03-18 23:15:22,highlights Boxing
5974,1974,2023-05-04 04:01:13,replay F1
5975,2655,2023-06-27 13:42:00,documentary Super Bowl
5976,2941,2023-01-29 05:14:37,full match Mahomes
5977,2828,2023-07-13 16:46:06,Brady
5978,2351,2023-01-14 17:25:56,highlights F1
5979,1206,2023-02-16 10:16:55,full match World Cup
5980,1170,2023-08-06 23:21:26,Darts
5981,1319,2023-02-24 14:53:31,full match Boxing 2024
5982,41,2023-01-14 16:13:00,replay Mayweather
5983,2367,2023-07-13 02:03:54,interview F1
5984,2081,2024-03-14 04:40:03,full match Mahomes
5985,2362,2024-02-11 19:31:04,interview World Cup
5986,1562,2023-07-08 21:49:33,Hamilton
5987,1901,2023-01-09 08:01:29,highlights Tennis
5988,1460,2024-03-05 21:09:02,full match Darts
5989,2228,2024-01-09 04:13:56,interview World Cup
5990,2301,2024-03-08 02:12:45,Premier League
5991,835,2023-04-01 12:32:11,MMA
5992,1055,2023-03-05 13:51:11,NFL
5993,16,2024-01-13 22:33:04,Mayweather
5994,2087,2023-04-08 22:53:57,interview Premier League
5995,1490,2023-07-13 18:52:33,highlights Darts 2023
5996,2431,2023-02-16 05:12:52,interview Champions League 2023
5997,1077,2023-08-03 14:05:23,replay Super Bowl
5998,2543,2023-03-29 12:24:20,documentary Hamilton
5999,1048,2023-04-08 05:35:44,Mahomes
6000,431,2023-12-16 23:47:47,full match MMA
6001,1322,2023-05-18 10:42:20,highlights Mayweather
6002,772,2023-10-22 17:06:02,replay Boxing
6003,615,2023-06-21 16:00:31,Grand Prix
6004,46,2023-11-10 00:36:41,full match Champions League 2023
6005,344,2023-07-03 09:34:24,Champions League
6006,2448,2023-05-24 19:18:57,interview Super Bowl
6007,269,2023-06-16 16:21:58,highlights Super Bowl
6008,2912,2023-06-07 05:56:57,documentary World Cup
6009,2047,2023-04-13 11:41:00,replay Boxing
6010,2543,2023-05-05 15:17:02,interview Premier League
6011,883,2023-10-08 06:05:12,full match Darts 2024
6012,1827,2023-07-05 04:30:20,full match Darts
6013,933,2023-11-12 03:41:24,replay MMA 2024
6014,2716,2023-04-12 07:55:13,replay Griffinhaven
6015,1849,2024-03-27 16:17:09,replay Grand Prix
6016,1290,2024-03-25 01:18:03,Boxing
6017,1395,2023-12-10 05:26:13,Graham 2024
6018,1445,2023-10-11 20:22:24,highlights Joshua 2024
6019,1791,2023-03-05 06:17:11,interview Grand Prix
6020,934,2023-12-30 16:13:46,documentary World Cup
6021,2178,2023-01-05 17:36:34,full match Butlermouth
6022,598,2023-07-28 03:58:23,Mathis
6023,2512,2023-07-26 17:33:13,documentary Premier League
6024,2853,2024-02-05 11:45:33,Olpe
6025,1931,2024-02-27 02:03:33,full match Tennis
6026,1938,2023-01-19 19:01:49,full match F1
6027,893,2023-05-10 05:37:20,highlights Tennis
6028,2348,2023-03-21 09:43:44,full match MMA
6029,1985,2023-10-21 03:12:49,full match Joshua
6030,497,2024-03-26 06:23:01,interview Premier League
6031,734,2023-12-25 20:11:06,Verstappen
6032,1995,2024-01-16 01:41:57,highlights Darts
6033,2591,2023-10-28 04:45:58,documentary Grand Prix
6034,1260,2023-11-26 12:26:42,documentary Hamilton
6035,1990,2023-06-18 18:52:20,replay Brady 2023
6036,1670,2023-07-05 02:43:50,Boxing
6037,1892,2023-01-02 12:57:06,full match Grand Prix
6038,837,2024-02-08 17:36:56,Joshua
6039,2492,2023-12-26 15:02:54,documentary Rochlitz
6040,1957,2023-06-20 13:34:08,interview Brady
6041,181,2023-10-08 01:46:39,full match Hamilton
6042,437,2023-07-22 09:51:10,replay NFL
6043,2812,2023-02-15 18:30:49,Boxing
6044,718,2023-10-13 16:53:49,full match F1
6045,725,2023-07-23 17:51:01,replay Mahomes
6046,1712,2023-05-21 06:45:37,interview World Cup
6047,1625,2023-07-29 03:34:37,interview NFL
6048,2857,2023-09-10 21:05:24,replay Tennis
6049,2668,2024-01-07 11:12:43,documentary Boxing
6050,2238,2023-05-25 05:32:09,interview Hamilton
6051,2363,2024-03-06 06:51:48,highlights Verstappen
6052,2253,2023-11-15 14:37:12,highlights Tennis
6053,2288,2024-01-21 18:22:03,highlights Boxing
6054,1353,2023-02-09 17:35:27,full match Joshua
6055,205,2023-05-21 23:57:28,full match NFL
6056,1908,2023-07-14 17:29:02,Champions League
6057,1313,2023-04-06 02:41:10,MMA
6058,417,2023-01-29 01:33:29,highlights Joshua
6059,200,2024-01-05 16:16:14,replay Grand Prix
6060,2176,2023-12-19 08:04:45,replay Hamilton
6061,1696,2024-02-05 21:28:36,highlights MMA
6062,1300,2023-03-26 23:27:14,highlights Darts
6063,2943,2024-01-26 01:23:03,interview Grand Prix
6064,2475,2023-06-18 00:17:20,Mayweather
6065,221,2023-02-26 02:55:10,replay F1
6066,1257,2023-02-16 04:23:56,replay Hamilton
6067,2294,2023-06-20 02:24:18,full match Badibling
6068,567,2023-12-06 19:15:27,full match Mahomes
6069,2067,2023-02-08 11:58:56,Brady
6070,2736,2023-07-28 21:25:56,interview Darts
6071,624,2023-11-11 04:26:43,documentary NFL
6072,2290,2023-10-20 11:09:37,highlights Darts
6073,2369,2023-06-01 05:27:21,documentary World Cup
6074,820,2023-01-11 18:48:35,replay F1
6075,2657,2023-09-27 11:37:57,documentary Mayweather
6076,208,2023-12-06 11:44:11,interview Hamilton
6077,2552,2023-02-16 19:32:47,documentary World Cup
6078,1754,2023-06-02 13:55:27,interview World Cup
6079,1982,2023-11-26 07:54:25,MMA
6080,2708,2024-03-29 17:42:59,Boxing
6081,1750,2024-03-26 21:46:43,interview Super Bowl 2024
6082,757,2023-02-16 13:49:19,full match Mahomes
6083,318,2024-02-23 22:39:36,highlights F1
6084,41,2024-01-30 23:06:46,highlights World Cup
6085,537,2023-12-04 20:57:13,interview Becker
6086,1081,2023-01-11 14:49:08,interview Verstappen
6087,1381,2023-04-29 12:35:01,Super Bowl
6088,285,2023-09-10 17:56:09,Mayweather
6089,733,2023-02-28 08:56:15,full match Mahomes
6090,2477,2023-11-08 13:13:34,full match Harper
6091,259,2023-03-07 17:32:22,Hamilton
6092,906,2023-04-26 10:38:04,replay Mayweather
6093,108,2024-01-29 08:52:21,full match Tennis
6094,2673,2023-09-30 02:11:51,documentary Hamilton
6095,2631,2024-02-03 13:04:27,full match Bernburg 2024
6096,1153,2024-01-15 17:43:33,full match Darts
6097,622,2023-02-20 15:47:03,replay MMA
6098,2082,2024-02-08 06:46:32,replay NFL
6099,1550,2023-11-06 10:58:14,Premier League
6100,2220,2023-03-04 19:23:15,Hamilton
6101,190,2023-04-24 07:41:53,interview Grand Prix
6102,89,2023-08-14 23:19:30,documentary Köhler
6103,250,2023-10-14 07:22:35,replay Darts
6104,2633,2024-01-18 16:42:25,Port Malcolm
6105,1769,2024-02-14 01:29:43,Tennis 2023
6106,1540,2023-01-16 20:29:36,replay Tennis
6107,2768,2023-02-05 08:22:54,Mahomes 2024
6108,1939,2023-02-06 16:54:31,Hamilton
6109,1253,2023-08-14 00:14:05,full match Tennis
6110,2140,2023-08-10 21:01:31,World Cup 2023
6111,2929,2023-01-28 09:58:51,Boxing
6112,1582,2023-03-04 20:36:28,Boxing
6113,1603,2023-12-07 12:18:14,Darts
6114,2499,2023-09-22 07:43:55,documentary World Cup 2023
6115,1898,2023-07-04 19:26:06,World Cup 2024
6116,991,2024-02-25 05:06:15,highlights Derekshire
6117,1514,2023-01-31 07:46:51,F1
6118,2026,2023-10-05 01:01:06,interview Boxing
6119,918,2023-06-25 14:44:29,Football
6120,1967,2023-09-09 05:21:00,replay Brady
6121,1110,2023-07-13 12:46:57,full match Verstappen
6122,474,2024-01-16 06:48:19,interview Cantu
6123,378,2023-05-30 00:45:15,highlights Burglengenfeld
6124,2668,2024-03-21 16:55:34,Super Bowl
6125,1141,2024-03-15 01:58:23,highlights Premier League
6126,2152,2023-07-04 00:21:40,full match Hamilton
6127,2737,2023-09-19 06:29:14,interview Boxing
6128,1506,2023-03-17 19:56:59,replay Brady
6129,1786,2024-01-04 11:47:52,Premier League
6130,2380,2023-02-20 17:36:43,highlights Joshua
6131,2581,2023-03-16 10:14:05,full match Brady
6132,2156,2023-04-26 05:49:08,documentary Lake Nicholas
6133,644,2024-03-26 22:58:18,interview Joshua
6134,756,2023-04-19 16:12:24,Brady
6135,2270,2024-02-08 13:55:01,Tennis
6136,82,2023-01-29 00:28:53,replay F1
6137,2844,2024-02-10 14:41:37,full match Boxing
6138,937,2023-12-22 06:28:07,interview MMA
6139,144,2024-01-05 00:31:27,Tennis
6140,2929,2023-11-28 13:21:12,highlights Football
6141,1035,2023-05-31 19:37:08,highlights Mende
6142,476,2024-02-22 16:07:06,Boxing
6143,853,2023-03-11 09:39:58,highlights F1
6144,152,2023-05-14 00:08:06,replay Premier League
6145,1253,2023-02-17 07:02:18,full match Football 2023
6146,461,2023-02-10 04:41:56,interview NFL 2024
6147,2332,2023-12-08 21:05:30,replay Champions League
6148,2116,2024-03-02 02:04:12,documentary Champions League
6149,1232,2023-06-05 05:01:41,documentary Hamilton
6150,484,2024-01-21 12:06:10,interview F1
6151,1696,2023-12-08 09:27:13,replay Erkelenz
6152,951,2023-04-30 16:12:41,Tennis
6153,2018,2023-03-16 11:07:22,interview Super Bowl
6154,2376,2023-11-10 09:39:02,replay Verstappen
6155,1414,2023-02-01 20:58:42,NFL
6156,1541,2023-01-25 01:34:00,replay World Cup
6157,2101,2023-09-05 20:35:03,highlights Premier League
6158,2131,2023-07-23 16:28:23,full match North Janeton
6159,1980,2023-05-23 16:49:25,interview World Cup
6160,948,2023-12-09 17:37:36,interview Darts
6161,2943,2023-10-12 22:46:04,Hamilton
6162,1637,2023-01-01 08:11:02,replay Premier League
6163,189,2023-02-01 05:43:29,highlights Champions League
6164,419,2023-05-07 17:22:49,documentary Mayweather
6165,383,2023-07-01 15:47:43,replay Grand Prix 2024
6166,2126,2023-04-26 09:10:44,interview Döring
6167,2825,2023-05-26 08:49:49,highlights Jeffreychester
6168,2815,2023-02-21 12:14:23,full match Brady
6169,1935,2023-05-01 10:42:03,Brady
6170,1385,2023-09-07 00:23:12,interview NFL 2023
6171,186,2024-03-02 15:32:45,documentary Verstappen
6172,1661,2024-02-06 21:51:58,Mayweather
6173,2912,2023-08-04 02:20:48,interview Hamilton
6174,2970,2024-01-13 17:45:23,documentary F1
6175,1217,2024-02-27 16:45:33,Brady
6176,2497,2023-08-12 22:23:12,interview Brady
6177,372,2023-09-19 06:51:05,highlights Mayweather
6178,2647,2023-03-21 03:27:49,documentary World Cup
6179,2104,2024-02-10 00:25:18,documentary Joshua
6180,705,2023-08-01 23:09:06,interview Premier League
6181,97,2023-11-16 19:04:19,interview Grand Prix
6182,728,2023-09-10 12:47:09,interview Football
6183,2068,2023-09-16 21:06:35,documentary Bolnbach
6184,1978,2023-07-10 00:33:08,documentary Dalton 2024
6185,1404,2024-02-18 19:12:06,documentary Mahomes
6186,166,2023-12-03 04:38:08,full match Boxing
6187,1269,2023-03-06 23:55:28,documentary Super Bowl
6188,1188,2023-11-23 18:14:16,replay Mahomes
6189,504,2023-12-30 20:03:06,Brady
6190,1662,2023-07-14 17:24:47,Super Bowl
6191,2978,2024-02-02 13:11:06,documentary Khan
6192,628,2023-08-14 07:05:16,full match Champions League
6193,547,2023-08-22 20:32:03,highlights NFL
6194,1022,2023-09-14 12:31:46,F1
6195,678,2023-03-07 22:07:58,full match World Cup
6196,2269,2024-01-28 01:32:39,highlights Mahomes
6197,2225,2023-07-05 09:18:34,documentary Super Bowl
6198,697,2023-05-28 16:03:44,full match Mahomes
6199,2612,2023-01-26 12:22:54,documentary Darts
6200,309,2023-05-11 18:11:29,full match Champions League
6201,1995,2023-08-08 16:47:20,full match Super Bowl
6202,1970,2023-09-18 21:29:09,documentary Brady
6203,703,2023-12-10 15:23:26,interview Boxing 2024
6204,480,2023-07-07 22:36:35,full match Mahomes
6205,1478,2023-01-20 20:16:45,F1 2023
6206,2613,2024-03-08 17:38:37,documentary Football
6207,1482,2023-01-18 19:25:57,documentary Brady
6208,740,2023-07-02 00:12:20,highlights Premier League
6209,1742,2024-03-26 03:05:16,replay World Cup
6210,2626,2023-08-13 03:52:33,highlights World Cup
6211,2553,2024-03-02 06:57:59,Barlow
6212,639,2023-11-03 23:19:29,interview Hamilton
6213,182,2023-07-01 14:14:17,interview Boxing
6214,856,2023-10-30 21:09:21,Mayweather 2024
6215,2374,2024-01-16 14:56:25,Football
6216,2755,2023-09-21 02:45:54,documentary Verstappen
6217,2189,2024-03-21 14:51:43,full match Brady
6218,489,2023-04-03 14:31:17,Tennis
6219,616,2024-03-26 09:05:28,highlights Super Bowl
6220,2838,2023-02-03 03:53:15,replay Joshua 2024
6221,1701,2023-06-28 17:10:55,documentary Champions League
6222,1035,2023-04-16 03:46:01,Mahomes
6223,2462,2023-03-04 12:07:24,Mayweather
6224,1695,2024-02-19 01:57:26,replay Verstappen
6225,562,2023-05-22 10:21:45,interview F1
6226,1202,2023-06-30 21:55:03,replay Verstappen
6227,25,2023-06-30 21:29:06,Premier League
6228,1523,2023-02-14 20:27:45,replay Boxing
6229,2042,2023-06-22 11:05:46,full match MMA 2024
6230,118,2024-03-13 07:29:24,Boxing
6231,283,2024-03-02 09:19:02,Football
6232,9,2023-02-17 12:13:33,Football
6233,2538,2023-09-11 04:53:13,replay NFL
6234,1252,2024-01-26 01:33:49,interview F1
6235,1881,2024-02-08 00:43:50,Mahomes 2024
6236,308,2023-04-27 12:52:41,documentary Darts
6237,2359,2023-09-30 11:24:30,highlights Football
6238,2262,2023-06-23 20:39:45,documentary Gailhaven
6239,76,2023-12-28 11:49:24,replay Football
6240,1197,2023-08-04 08:30:22,highlights NFL
6241,1905,2023-11-05 13:54:00,highlights Hamilton
6242,4,2024-03-17 14:38:32,Champions League 2023
6243,383,2023-11-19 05:27:19,Boxing
6244,2392,2023-06-27 05:39:45,highlights Darts
6245,2764,2023-04-21 21:02:34,highlights Super Bowl
6246,212,2023-06-28 23:48:57,Brady
6247,2833,2023-03-02 01:05:33,interview Champions League
6248,1080,2023-05-29 12:46:51,highlights Football
6249,2239,2023-11-26 23:14:54,highlights World Cup
6250,589,2023-03-19 19:19:52,Super Bowl
6251,1626,2024-03-18 22:52:07,Verstappen
6252,1840,2023-03-07 11:52:51,NFL 2023
6253,1141,2023-02-27 00:15:44,Darts
6254,1726,2023-05-31 12:56:21,replay Mayweather
6255,1622,2023-05-01 12:46:07,replay Mahomes
6256,1292,2023-04-13 00:57:10,Stokes
6257,1341,2023-04-26 21:26:57,full match Verstappen
6258,2289,2023-01-16 00:14:45,full match Verstappen
6259,1214,2023-09-06 10:55:27,highlights World Cup
6260,1858,2024-02-29 09:54:57,full match Mayweather
6261,1316,2023-01-02 20:54:06,full match Premier League 2024
6262,605,2023-10-01 20:00:13,replay Lowe
6263,1669,2023-11-15 04:06:31,replay Mahomes 2023
6264,2983,2024-01-16 07:45:10,highlights World Cup
6265,1574,2023-01-09 06:23:57,documentary Mayweather
6266,1345,2023-07-31 08:02:47,World Cup
6267,2002,2024-03-12 14:45:16,Premier League
6268,1127,2024-01-29 00:59:49,replay Alvarezside
6269,2461,2023-02-13 19:34:12,World Cup
6270,2947,2024-01-07 19:02:46,replay Brady
6271,113,2023-06-25 16:47:09,interview MMA
6272,933,2023-09-30 06:45:58,replay Hamilton
6273,2076,2023-04-01 10:25:39,interview Football
6274,2802,2023-07-18 07:12:07,NFL
6275,1136,2023-02-28 01:57:50,full match Mahomes
6276,2692,2024-02-01 21:47:55,full match Boxing
6277,1310,2023-04-28 22:31:30,Football
6278,2354,2024-03-19 14:34:50,Super Bowl
6279,2960,2023-07-03 00:48:25,interview Champions League
6280,2496,2023-11-01 21:20:46,full match Verstappen
6281,295,2023-05-22 09:00:47,documentary Tennis
6282,1333,2023-01-02 20:13:43,Tennis
6283,1750,2023-02-12 16:15:46,highlights Verstappen 2023
6284,1341,2024-02-01 08:27:02,replay Super Bowl
6285,1985,2023-08-15 05:24:12,documentary Super Bowl
6286,1387,2023-05-05 01:56:02,documentary Hamilton
6287,1821,2023-06-08 06:23:04,full match Brady
6288,2535,2023-04-25 18:59:47,documentary Premier League
6289,2091,2023-11-11 04:40:17,NFL
6290,2743,2023-06-09 03:16:18,highlights Tennis
6291,2766,2023-09-30 00:51:36,interview Hamilton
6292,288,2023-12-10 18:11:50,documentary Darts
6293,1878,2023-05-14 13:22:33,full match Hamilton
6294,2096,2024-01-28 12:54:57,documentary Verstappen
6295,43,2023-02-28 23:05:22,Tennis
6296,2029,2024-01-21 05:08:54,full match Boxing
6297,2309,2023-06-17 02:24:11,documentary Joshua
6298,504,2023-07-04 01:01:03,highlights Hamilton
6299,1148,2023-04-19 20:38:57,interview Grand Prix
6300,1195,2023-10-12 01:57:42,replay Darts 2023
6301,720,2023-12-24 22:34:12,highlights Brady
6302,1468,2023-06-13 15:47:09,full match Brady 2024
6303,870,2023-08-09 20:30:51,interview F1
6304,1159,2023-09-12 08:56:42,replay Super Bowl
6305,2496,2023-06-16 22:13:04,Brady
6306,693,2023-01-11 15:04:34,full match Grand Prix
6307,2284,2023-04-24 18:17:55,interview F1
6308,464,2023-04-16 05:12:11,Darts 2023
6309,2187,2024-02-25 03:38:14,documentary F1
6310,2631,2023-05-18 09:58:57,replay Maryberg
6311,434,2023-03-29 14:58:19,replay Darts 2024
6312,364,2023-12-29 07:37:22,highlights Grand Prix
6313,735,2023-05-16 23:28:23,interview Darts
6314,988,2023-09-27 20:34:55,documentary NFL
6315,356,2023-01-24 18:56:25,interview Darts
6316,2605,2023-11-06 17:48:32,replay Brady
6317,2797,2023-06-02 00:58:47,Verstappen
6318,2885,2023-06-01 21:17:23,interview Hamilton
6319,782,2024-01-05 15:44:20,highlights NFL
6320,303,2023-09-08 19:39:04,Mahomes
6321,2538,2023-08-23 16:04:30,Boxing
6322,2944,2023-11-15 15:19:19,documentary Football
6323,1257,2023-01-13 11:02:26,replay Boxing
6324,2290,2024-03-23 23:44:10,interview Mahomes
6325,446,2023-03-25 16:41:41,documentary Brady
6326,396,2023-09-18 19:11:13,interview Super Bowl 2024
6327,19,2023-01-30 17:09:55,interview Verstappen
6328,2458,2024-02-13 03:09:42,replay MMA 2023
6329,721,2023-05-12 17:19:47,highlights NFL
6330,940,2024-03-15 17:53:26,F1
6331,2781,2023-09-13 07:21:37,Hamilton
6332,1339,2023-09-11 15:21:33,highlights Champions League
6333,1411,2023-08-23 17:19:37,documentary NFL
6334,1061,2023-03-12 14:05:08,full match Brady
6335,2420,2023-10-03 16:24:01,replay Football
6336,267,2024-01-26 21:20:53,Football
6337,685,2023-02-11 00:00:32,Football
6338,2048,2023-12-29 11:44:57,Mahomes 2023
6339,1460,2023-10-24 02:00:14,replay MMA
6340,1457,2023-06-29 20:06:42,Tennis
6341,2447,2023-07-13 10:41:38,documentary World Cup
6342,2292,2023-02-03 10:50:15,highlights Tennis
6343,2204,2023-03-18 02:13:32,Mayweather
6344,1695,2023-08-03 13:37:14,full match MMA
6345,682,2023-02-03 19:24:43,documentary Grand Prix
6346,1822,2023-09-08 03:01:26,highlights Tennis
6347,501,2023-09-09 19:57:54,interview Pearcefort 2024
6348,1349,2023-04-15 14:24:24,highlights Brady
6349,2585,2023-03-20 10:58:44,full match Mayweather
6350,2250,2024-03-03 16:46:10,full match Hamilton
6351,2624,2024-01-09 23:49:34,highlights Super Bowl
6352,205,2023-05-12 22:43:10,highlights MMA
6353,702,2024-01-18 11:26:05,full match Görlitz
6354,2635,2023-04-28 21:05:57,highlights Champions League
6355,1871,2023-06-28 10:34:00,Brady 2024
6356,923,2023-01-06 21:03:30,full match Boxing
6357,2121,2023-06-03 23:54:03,full match MMA
6358,2046,2023-03-07 15:01:18,Joshua
6359,12,2023-06-15 15:05:20,full match Football
6360,2571,2023-07-27 23:45:10,interview Boxing
6361,794,2023-03-31 00:16:26,interview MMA
6362,725,2023-11-08 08:25:16,full match Verstappen
6363,1952,2023-04-04 01:18:25,interview Tennis 2023
6364,1928,2023-02-17 05:25:55,highlights Boxing
6365,2449,2023-09-12 22:52:10,documentary Champions League 2024
6366,2079,2023-04-24 09:54:55,highlights Joshua
6367,946,2023-05-25 13:13:22,full match Super Bowl
6368,2529,2023-09-05 23:51:15,MMA
6369,1883,2023-08-13 05:58:57,Port Josestad
6370,575,2023-10-29 15:17:34,replay Boxing 2024
6371,349,2023-10-15 01:56:08,interview Mayweather
6372,910,2023-08-21 23:08:30,Tennis
6373,1104,2024-02-12 06:03:08,highlights Tennis
6374,742,2023-08-01 01:57:06,interview NFL
6375,2419,2023-10-02 01:03:40,Darts
6376,1640,2023-07-04 19:21:47,replay Darts
6377,225,2023-02-20 21:00:49,documentary Moers
6378,2793,2023-12-26 15:20:02,Darts
6379,2983,2023-02-23 14:24:39,full match MMA
6380,174,2024-02-03 14:25:13,highlights Verstappen
6381,1922,2023-01-23 02:57:24,interview Mahomes 2024
6382,1715,2024-03-04 10:12:21,interview Grand Prix 2024
6383,967,2023-05-14 16:04:05,highlights F1
6384,1559,2023-01-05 08:45:08,Verstappen
6385,2377,2023-01-27 05:20:49,documentary Brady 2023
6386,178,2023-09-20 14:59:05,replay Premier League
6387,2531,2024-03-30 04:07:38,highlights Port Mohamedside
6388,850,2023-05-18 22:59:05,documentary Vechta 2024
6389,2482,2024-02-06 13:59:30,highlights Boxing
6390,1575,2023-06-28 07:37:44,full match Mayweather
6391,816,2024-02-21 08:33:20,replay NFL
6392,1925,2023-05-30 07:32:40,documentary Grand Prix
6393,1090,2024-01-27 08:29:43,documentary Grand Prix
6394,1944,2023-01-28 14:14:49,Verstappen
6395,750,2023-05-16 04:48:44,replay Jorgeland
6396,2857,2023-06-29 09:05:24,documentary Darts
6397,2152,2023-01-13 16:41:07,World Cup
6398,431,2023-12-25 17:42:56,full match Grand Prix
6399,60,2023-04-08 06:48:13,documentary Hamilton
6400,995,2023-11-04 05:22:38,replay Boxing
6401,1624,2023-05-12 14:45:23,F1
6402,377,2023-10-14 08:22:31,Mahomes
6403,2148,2023-06-13 00:14:31,replay Mahomes
6404,1061,2023-05-16 05:15:49,replay World Cup
6405,2097,2024-03-30 13:24:47,interview Super Bowl
6406,426,2023-10-26 19:25:25,interview F1
6407,697,2023-02-21 17:23:44,highlights NFL
6408,459,2023-05-19 03:24:07,replay Tennis
6409,544,2023-10-19 04:31:40,replay James
6410,2672,2023-09-08 02:11:51,highlights Tennis
6411,1482,2023-04-16 02:38:48,highlights Tennis
6412,570,2023-10-01 01:02:44,F1
6413,1266,2023-08-28 21:25:53,Premier League
6414,1901,2023-12-06 22:07:34,full match Joshua
6415,309,2023-05-11 17:58:51,highlights MMA
6416,1749,2023-05-17 00:55:18,highlights Football
6417,1946,2023-01-04 12:43:48,full match Champions League
6418,1990,2023-08-28 17:26:51,interview Hamilton
6419,1208,2023-05-28 02:37:56,Super Bowl
6420,410,2023-06-17 17:26:05,highlights World Cup
6421,821,2023-06-28 14:21:21,Boxing
6422,2796,2023-09-06 03:01:14,full match World Cup
6423,2173,2023-04-03 11:11:31,Football
6424,2598,2023-10-02 02:40:50,Football
6425,997,2023-04-17 08:52:39,Super Bowl
6426,1262,2023-05-31 13:52:49,full match Grand Prix
6427,2505,2023-09-29 05:27:52,documentary Mayweather
6428,919,2023-01-06 00:14:56,full match Kuhl
6429,390,2023-11-20 11:27:18,highlights Boxing
6430,1404,2023-02-05 04:22:39,highlights Champions League
6431,1938,2023-06-23 20:28:53,full match Mahomes
6432,2697,2023-01-08 07:16:44,documentary Super Bowl
6433,1518,2023-08-10 18:12:47,MMA
6434,1199,2023-08-21 16:16:15,Joshua
6435,1773,2024-01-03 00:31:45,documentary Smith
6436,76,2023-10-24 22:25:35,F1
6437,94,2023-07-25 17:12:05,Port Sarah
6438,410,2024-01-27 18:04:09,Brady
6439,324,2023-04-18 07:35:39,replay Mayweather
6440,2513,2024-01-27 00:35:43,documentary Football
6441,2232,2023-07-20 05:44:13,interview Verstappen
6442,1677,2023-04-09 13:49:06,Landry
6443,1658,2023-01-04 04:08:51,interview F1
6444,1414,2023-09-17 07:54:03,highlights Hamilton
6445,2474,2024-02-21 00:22:51,full match F1 2023
6446,1040,2023-12-01 18:42:05,full match Premier League 2024
6447,1045,2024-02-17 13:27:17,interview Hamilton
6448,1878,2023-05-12 04:07:22,replay Hamilton
6449,994,2024-03-28 04:31:46,interview Joshua
6450,1879,2023-01-02 07:33:47,full match Grand Prix
6451,1514,2023-09-18 18:16:04,documentary Darts
6452,2738,2024-01-09 20:19:30,documentary Verstappen
6453,1445,2023-01-14 11:21:57,Darts
6454,2061,2024-01-21 19:00:12,Champions League
6455,2004,2023-06-08 15:16:46,F1
6456,2826,2023-04-20 11:47:51,full match F1
6457,2913,2023-06-08 12:19:46,Boxing
6458,2814,2023-04-29 07:16:18,documentary Valeriemouth
6459,776,2023-09-30 04:24:13,interview Champions League
6460,1445,2023-02-05 08:36:12,full match Grand Prix
6461,195,2023-09-17 14:45:48,Brady
6462,2829,2023-10-08 13:28:00,highlights NFL 2023
6463,2494,2023-12-20 13:30:32,highlights Hamilton
6464,2412,2024-02-23 22:21:19,Grand Prix
6465,714,2023-04-30 16:42:01,Tennis
6466,1532,2023-06-11 17:04:18,documentary Premier League
6467,2725,2023-11-28 21:36:00,interview Verstappen
6468,716,2023-06-23 19:26:41,documentary Darts
6469,370,2023-04-08 13:36:17,Mahomes
6470,2845,2024-01-24 21:34:16,highlights Football
6471,1464,2024-01-01 01:14:17,full match NFL
6472,2559,2023-03-08 19:32:37,replay Mayweather
6473,1712,2023-06-16 04:53:26,replay F1
6474,51,2023-12-29 02:45:30,Joshua
6475,282,2023-07-12 13:42:34,Hamilton
6476,591,2023-07-17 21:32:47,documentary Brady
6477,1058,2023-06-05 08:11:47,Grand Prix
6478,2870,2023-11-15 22:43:23,Brady
6479,1428,2023-02-02 16:41:29,interview MMA
6480,202,2023-03-25 23:23:48,replay Darts 2024
6481,1009,2023-02-24 12:27:52,NFL
6482,2359,2023-07-13 10:06:26,highlights Grand Prix
6483,1288,2023-02-25 16:18:34,Football 2024
6484,1791,2023-11-17 01:52:44,Nunez
6485,968,2023-06-22 04:44:29,Mellrichstadt 2024
6486,2840,2023-12-26 07:43:34,documentary Joshua
6487,1742,2023-05-22 20:43:14,documentary World Cup
6488,657,2023-10-03 01:59:02,replay Premier League
6489,2670,2023-08-10 09:09:11,interview Mayweather
6490,1979,2023-01-03 15:45:17,Super Bowl
6491,2341,2023-12-03 04:38:42,Grand Prix 2023
6492,1636,2024-02-05 02:38:41,interview Hunt
6493,903,2023-08-24 12:45:08,highlights World Cup
6494,1101,2023-01-15 03:55:08,Champions League
6495,2104,2024-02-08 20:49:45,highlights Premier League
6496,2695,2023-11-18 11:25:41,interview Super Bowl
6497,893,2023-12-04 16:35:21,documentary Grand Prix
6498,2162,2023-01-01 16:03:39,Champions League 2023
6499,655,2023-09-12 04:43:00,documentary Mahomes
6500,1179,2023-04-20 11:04:14,World Cup
6501,2660,2023-10-14 06:54:37,highlights Mayweather
6502,2673,2023-11-29 22:27:31,Mahomes
6503,153,2023-04-28 15:55:37,documentary NFL
6504,1482,2023-10-05 10:00:17,documentary Hamilton
6505,1700,2024-02-08 23:14:03,Darts
6506,67,2023-08-25 05:03:42,documentary World Cup
6507,850,2023-07-01 07:02:02,interview Mayweather
6508,2876,2023-02-23 04:39:29,Mayweather
6509,1491,2023-09-28 03:38:39,documentary Darts 2024
6510,1851,2023-01-03 15:03:10,highlights Super Bowl 2023
6511,896,2023-02-09 00:05:38,full match Verstappen 2023
6512,585,2023-07-29 19:55:49,MMA
6513,255,2023-11-03 02:46:11,interview Lyons
6514,169,2023-12-27 07:05:24,full match Tennis 2023
6515,176,2023-11-17 05:13:50,documentary Tennis
6516,2264,2023-07-23 15:03:09,Brady 2023
6517,1200,2023-02-19 14:26:39,Hamilton
6518,1854,2023-10-08 07:14:13,highlights Tennis
6519,291,2023-08-28 09:57:41,Hethur
6520,1680,2023-06-16 00:38:58,interview Grand Prix 2023
6521,1670,2024-01-24 21:35:53,highlights MMA 2023
6522,2274,2023-10-19 18:41:09,full match World Cup
6523,1088,2023-07-10 09:11:58,interview World Cup
6524,1673,2023-09-06 05:55:41,Joshua
6525,220,2023-06-26 05:54:17,Super Bowl
6526,1917,2023-08-17 13:39:40,interview Champions League
6527,1058,2023-12-24 02:11:46,highlights F1
6528,677,2023-11-20 09:47:07,highlights Football
6529,599,2023-07-01 20:43:04,Mahomes
6530,1384,2023-09-25 10:36:30,documentary F1
6531,2763,2023-03-08 15:51:30,highlights Super Bowl
6532,2310,2023-10-01 08:23:58,documentary Darts
6533,254,2023-08-03 06:13:01,interview Boxing
6534,1878,2023-03-31 09:24:29,interview Mayweather
6535,1231,2024-01-15 08:03:12,Brady
6536,1685,2023-07-24 17:28:10,replay Boxing
6537,38,2023-10-10 15:47:38,highlights Football
6538,1180,2024-01-04 18:53:57,full match Champions League 2023
6539,1810,2024-03-24 06:44:25,full match Darts 2023
6540,1884,2023-05-10 20:28:48,full match World Cup 2024
6541,2881,2023-05-30 05:12:32,full match Mahomes
6542,1359,2024-02-02 02:16:12,highlights Mahomes
6543,1627,2024-02-16 06:58:49,documentary World Cup
6544,1336,2023-12-20 05:48:03,Hamilton
6545,1816,2023-06-12 09:37:35,MMA
6546,48,2023-12-21 16:35:16,replay Pritchard
6547,838,2023-10-09 11:05:34,replay F1
6548,332,2023-04-08 19:39:31,Champions League
6549,1787,2024-03-10 07:08:11,Schleich
6550,2184,2023-05-31 07:54:16,replay NFL
6551,966,2023-04-26 21:43:08,Hamilton
6552,1921,2023-11-20 14:09:16,interview F1
6553,889,2023-12-25 02:59:57,replay World Cup
6554,1427,2023-01-10 23:39:25,Boxing
6555,1806,2023-02-22 21:14:19,documentary Darts
6556,2172,2023-03-28 16:06:59,Joshua
6557,220,2023-05-31 20:11:16,highlights Brady
6558,2848,2023-10-03 17:01:24,full match Freeman
6559,742,2023-10-29 02:11:16,replay Super Bowl
6560,746,2023-04-02 01:30:20,full match Mahomes
6561,2123,2024-03-05 08:58:35,highlights Champions League
6562,1627,2023-10-30 06:32:43,Hamilton
6563,1682,2023-06-11 22:09:43,NFL 2024
6564,1977,2023-05-20 19:52:29,Super Bowl
6565,2159,2023-02-13 21:52:14,replay Super Bowl
6566,2632,2023-03-09 00:35:10,replay Mahomes
6567,2276,2023-02-02 02:42:16,full match Gilbert
6568,1939,2024-01-10 22:43:25,highlights Mahomes
6569,2385,2023-03-12 06:18:02,Verstappen
6570,2477,2023-06-25 09:05:00,replay Verstappen
6571,339,2023-02-24 23:03:56,replay Bryant
6572,2267,2023-06-24 10:19:39,documentary World Cup
6573,1920,2023-05-07 06:15:36,interview Demmin 2024
6574,488,2023-05-29 01:30:48,full match Badoberan
6575,1845,2023-03-03 05:08:10,Sullivan
6576,859,2023-04-28 07:27:46,full match Football
6577,2244,2023-04-21 20:32:27,replay Premier League
6578,1374,2023-10-18 12:41:09,documentary Football
6579,2218,2023-07-29 01:59:33,F1
6580,230,2023-02-06 12:47:41,Hamilton
6581,1699,2023-10-08 18:55:20,interview Brady
6582,2294,2023-03-25 23:07:45,MMA
6583,1167,2023-05-24 17:39:54,full match Darts
6584,341,2023-09-11 03:56:08,Grand Prix
6585,1475,2024-02-29 09:52:24,interview MMA
6586,476,2023-02-18 10:34:27,F1
6587,964,2024-03-04 10:39:52,Premier League
6588,2286,2023-04-22 12:32:02,full match Super Bowl
6589,1082,2023-04-01 00:15:38,Champions League
6590,1152,2024-01-12 09:21:24,full match Darts
6591,2157,2023-05-09 22:42:26,Baldwin
6592,1424,2023-01-25 10:21:16,replay Tennis
6593,1846,2023-02-18 10:01:09,replay F1
6594,1546,2023-02-19 14:20:26,full match Joshua
6595,1427,2023-09-05 07:17:54,replay Burglengenfeld
6596,1027,2023-06-30 13:41:25,highlights Grand Prix
6597,289,2023-12-16 15:27:14,full match Premier League
6598,324,2023-09-20 10:25:05,replay F1
6599,1121,2024-01-27 16:08:14,highlights Brady 2023
6600,1541,2023-11-05 11:03:02,interview World Cup
6601,172,2023-01-18 13:00:11,full match Darts
6602,789,2024-02-09 22:46:20,interview Brady
6603,2594,2024-02-16 00:20:03,highlights Brady
6604,231,2024-01-20 11:57:03,highlights Grand Prix 2024
6605,2686,2024-01-19 16:43:31,NFL
6606,418,2023-03-27 04:24:38,replay Tennis
6607,1066,2024-02-04 17:27:25,Mayweather
6608,2744,2023-01-27 05:37:32,documentary Brady
6609,1651,2023-08-20 07:18:05,replay Ludwigsburg
6610,632,2023-03-22 04:32:58,full match World Cup
6611,2559,2023-06-04 23:34:43,interview Premier League
6612,1327,2023-06-03 10:02:38,highlights Hamilton
6613,2576,2023-09-11 01:17:39,highlights F1
6614,2639,2023-05-26 08:13:44,full match World Cup
6615,103,2023-06-17 12:15:41,replay Brady
6616,2576,2023-11-18 01:57:47,Champions League
6617,2781,2023-01-18 03:02:01,full match Verstappen
6618,829,2023-07-28 00:36:04,highlights Mayweather
6619,795,2023-11-06 09:38:21,Mayweather
6620,1798,2023-10-24 00:38:24,Elliottside
6621,1167,2024-02-20 13:58:03,interview Boxing
6622,2830,2023-05-19 01:22:33,interview Darts
6623,386,2023-09-17 10:47:42,documentary Nguyen
6624,636,2024-02-23 06:58:56,Grand Prix 2023
6625,454,2023-05-22 04:55:39,highlights Joshua
6626,2781,2023-02-17 19:26:05,highlights Oderwald
6627,868,2024-02-11 09:20:37,replay Grand Prix
6628,1791,2024-01-13 13:31:05,World Cup
6629,2803,2023-06-30 06:27:31,documentary F1
6630,1973,2023-01-31 02:41:35,interview Darts
6631,1753,2023-07-11 01:39:42,highlights Verstappen
6632,1142,2023-06-14 17:10:07,full match Hamilton
6633,2722,2024-03-21 12:04:02,interview Super Bowl
6634,2899,2023-01-17 07:02:46,full match Super Bowl
6635,2010,2023-03-30 15:28:21,interview Tennis
6636,711,2024-02-27 16:40:37,highlights Rudolph
6637,2681,2023-07-29 05:29:04,full match Champions League
6638,2206,2024-03-28 13:34:13,Joshua
6639,1358,2023-03-03 20:59:02,MMA
6640,331,2023-08-11 23:17:48,World Cup
6641,352,2023-08-04 03:34:44,Premier League
6642,2660,2023-02-16 16:56:35,highlights Football
6643,164,2023-12-06 01:20:42,highlights MMA
6644,1480,2024-01-06 20:04:58,documentary World Cup
6645,1368,2023-04-17 10:59:58,documentary Champions League
6646,1222,2023-10-29 10:45:45,documentary World Cup
6647,1598,2023-01-24 02:27:25,Premier League
6648,813,2023-02-22 05:30:41,highlights Boxing
6649,2681,2023-08-22 16:57:20,interview Super Bowl
6650,2771,2023-03-17 04:25:16,full match Super Bowl 2023
6651,1453,2023-06-13 06:49:04,highlights Roberts
6652,540,2023-04-09 07:31:55,replay Mayweather
6653,1482,2024-01-27 14:01:04,F1
6654,1072,2023-08-22 23:18:40,documentary Silva
6655,356,2023-11-02 12:19:04,Super Bowl
6656,2152,2023-05-02 12:21:38,replay Super Bowl
6657,589,2023-12-07 01:09:47,replay Grand Prix
6658,305,2023-09-11 15:56:46,documentary F1 2024
6659,420,2024-02-20 21:51:14,replay Brady
6660,1713,2023-11-22 15:58:07,Hamilton
6661,991,2023-07-26 00:09:15,interview Brady
6662,1036,2023-12-01 05:40:13,full match Tennis
6663,1941,2023-06-03 12:06:36,replay Blümel
6664,2117,2023-05-16 15:40:04,Verstappen
6665,1730,2023-07-26 21:55:23,documentary Verstappen
6666,131,2023-01-14 08:09:17,interview Mahomes
6667,2760,2023-12-15 17:08:59,Grand Prix
6668,2672,2023-09-23 16:01:15,Hamilton
6669,2680,2023-06-07 22:25:29,interview Grand Prix
6670,2024,2024-02-28 16:40:41,full match Super Bowl
6671,920,2024-01-12 01:16:13,Joshua 2024
6672,473,2024-02-17 09:26:00,highlights Verstappen
6673,18,2024-03-27 20:34:21,highlights Foster
6674,285,2023-09-13 13:58:10,highlights Tennis 2023
6675,2371,2024-01-17 11:09:17,replay MMA
6676,427,2023-11-19 04:54:44,replay NFL
6677,1690,2023-10-29 03:07:25,interview Premier League
6678,150,2023-03-05 07:32:58,documentary Champions League
6679,1497,2023-09-21 05:40:16,highlights Verstappen
6680,130,2023-04-08 16:20:02,highlights Hamilton
6681,349,2024-03-08 01:46:55,Darts
6682,124,2023-10-24 19:39:39,documentary Joshua
6683,335,2023-04-16 13:26:02,Football
6684,136,2023-10-26 07:41:35,interview F1 2023
6685,2846,2023-05-22 09:10:40,highlights West Emily
6686,2974,2023-10-24 02:54:25,highlights Champions League
6687,406,2023-07-27 12:08:13,interview Tennis
6688,1978,2024-01-28 20:25:54,World Cup
6689,2185,2023-03-15 08:42:07,replay Premier League 2024
6690,2516,2024-03-15 01:51:47,Boxing
6691,1212,2023-10-25 06:08:33,highlights Boxing
6692,1914,2023-01-03 21:33:49,full match Baum
6693,2529,2023-01-04 14:45:31,Verstappen
6694,885,2023-04-09 20:42:58,Grand Prix
6695,1220,2023-06-02 16:00:09,documentary Hamilton
6696,2666,2023-01-24 16:02:50,replay Grand Prix
6697,374,2023-02-04 15:25:46,full match Boxing
6698,2063,2024-03-18 19:08:20,full match Darts
6699,2609,2023-03-27 19:36:57,Lake Duane
6700,2106,2024-03-11 22:29:03,documentary Jackson
6701,664,2023-04-19 18:10:27,highlights Hamilton
6702,819,2023-02-15 23:18:31,highlights Champions League
6703,40,2023-11-01 18:16:46,replay NFL
6704,1618,2023-05-08 07:42:40,interview Super Bowl
6705,2185,2024-03-08 11:54:55,full match MMA
6706,492,2023-06-04 04:10:50,interview Hamilton
6707,341,2023-03-09 20:40:52,documentary NFL
6708,5,2023-10-02 23:20:01,full match Darts
6709,1601,2023-02-13 10:37:59,documentary Rudolph
6710,1376,2023-04-18 00:26:31,replay Joshua
6711,1473,2023-01-24 12:15:25,full match Grand Prix 2024
6712,1926,2023-09-12 21:44:47,replay Premier League
6713,566,2023-09-23 01:27:40,replay Mayweather
6714,2321,2023-05-05 11:48:46,full match Football
6715,634,2023-08-02 05:08:12,replay Grimmen
6716,1434,2023-03-15 00:39:09,documentary Hamilton
6717,733,2023-09-15 15:41:21,Diepholz
6718,2573,2023-01-20 18:47:04,replay NFL
6719,2203,2023-12-19 12:30:48,full match Evans
6720,2052,2024-02-14 22:22:25,interview F1
6721,1346,2024-02-21 03:09:17,highlights Premier League
6722,254,2023-01-17 11:04:34,documentary Super Bowl
6723,2953,2023-04-18 19:20:17,documentary Joyce
6724,130,2023-12-28 15:29:32,NFL
6725,1325,2023-03-03 01:54:34,highlights Verstappen
6726,119,2023-09-06 09:35:36,interview Boxing
6727,808,2024-03-19 09:08:56,Premier League 2024
6728,2794,2023-05-25 19:23:57,interview Super Bowl
6729,839,2023-11-30 16:52:02,Joshua
6730,1689,2023-12-13 08:02:05,MMA
6731,549,2023-09-01 16:26:15,replay Loos
6732,1083,2023-04-28 06:37:04,interview Joshua
6733,2404,2023-01-10 08:07:16,full match Football
6734,756,2023-05-10 22:24:39,interview Sianfort
6735,838,2023-04-17 11:43:50,full match Football
6736,1071,2023-07-08 21:22:18,Super Bowl
6737,2361,2023-05-06 04:08:49,documentary Brady
6738,2154,2023-11-21 12:43:38,replay Brady
6739,2988,2023-10-27 04:57:47,documentary East Maryburgh
6740,630,2024-03-26 17:57:32,full match Mahomes
6741,990,2023-02-09 10:50:46,documentary Boxing 2024
6742,2529,2023-12-09 04:06:26,full match NFL
6743,2727,2023-08-14 09:34:28,interview Grand Prix
6744,11,2023-09-24 05:37:36,highlights Hamilton
6745,608,2023-07-10 19:40:57,full match Verstappen
6746,372,2023-04-29 17:53:32,highlights NFL
6747,189,2024-01-30 22:59:52,replay Boxing
6748,2379,2023-02-21 19:18:30,interview Boxing
6749,2571,2023-01-09 02:39:00,full match Champions League
6750,1304,2023-06-06 08:35:37,highlights Witzenhausen
6751,2351,2024-01-19 22:12:55,replay Joshua
6752,1448,2023-07-13 14:42:21,Scheinfeld
6753,2105,2023-04-06 11:40:13,documentary Premier League
6754,2001,2023-04-04 02:32:22,Darts
6755,1460,2023-02-28 21:48:16,Football
6756,2056,2023-03-06 23:35:06,highlights Tennis
6757,1588,2023-12-10 20:28:33,replay Football
6758,1810,2023-04-02 15:51:42,highlights Grand Prix
6759,1647,2023-01-27 11:10:26,NFL
6760,1860,2023-08-21 15:53:58,Mayweather
6761,1099,2024-02-09 00:38:05,Mahomes
6762,561,2023-09-05 14:46:32,Brady
6763,1060,2024-01-26 14:56:53,replay Premier League
6764,270,2023-08-20 03:55:55,Mahomes
6765,1975,2023-02-06 01:30:30,Joshua
6766,324,2023-12-29 01:24:30,Champions League
6767,618,2023-08-25 19:49:16,replay Darts
6768,1855,2023-09-30 04:27:09,Champions League
6769,1001,2024-03-12 20:00:18,Tennis
6770,1086,2023-03-22 20:44:22,full match Eimer
6771,88,2024-01-28 06:58:32,replay Premier League
6772,1765,2023-03-13 14:29:12,replay Football
6773,2747,2023-07-17 00:13:17,highlights Football
6774,2823,2023-09-04 22:56:00,interview Brady
6775,2085,2023-06-27 03:52:43,replay Verstappen
6776,2688,2023-11-17 11:24:16,replay Football
6777,801,2023-10-30 19:24:51,F1 2024
6778,1118,2023-10-08 07:40:12,highlights Mayweather
6779,813,2023-04-30 12:03:50,documentary Boxing
6780,492,2023-06-27 05:27:08,full match NFL
6781,1911,2023-08-04 23:58:21,highlights Tennis
6782,2742,2023-10-06 17:30:54,highlights MMA
6783,949,2023-01-19 12:40:21,East Harryside
6784,829,2023-02-06 12:43:27,interview MMA
6785,2190,2023-04-27 00:50:22,highlights Joshua 2023
6786,1009,2023-03-30 15:04:29,interview Premier League
6787,2919,2023-10-15 12:49:31,documentary F1
6788,269,2024-02-27 17:46:49,full match Tennis
6789,1732,2023-10-30 17:48:06,documentary Joshua
6790,127,2023-03-20 17:55:37,replay Hamilton
6791,1522,2023-05-19 15:43:47,replay Mahomes
6792,1557,2023-04-22 06:27:27,highlights Mayweather
6793,123,2024-03-26 07:37:40,full match Darts
6794,2791,2023-04-02 16:27:20,World Cup
6795,396,2024-02-09 17:43:07,Mayweather
6796,1898,2024-03-29 17:48:34,Tennis
6797,100,2023-10-13 12:31:29,highlights Mayweather
6798,1668,2023-07-30 11:02:18,interview F1
6799,1463,2023-07-13 01:34:19,full match MMA
6800,852,2023-10-01 16:25:17,full match Football
6801,2534,2023-03-18 10:25:31,Champions League
6802,1528,2023-05-07 22:09:51,World Cup 2023
6803,68,2023-04-08 06:59:13,full match Brady
6804,2733,2023-10-21 13:15:13,full match Hamilton
6805,1865,2023-12-13 15:26:46,interview Joshua
6806,292,2024-01-29 17:29:50,documentary Joshua
6807,1099,2023-06-13 17:50:22,Mahomes
6808,641,2024-02-23 10:08:12,full match World Cup
6809,1008,2023-02-13 16:29:28,Hamilton
6810,2812,2023-12-01 18:12:52,interview MMA 2023
6811,2670,2023-05-22 07:17:25,Football
6812,727,2023-12-07 13:38:50,documentary Premier League
6813,610,2023-07-27 12:56:36,full match World Cup
6814,1945,2023-04-11 14:31:53,interview Champions League
6815,2159,2023-03-11 04:44:27,documentary Joshua
6816,2342,2023-03-05 22:04:56,interview Grand Prix
6817,812,2023-12-16 20:40:43,full match Darts
6818,9,2023-09-16 09:03:15,full match Mahomes
6819,1184,2023-03-02 22:01:27,documentary Hamilton
6820,1661,2023-06-26 10:05:55,interview Brady
6821,1758,2023-08-08 11:51:36,replay Mahomes 2023
6822,2846,2023-01-31 02:13:25,highlights Grand Prix
6823,1824,2023-03-01 23:50:05,full match Port Charlesstad
6824,208,2023-09-26 18:35:58,Champions League
6825,1239,2023-07-01 00:23:24,highlights Peters
6826,475,2023-05-08 12:52:41,Grand Prix
6827,596,2023-02-27 08:23:51,replay Darts
6828,1758,2023-07-01 22:20:56,replay Hamilton
6829,1202,2023-10-22 10:48:03,full match Boxing 2024
6830,748,2024-02-17 07:38:57,interview Tennis
6831,862,2023-11-30 14:47:58,interview Mahomes
6832,1,2024-02-02 17:48:15,highlights Super Bowl
6833,1875,2023-04-16 23:07:59,highlights Football 2024
6834,396,2024-03-12 06:14:55,full match Joshua
6835,1723,2024-02-17 14:06:16,highlights Joshua
6836,1851,2023-02-24 22:36:18,full match Darts 2024
6837,75,2024-02-29 11:04:56,full match Young
6838,1262,2023-06-07 04:08:03,World Cup
6839,1302,2023-02-23 20:03:46,MMA
6840,269,2023-11-08 06:32:50,documentary Miller 2023
6841,1636,2023-12-30 00:35:30,highlights Super Bowl
6842,94,2023-02-25 02:25:37,interview Tennis
6843,337,2024-01-31 21:14:52,replay Mahomes
6844,1364,2024-02-26 01:16:51,World Cup
6845,1436,2023-03-16 01:47:52,highlights Premier League
6846,2682,2023-07-03 14:23:37,replay Grand Prix 2023
6847,362,2023-12-02 20:02:58,highlights Joshua 2023
6848,1815,2023-10-27 02:49:56,replay Brady
6849,1236,2023-11-19 02:27:46,interview Joshua
6850,1823,2024-02-10 08:29:35,documentary F1 2023
6851,2520,2023-06-09 20:34:03,replay Football
6852,1553,2023-12-16 16:08:31,Jonesstad
6853,77,2024-02-23 12:15:40,Darts
6854,1295,2024-02-21 07:16:51,F1
6855,765,2023-12-17 09:14:07,highlights Mayweather
6856,1452,2023-11-12 01:56:12,Grand Prix
6857,738,2023-05-15 03:22:48,Football
6858,2831,2023-01-03 00:27:59,replay Brady
6859,1973,2024-01-24 03:00:19,interview Premier League
6860,2866,2024-02-03 19:40:05,documentary Premier League
6861,2709,2023-11-28 04:53:13,Mayweather
6862,2668,2023-04-19 01:02:39,Tennis
6863,1431,2023-05-30 17:48:53,interview Mayweather
6864,102,2024-02-09 02:55:16,highlights Mayweather
6865,720,2023-09-29 21:39:08,documentary Brady
6866,113,2023-06-08 06:55:06,documentary Verstappen
6867,684,2023-10-10 12:13:15,replay Joshua
6868,1856,2023-09-03 02:38:12,full match Grand Prix
6869,1528,2023-11-16 10:58:04,replay Champions League
6870,1770,2023-04-03 15:54:15,replay Mayweather
6871,250,2024-02-10 03:58:55,full match Grand Prix 2024
6872,716,2023-07-03 03:58:58,documentary Hamilton
6873,2610,2023-12-19 12:49:52,Mahomes
6874,1010,2023-12-12 16:13:18,highlights Hamilton
6875,179,2023-01-01 02:09:37,documentary Mayweather
6876,2338,2024-01-28 18:34:32,replay World Cup 2023
6877,1873,2023-03-26 03:02:23,full match Robinson 2023
6878,1110,2024-01-19 04:05:26,interview Hamilton
6879,2486,2023-06-24 15:46:22,Mayweather
6880,344,2023-06-17 15:50:15,highlights Tennis
6881,248,2024-01-27 23:16:03,replay Premier League
6882,72,2023-11-01 10:39:17,documentary Boucsein
6883,2827,2023-01-09 16:31:14,Joshua
6884,272,2024-01-18 21:22:51,Mayweather
6885,1964,2023-06-13 02:33:59,highlights Super Bowl 2023
6886,1733,2023-10-07 19:45:30,documentary Joshua 2024
6887,2377,2023-07-30 12:09:24,NFL
6888,1077,2023-10-26 20:38:38,Edwardsberg
6889,429,2023-02-10 15:33:09,documentary Matthews
6890,1435,2023-02-07 12:47:07,full match Super Bowl
6891,2750,2023-10-01 21:09:19,highlights Mahomes
6892,1728,2023-12-10 02:43:02,replay MMA
6893,1819,2023-07-09 11:47:20,full match MMA
6894,893,2023-01-03 02:13:22,interview Hamilton 2023
6895,2282,2023-10-23 18:42:37,documentary Smith 2023
6896,474,2023-01-06 05:05:29,full match Tennis
6897,2792,2024-01-12 15:42:08,full match F1
6898,246,2023-05-15 17:11:38,interview Mayweather 2023
6899,628,2023-07-20 14:39:19,replay Grand Prix
6900,1147,2023-03-04 00:55:35,replay Super Bowl
6901,573,2023-06-08 20:30:37,full match Larson
6902,2084,2023-11-21 09:59:41,replay F1
6903,523,2023-05-15 19:36:33,Grand Prix
6904,669,2023-12-24 08:12:36,replay F1
6905,581,2023-12-10 10:56:24,documentary Hamilton
6906,514,2023-11-04 15:59:44,interview NFL
6907,1760,2023-02-25 08:26:23,Football
6908,332,2023-08-30 03:42:34,full match NFL
6909,2692,2023-11-09 02:20:27,full match Murraybury
6910,1474,2023-06-01 20:59:37,replay Football
6911,1294,2023-10-19 15:21:42,documentary Brady
6912,2888,2023-05-14 22:45:02,highlights World Cup
6913,2834,2023-02-12 07:43:57,documentary Champions League
6914,2528,2023-08-21 05:30:11,Grand Prix
6915,1551,2023-10-26 15:08:19,documentary Super Bowl
6916,2990,2023-12-18 20:11:28,interview Premier League 2023
6917,259,2023-06-02 20:28:50,Jessicaton
6918,768,2023-07-27 04:39:48,Champions League
6919,1266,2023-12-18 02:19:24,Hamilton 2024
6920,2429,2024-03-14 21:27:51,NFL
6921,1897,2023-10-05 15:51:30,documentary Mahomes
6922,1064,2023-09-27 20:56:51,highlights Super Bowl 2024
6923,1735,2024-03-05 00:16:18,interview Verstappen
6924,1494,2023-08-11 20:13:59,Mayweather
6925,1307,2023-09-08 22:15:25,documentary Brady
6926,2008,2023-07-26 21:06:51,interview Champions League
6927,251,2023-06-20 22:13:04,documentary Brady 2024
6928,123,2024-03-24 17:16:01,Verstappen
6929,1217,2023-11-15 07:44:32,full match Barth
6930,107,2023-12-07 07:31:04,replay F1
6931,182,2023-07-21 14:10:42,documentary Darts
6932,2168,2023-11-11 06:20:41,Mende 2023
6933,1624,2023-06-13 23:29:47,full match New Jamesshire
6934,2401,2023-02-18 21:52:46,documentary Joshua
6935,1789,2023-06-18 13:57:15,replay MMA
6936,167,2023-11-15 03:46:21,World Cup
6937,2501,2023-09-04 07:02:42,replay Tennis
6938,334,2023-01-14 00:32:41,interview Boxing
6939,1419,2023-11-21 22:14:16,full match Premier League 2024
6940,1661,2023-10-08 20:09:06,full match NFL
6941,2354,2024-01-08 10:24:58,interview Hamilton
6942,2809,2023-02-05 17:59:54,full match World Cup 2024
6943,2839,2024-01-19 00:47:58,Mayweather
6944,846,2023-12-04 15:55:46,highlights Brady
6945,2999,2023-10-21 23:13:33,interview Joshua
6946,2883,2023-03-18 17:32:25,highlights Mahomes
6947,2598,2023-03-29 00:53:06,interview Smithland 2023
6948,139,2024-02-19 05:09:43,highlights Premier League
6949,132,2023-05-28 21:04:47,replay Hamilton
6950,2936,2024-02-20 15:25:27,full match MMA
6951,1803,2023-03-27 18:01:31,full match Football
6952,2439,2023-01-06 06:29:36,MMA
6953,1340,2023-09-11 15:25:01,highlights Darts
6954,676,2023-03-26 19:31:09,Joshua
6955,2487,2023-04-24 00:00:02,full match World Cup
6956,620,2023-11-09 17:52:47,replay Carroll
6957,599,2023-12-04 07:25:14,documentary MMA
6958,2220,2024-02-09 01:58:40,interview MMA
6959,1754,2023-07-13 06:27:58,full match Premier League 2024
6960,590,2023-11-09 02:51:52,replay Mahomes
6961,677,2023-08-15 13:24:52,highlights Boxing
6962,1370,2023-07-01 16:13:55,interview King
6963,2834,2024-01-27 09:17:33,highlights Verstappen
6964,480,2024-01-01 06:08:36,full match Joshua
6965,1042,2023-10-27 05:53:29,replay Grand Prix
6966,863,2023-09-24 15:36:27,interview Champions League
6967,1886,2023-02-11 19:56:44,highlights Champions League
6968,880,2023-03-15 11:04:14,documentary Grand Prix
6969,1837,2023-10-09 23:49:15,interview Verstappen
6970,2801,2023-07-23 04:31:19,replay MMA 2023
6971,273,2023-07-13 09:46:35,highlights Mayweather
6972,775,2023-11-10 01:10:43,full match Super Bowl
6973,24,2023-05-10 06:21:57,Grand Prix
6974,465,2023-11-16 09:47:22,World Cup
6975,434,2023-06-04 09:48:59,Super Bowl
6976,1560,2023-09-26 11:52:46,interview World Cup
6977,912,2023-02-05 21:23:38,highlights Darts 2024
6978,1534,2024-02-05 19:20:44,Premier League
6979,722,2023-08-03 19:17:25,Football
6980,2202,2023-03-19 11:04:49,interview Tennis
6981,2799,2023-09-18 04:21:13,documentary Joshua
6982,2793,2023-01-26 05:01:09,full match Super Bowl
6983,39,2023-03-22 22:01:29,West Adamport
6984,2143,2023-07-13 17:01:35,Verstappen 2023
6985,2061,2023-05-04 09:54:10,documentary Mayweather
6986,911,2023-02-22 22:11:02,interview Football
6987,2419,2023-06-11 18:18:27,interview Football
6988,570,2023-07-20 20:55:29,replay New Oliviahaven
6989,577,2023-08-26 21:01:41,highlights Robinson
6990,253,2023-12-15 16:45:37,interview Grand Prix
6991,2209,2023-01-24 19:29:33,interview Tennis
6992,1692,2023-05-28 18:02:45,full match Darts
6993,1505,2023-06-07 20:47:49,Football
6994,2926,2023-02-07 18:01:29,Darts
6995,58,2023-05-25 21:26:16,highlights Brady
6996,2781,2023-05-20 00:11:35,Brady
6997,2731,2023-02-20 00:08:12,highlights Christinaberg
6998,2634,2023-03-08 05:53:26,highlights Mayweather
6999,2034,2024-02-26 06:47:06,interview Brady 2023
7000,2998,2023-03-19 06:01:35,replay Brady
7001,534,2023-04-22 12:10:21,replay MMA
7002,2190,2024-02-23 12:35:24,interview NFL
7003,671,2024-02-05 05:50:51,interview World Cup
7004,1159,2024-03-19 14:22:29,Super Bowl
7005,1385,2023-04-17 13:00:26,Mahomes
7006,1788,2023-10-27 13:31:27,highlights Grand Prix 2023
7007,852,2023-12-07 11:30:02,documentary Mayweather 2024
7008,1158,2024-03-01 06:55:11,Grand Prix
7009,371,2023-12-17 03:25:28,interview NFL
7010,1010,2023-09-14 03:29:10,documentary Football
7011,1892,2023-04-27 20:05:59,Premier League
7012,1209,2023-01-05 13:24:47,Brady
7013,152,2023-06-21 17:24:45,full match Verstappen 2023
7014,892,2024-01-06 05:40:11,Football
7015,1102,2024-03-15 03:17:24,F1
7016,118,2023-02-03 19:07:55,documentary Boxing
7017,1198,2023-10-04 06:35:03,highlights Darts
7018,2272,2023-04-05 22:08:17,Tennis
7019,1436,2024-01-04 20:38:53,Hamilton 2023
7020,1150,2023-01-17 22:27:47,NFL
7021,2165,2023-07-26 04:31:07,replay Premier League
7022,1765,2023-09-19 09:33:17,documentary Shannonburgh
7023,615,2023-11-13 21:34:18,interview Brady
7024,2543,2023-10-14 02:31:31,full match Premier League
7025,1205,2023-03-02 19:15:45,replay Football
7026,134,2024-02-13 04:04:08,Champions League
7027,1847,2024-01-29 05:39:08,Champions League
7028,1687,2023-12-11 00:28:51,highlights Tennis
7029,1378,2024-01-09 07:46:02,documentary Mahomes
7030,2,2023-06-19 05:01:11,highlights NFL
7031,300,2023-12-10 01:17:51,Grand Prix
7032,1779,2023-01-29 13:22:53,highlights F1
7033,2325,2023-03-11 23:37:44,highlights Davidberg 2023
7034,1188,2023-02-01 17:59:19,interview Mayweather
7035,344,2024-01-22 13:39:38,replay Mahomes
7036,1215,2023-11-03 20:06:48,documentary Tennis
7037,777,2023-08-12 08:08:36,interview World Cup
7038,1275,2023-12-27 20:04:19,Football
7039,1014,2024-01-31 21:31:44,interview Verstappen
7040,96,2023-03-06 04:51:31,Boxing
7041,1487,2023-12-20 14:51:37,full match Premier League
7042,2510,2023-03-27 13:18:14,replay Hamilton
7043,1046,2024-01-15 22:36:59,New Christina
7044,2606,2023-04-11 10:54:56,Super Bowl
7045,307,2023-07-18 22:38:56,full match MMA
7046,1018,2023-01-18 13:50:48,F1 2024
7047,2690,2024-03-15 18:31:51,full match Football
7048,1775,2023-02-10 22:40:34,highlights Hamilton
7049,1540,2024-03-01 16:30:09,highlights Joshua 2023
7050,2852,2023-04-26 20:07:28,documentary F1
7051,112,2023-09-25 19:15:33,interview Football
7052,1397,2023-08-19 04:56:26,documentary Lübs
7053,1917,2023-05-09 01:17:02,replay Mayweather
7054,2494,2023-12-16 22:18:33,Mayweather
7055,1749,2023-01-12 07:43:51,documentary Mahomes
7056,2716,2023-05-15 01:13:05,replay Grand Prix
7057,136,2023-02-09 02:10:37,Brady
7058,339,2023-11-27 18:04:38,interview World Cup
7059,629,2023-07-29 11:25:15,full match Hamilton
7060,922,2023-08-12 05:55:25,Boxing
7061,2294,2024-03-04 06:20:38,interview Baxter
7062,527,2023-09-27 11:57:39,documentary Verstappen
7063,2379,2023-03-24 16:30:29,replay F1
7064,1073,2023-09-15 23:09:34,full match Boxing
7065,806,2023-05-23 03:29:55,highlights Mayweather
7066,1906,2023-04-23 01:55:21,NFL
7067,960,2023-05-31 17:24:04,interview Champions League
7068,1488,2024-02-25 06:07:37,interview Verstappen
7069,125,2023-04-14 10:57:47,MMA
7070,1070,2023-09-23 11:57:49,Gardner
7071,529,2024-01-03 20:49:14,full match Brady
7072,2347,2023-02-07 17:31:29,highlights F1
7073,2511,2023-09-10 23:34:21,interview Verstappen
7074,1362,2024-02-22 00:19:03,documentary Premier League
7075,2452,2024-02-18 15:31:54,documentary F1
7076,2727,2023-03-10 17:12:29,interview Joshua
7077,1259,2023-02-11 18:51:44,Champions League
7078,1117,2023-12-04 12:07:37,Verstappen
7079,931,2023-04-29 22:38:47,replay Joshua
7080,1678,2023-09-07 02:32:27,highlights Tennis
7081,872,2023-06-08 04:57:35,interview Grand Prix
7082,108,2023-12-06 11:10:58,Brady
7083,1411,2024-01-29 09:30:40,interview F1
7084,1387,2023-06-27 23:09:18,interview Mayweather
7085,1076,2024-02-21 07:12:50,documentary Football
7086,1157,2024-03-14 10:13:18,replay Premier League
7087,1102,2024-02-02 12:58:29,Aachen
7088,1876,2023-03-18 02:59:36,full match NFL
7089,1206,2024-02-14 02:17:39,full match Hamilton 2023
7090,224,2023-08-15 20:23:52,Tennis
7091,1039,2023-08-24 03:09:37,replay Grand Prix
7092,147,2023-04-20 09:00:13,interview Grand Prix
7093,659,2023-06-18 03:03:58,replay Champions League
7094,909,2023-07-21 09:53:35,replay Premier League
7095,2131,2023-03-04 08:22:58,Tennis
7096,2459,2023-12-17 09:57:17,documentary Mayweather
7097,455,2023-07-05 14:53:01,interview Brandt
7098,481,2023-06-20 06:30:03,highlights Hamilton
7099,1135,2023-08-30 00:55:14,replay Super Bowl
7100,2565,2023-05-09 01:41:34,Boxing
7101,746,2023-09-15 16:59:11,interview Darts
7102,1181,2023-11-21 12:27:33,documentary Tennis
7103,1334,2024-03-20 01:37:34,interview Grand Prix
7104,574,2023-09-10 02:04:22,documentary World Cup
7105,2771,2023-08-03 10:08:04,highlights World Cup
7106,534,2023-04-05 04:05:54,interview Super Bowl
7107,2407,2023-09-23 10:22:53,full match F1
7108,2681,2023-06-30 00:43:31,Super Bowl
7109,434,2023-04-17 22:15:37,Boxing
7110,1165,2023-04-28 02:57:14,full match F1
7111,1099,2023-01-10 04:23:45,interview Premier League
7112,1844,2023-12-23 11:31:24,F1
7113,657,2023-05-24 06:12:15,highlights Verstappen
7114,1350,2023-11-24 00:28:15,Joshua
7115,2577,2023-08-20 20:01:18,documentary Brady
7116,145,2024-01-30 01:03:56,highlights Grand Prix
7117,1895,2023-04-17 01:58:46,documentary Champions League
7118,2622,2023-01-27 11:58:18,full match Joshua
7119,2849,2023-11-14 11:00:34,replay Grand Prix 2023
7120,2723,2024-01-23 06:42:02,Mahomes 2023
7121,2608,2023-03-22 04:09:08,documentary Mayweather
7122,1394,2023-12-17 13:12:43,highlights F1
7123,1453,2023-01-07 11:32:41,full match Lawrenceport
7124,1843,2023-01-30 02:27:45,Super Bowl 2023
7125,2884,2023-04-09 18:00:50,documentary Premier League
7126,1251,2023-07-10 05:09:01,Champions League
7127,2466,2023-09-01 07:34:37,full match Brady
7128,2995,2023-07-23 00:13:29,full match World Cup
7129,2295,2023-09-05 08:01:02,Hamilton
7130,2530,2023-11-19 18:52:12,documentary NFL 2023
7131,1928,2024-03-13 16:07:31,highlights F1 2023
7132,998,2024-01-17 12:15:28,documentary Super Bowl
7133,2965,2023-06-20 13:42:12,Langern
7134,309,2023-09-26 07:09:44,full match Tennis
7135,427,2023-09-07 16:47:38,interview Darts
7136,842,2023-03-20 16:49:17,replay Joshua
7137,2230,2024-01-17 00:29:33,documentary Football
7138,390,2024-02-04 07:27:48,interview Super Bowl
7139,1152,2023-12-20 03:02:43,World Cup
7140,1640,2023-07-02 01:45:53,highlights Grand Prix 2023
7141,2296,2023-07-14 14:38:40,full match Boxing
7142,256,2023-05-29 15:04:21,interview NFL
7143,812,2024-01-01 16:51:45,Champions League
7144,1368,2023-03-18 08:33:40,documentary Champions League
7145,1311,2023-10-29 02:21:41,Champions League
7146,1688,2023-05-24 06:41:48,documentary Premier League
7147,1754,2023-07-20 17:05:26,interview Grand Prix 2024
7148,2541,2023-03-21 17:30:14,interview Krebs
7149,2153,2023-12-25 17:04:03,documentary Boxing
7150,2194,2024-01-13 17:51:14,Verstappen
7151,2016,2023-10-28 03:53:49,full match Grand Prix
7152,2349,2023-08-26 08:57:36,Joshua
7153,969,2023-06-09 17:46:16,NFL
7154,1775,2023-02-24 20:40:33,interview NFL
7155,811,2024-03-02 01:57:14,interview Premier League
7156,508,2023-05-10 18:26:30,documentary Boxing
7157,2854,2023-12-31 22:10:54,documentary Price
7158,2495,2023-09-28 11:22:54,replay F1
7159,771,2024-02-14 15:50:13,full match Brady
7160,2801,2023-01-07 20:15:51,highlights Football
7161,2347,2023-04-24 02:27:08,documentary Boxing
7162,610,2023-03-30 17:04:17,replay Bennett
7163,1799,2023-09-26 01:30:56,Grand Prix
7164,17,2023-05-23 02:44:19,Mahomes
7165,570,2023-01-17 02:47:45,documentary Tennis
7166,800,2023-09-06 03:52:24,highlights Darts
7167,2899,2023-10-02 13:08:44,replay Verstappen
7168,2444,2024-02-25 19:40:16,interview Wismar
7169,626,2023-02-23 06:17:49,interview NFL
7170,504,2024-03-19 09:29:25,replay Tennis
7171,1333,2023-07-04 13:25:46,full match South Anthonyville 2023
7172,746,2023-02-09 21:24:09,full match Brady
7173,1004,2023-09-06 03:29:11,replay Champions League
7174,1298,2024-03-04 17:09:38,documentary Verstappen
7175,1357,2023-04-14 16:43:27,interview Lewis
7176,2698,2023-07-16 09:11:12,full match World Cup
7177,1858,2023-01-20 17:44:35,replay Boxing 2024
7178,619,2024-02-12 11:29:34,highlights Brady
7179,1718,2024-01-16 04:56:48,replay Mahomes
7180,1246,2024-03-27 07:18:04,interview F1
7181,610,2023-08-08 18:24:28,highlights Football
7182,2054,2023-07-01 02:10:58,full match MMA
7183,1858,2023-01-29 06:41:09,Premier League
7184,730,2023-01-03 20:30:48,World Cup
7185,1999,2023-01-25 16:29:33,interview F1 2023
7186,151,2023-09-04 15:42:34,replay NFL
7187,2059,2023-06-25 04:39:22,Super Bowl
7188,1710,2023-12-21 20:14:23,replay Brady
7189,1342,2023-11-29 15:35:22,highlights Grand Prix
7190,2162,2024-03-23 09:12:57,replay Boxing
7191,2274,2023-10-23 17:19:29,interview Tennis
7192,1892,2023-03-29 10:54:46,highlights Joshua
7193,119,2023-03-08 04:06:18,interview Katiemouth
7194,2451,2023-12-12 22:18:02,highlights NFL
7195,440,2024-02-18 00:52:43,highlights Hamilton
7196,2036,2023-08-03 02:55:58,Joshua
7197,2740,2023-04-07 11:43:50,interview Hamilton
7198,1414,2024-02-08 18:17:26,highlights Mayweather
7199,2573,2023-11-08 00:01:55,replay NFL
7200,1930,2023-09-14 21:20:14,replay Joshua
7201,1034,2023-08-09 20:21:55,Grand Prix
7202,2041,2023-12-22 14:10:24,NFL
7203,936,2023-10-04 15:43:10,full match Football
7204,2573,2023-08-16 13:45:22,interview Football
7205,432,2023-12-09 01:52:24,full match Super Bowl
7206,1124,2024-01-18 00:55:24,interview Clark
7207,1308,2023-02-18 23:37:30,interview Joshua
7208,2740,2023-02-27 18:27:55,interview Verstappen 2023
7209,363,2023-09-04 05:55:06,interview Joshua
7210,1192,2023-03-13 20:57:32,highlights F1
7211,2046,2023-11-16 08:50:16,Tennis
7212,1941,2023-03-18 01:20:56,highlights World Cup 2023
7213,1555,2023-10-01 05:25:04,Mahomes
7214,818,2023-10-15 06:25:13,highlights Hamilton
7215,671,2023-09-21 23:55:12,highlights Football
7216,934,2024-03-21 04:35:52,Brady
7217,1987,2023-03-17 14:59:28,replay Hamilton 2023
7218,2220,2024-02-21 02:55:20,full match Mahomes
7219,2848,2023-04-08 09:51:12,replay Verstappen
7220,895,2023-11-03 03:51:32,full match Mahomes
7221,2735,2024-01-22 13:35:46,replay South Michael
7222,2211,2023-07-03 09:57:24,replay Brady
7223,1079,2023-02-03 11:03:22,interview Premier League
7224,2707,2023-11-19 19:41:29,Joshua
7225,1914,2023-11-27 13:43:02,Super Bowl
7226,1939,2023-11-16 14:26:26,documentary Boxing
7227,148,2023-06-16 06:32:48,interview Verstappen
7228,2110,2024-01-04 07:41:29,NFL
7229,1749,2023-06-14 10:46:41,interview Boxing
7230,2439,2023-08-12 01:06:34,F1
7231,987,2023-10-01 01:36:34,replay Verstappen
7232,1760,2024-03-20 05:02:37,documentary NFL
7233,1656,2023-12-08 22:21:06,full match Mayweather
7234,367,2024-03-16 07:55:16,interview Grand Prix
7235,566,2023-08-11 07:49:16,replay Boxing
7236,1507,2023-09-18 06:35:14,replay Mahomes 2023
7237,2960,2023-06-25 05:47:13,documentary Hamilton 2023
7238,554,2023-03-07 14:14:40,replay MMA
7239,266,2023-10-22 00:02:05,documentary Football
7240,1475,2024-01-28 00:17:37,interview Joshua
7241,675,2024-01-08 20:01:34,interview Football
7242,712,2023-11-12 22:37:55,Grand Prix
7243,367,2023-06-13 17:07:43,Schinke
7244,77,2023-09-09 21:28:06,interview Verstappen
7245,895,2024-01-30 22:43:00,interview Grand Prix
7246,493,2024-03-21 02:41:55,Mayweather 2024
7247,359,2024-01-04 05:24:47,replay Mayweather
7248,1477,2023-05-28 00:06:18,full match Joshua
7249,591,2024-02-02 23:12:06,MMA
7250,1589,2023-08-12 21:25:11,full match World Cup
7251,246,2024-02-24 21:02:23,highlights Grand Prix
7252,2901,2024-03-28 15:58:41,documentary Metz
7253,668,2023-11-27 23:34:45,full match Brady
7254,540,2023-01-19 07:39:44,replay Moore
7255,1431,2023-12-04 03:32:36,full match Grand Prix
7256,514,2023-09-04 14:01:56,Grand Prix
7257,930,2023-11-13 09:43:50,replay Champions League
7258,1441,2023-02-13 06:09:53,highlights Brady 2023
7259,1214,2023-08-08 19:09:29,replay Boxing
7260,485,2024-02-17 13:08:00,interview Tennis
7261,1783,2023-02-25 17:15:02,full match Tennis
7262,2731,2024-01-16 23:06:44,highlights Mahomes 2023
7263,2628,2023-05-08 05:02:04,Darts
7264,758,2023-09-15 12:35:53,documentary Football
7265,1487,2024-03-12 14:12:21,highlights F1 2024
7266,2137,2023-08-10 02:03:40,highlights Verstappen 2023
7267,1236,2023-03-17 15:53:53,full match Joshua
7268,2093,2023-11-03 19:13:54,Joshua
7269,2506,2023-09-05 14:09:28,documentary Brady
7270,726,2023-11-30 09:13:14,Davis 2023
7271,1831,2023-01-12 04:53:27,interview Premier League
7272,131,2023-01-14 01:36:41,highlights Darts
7273,66,2024-03-17 12:18:11,replay Brady
7274,1892,2024-01-30 13:42:42,Verstappen
7275,1331,2024-01-15 15:33:53,full match Super Bowl
7276,2474,2023-06-23 11:04:00,Grand Prix
7277,1202,2023-07-10 02:33:19,replay Football
7278,2243,2023-12-11 14:35:55,World Cup
7279,965,2023-07-25 08:10:10,interview Champions League
7280,1798,2023-05-29 02:30:19,full match Mahomes
7281,1028,2023-05-22 22:04:12,full match Joshua
7282,1025,2023-07-05 06:59:08,highlights NFL 2023
7283,475,2023-01-04 23:34:09,Champions League
7284,1459,2023-05-22 22:32:29,replay World Cup
7285,258,2024-02-16 10:52:54,World Cup
7286,621,2023-04-05 18:04:19,replay Brady
7287,2109,2024-03-03 07:08:44,F1
7288,205,2023-05-10 18:58:49,Grand Prix
7289,2362,2023-05-04 06:32:21,interview Webster
7290,1738,2024-02-20 21:08:58,highlights Joshua
7291,929,2024-02-04 13:12:02,NFL
7292,900,2024-03-03 03:55:55,full match Mayweather
7293,955,2023-11-02 15:27:48,highlights Brady 2024
7294,1928,2023-05-15 16:26:00,replay NFL
7295,2870,2023-07-08 20:42:19,Mahomes
7296,2005,2023-12-12 13:31:51,Darts
7297,2562,2023-10-21 14:46:08,documentary F1
7298,2995,2023-02-20 19:39:41,Joshua
7299,1472,2023-07-27 09:57:27,interview Football
7300,218,2023-04-30 17:45:19,documentary Boxing
7301,890,2023-07-13 17:19:01,interview Champions League
7302,1852,2023-08-07 12:48:44,documentary Darts
7303,2188,2023-08-02 23:54:46,documentary Darts
7304,429,2023-05-02 12:23:58,replay West Michaelport 2023
7305,2307,2023-09-18 05:55:37,replay Hamilton
7306,1524,2023-11-01 12:26:58,interview Brady 2023
7307,1179,2023-10-29 19:25:10,MMA
7308,49,2024-02-01 13:46:12,documentary F1
7309,356,2023-02-12 20:47:54,MMA
7310,1722,2024-03-29 04:40:01,interview Verstappen
7311,929,2023-06-14 13:54:28,highlights NFL
7312,2909,2023-08-05 18:48:46,full match Champions League
7313,2007,2023-02-11 06:37:44,Joshua
7314,1867,2023-08-16 03:53:45,documentary Murphy
7315,2108,2023-08-21 06:15:17,highlights Hamilton
7316,590,2024-03-17 06:14:00,highlights Grand Prix
7317,2404,2023-10-09 20:25:22,replay F1
7318,142,2023-06-07 14:22:27,Premier League
7319,2848,2024-02-05 14:39:34,Grand Prix
7320,1987,2023-06-14 02:12:39,replay Verstappen
7321,2821,2023-02-06 20:51:19,full match Football
7322,853,2023-09-26 00:08:23,full match Mayweather
7323,1120,2023-05-19 19:16:40,Football
7324,1874,2023-07-28 05:36:40,Brady
7325,1848,2024-02-29 05:35:31,Brady
7326,1890,2024-03-06 07:50:07,Super Bowl
7327,763,2023-03-22 20:46:38,full match World Cup
7328,1746,2023-05-01 07:47:13,Tennis
7329,2571,2023-12-20 03:21:49,Joshua
7330,1505,2024-01-06 18:55:45,highlights Tennis
7331,1984,2023-06-05 09:28:31,Mahomes
7332,1702,2023-06-12 06:02:44,Super Bowl
7333,499,2023-10-12 10:05:02,highlights Football
7334,1435,2023-05-13 20:21:51,interview Tennis
7335,2075,2023-03-18 10:14:00,NFL
7336,2515,2024-01-06 19:45:14,replay Williamsmouth
7337,2593,2023-06-08 20:30:01,MMA
7338,1987,2023-12-06 02:31:11,World Cup
7339,2536,2023-03-27 12:15:11,Mühldorf am Inn
7340,1386,2024-03-28 01:51:38,documentary Grand Prix
7341,2715,2023-03-09 06:15:45,interview Brady
7342,706,2024-02-08 18:13:34,replay Brady
7343,2962,2024-02-16 09:12:27,MMA
7344,353,2023-04-08 08:22:49,interview F1
7345,1871,2023-06-10 18:12:18,Verstappen
7346,1176,2023-06-14 19:52:19,replay Grand Prix
7347,468,2023-10-29 23:24:45,interview Moers
7348,2029,2023-11-26 19:01:38,F1
7349,1437,2024-02-05 02:45:26,Mahomes
7350,333,2023-07-09 06:07:37,full match Mayweather
7351,2235,2023-03-11 05:06:23,full match Hartmann
7352,1887,2023-10-23 16:26:46,documentary F1
7353,495,2023-10-25 05:51:11,documentary Mahomes
7354,2360,2023-03-12 23:10:35,full match Super Bowl
7355,1566,2023-04-24 23:13:40,interview Boxing
7356,2034,2023-01-29 23:23:27,highlights Joshua 2024
7357,777,2023-08-11 20:56:20,interview Bennettshire
7358,2916,2023-12-18 06:36:02,full match Mayweather
7359,1465,2024-03-02 20:41:04,documentary Premier League
7360,1615,2023-11-27 00:09:38,documentary F1
7361,780,2023-12-26 20:32:26,interview Champions League
7362,2975,2023-01-22 11:19:07,World Cup
7363,1765,2023-08-09 21:33:33,Football
7364,2349,2023-09-16 10:08:31,replay Verstappen
7365,1706,2023-06-05 19:27:32,replay Grand Prix
7366,2401,2023-09-10 16:52:28,full match Steckel
7367,968,2023-01-21 18:54:28,full match Grand Prix
7368,627,2023-09-03 11:37:33,replay Verstappen
7369,2980,2023-12-06 14:10:09,MMA
7370,1408,2024-02-19 22:22:47,interview Boxing
7371,1104,2023-09-13 07:10:43,full match Boxing
7372,2448,2023-11-09 16:23:26,replay Mahomes
7373,1362,2024-01-05 18:52:44,highlights Hamilton
7374,1191,2024-02-14 16:53:32,Grand Prix
7375,2105,2023-08-10 02:16:20,Nicolaside
7376,1074,2023-11-08 21:45:01,Mahomes
7377,686,2023-11-09 16:37:57,Mahomes
7378,2638,2024-03-28 21:40:46,interview Super Bowl
7379,1261,2024-02-10 15:00:52,Hamilton
7380,1972,2023-02-12 17:04:39,Steckel
7381,511,2023-01-02 00:58:41,full match Tennis
7382,646,2023-01-27 19:59:46,documentary Verstappen
7383,41,2023-08-26 12:38:02,documentary Hamilton
7384,2137,2023-07-15 15:08:53,replay Verstappen 2024
7385,1877,2023-08-06 21:39:02,documentary World Cup
7386,1389,2023-03-15 17:38:23,Mahomes
7387,725,2023-08-13 06:01:29,highlights Tennis
7388,28,2023-07-07 02:16:44,full match Tennis
7389,229,2023-11-08 12:12:34,documentary Port Jessicaport
7390,507,2023-03-31 00:13:35,full match Mies
7391,1399,2023-05-07 20:55:47,replay Boxing
7392,2114,2023-10-16 01:53:21,World Cup
7393,2781,2023-04-21 20:26:56,full match Boxing
7394,2155,2023-01-22 19:50:39,Super Bowl
7395,2057,2023-06-30 22:27:30,replay Super Bowl
7396,1534,2024-01-27 04:12:05,replay Joshua
7397,2065,2024-03-19 21:06:47,documentary Brady
7398,2120,2023-12-30 00:06:29,replay NFL
7399,1402,2023-10-14 10:43:30,replay Champions League
7400,725,2024-02-01 18:18:31,full match Darts
7401,874,2023-04-16 10:55:57,replay Davila
7402,2201,2024-03-22 03:09:39,interview Hamilton
7403,2579,2023-01-28 07:14:03,interview World Cup
7404,1830,2023-06-30 23:30:41,highlights Boxing
7405,2487,2024-02-20 04:25:47,documentary Blevins
7406,1999,2023-07-12 18:40:45,Mayweather
7407,2720,2023-12-02 22:55:32,interview Mayweather
7408,999,2023-10-15 10:58:20,replay Tennis
7409,2021,2024-01-10 09:04:26,highlights Super Bowl
7410,2434,2024-02-06 10:12:44,Tennis
7411,1304,2023-02-21 00:33:18,full match Mahomes
7412,2622,2023-06-13 18:05:26,highlights F1
7413,317,2023-06-17 11:15:15,Mayweather
7414,2495,2023-06-16 05:59:55,Hamilton
7415,563,2023-06-29 16:46:36,highlights NFL
7416,2421,2023-06-27 09:03:41,MMA 2023
7417,2241,2023-03-07 21:05:36,documentary MMA
7418,2833,2023-01-20 17:18:11,documentary Darts
7419,919,2023-07-22 20:01:05,full match Champions League
7420,1808,2024-01-08 11:04:25,highlights Premier League
7421,2303,2023-07-28 07:49:25,highlights Grand Prix
7422,2701,2023-03-05 03:46:34,Super Bowl
7423,1789,2023-07-11 17:07:57,documentary Football 2024
7424,571,2024-01-27 11:43:23,documentary Boxing
7425,557,2023-03-13 05:34:29,Joshua
7426,707,2023-03-29 00:11:37,interview Geithain
7427,2904,2023-04-29 02:05:24,interview NFL
7428,216,2023-02-16 22:16:58,documentary Grevenbroich
7429,2302,2024-03-10 14:13:06,full match Super Bowl
7430,1554,2023-10-25 07:19:01,interview Joshua
7431,2614,2023-12-04 17:12:30,full match NFL
7432,50,2024-01-09 11:59:58,documentary Grand Prix
7433,458,2023-05-24 19:50:03,Champions League
7434,2300,2023-12-27 15:46:48,documentary Grand Prix 2024
7435,2825,2023-12-22 10:25:04,full match World Cup
7436,2611,2023-06-04 17:29:58,Football
7437,2989,2023-08-01 22:54:15,replay Football
7438,2042,2023-02-07 04:52:18,replay Football
7439,1257,2023-03-14 08:34:10,replay Joshua
7440,2020,2023-01-27 18:04:40,Brady
7441,634,2023-04-30 09:10:04,replay Super Bowl
7442,2881,2023-10-11 23:34:39,replay Mahomes 2023
7443,260,2023-05-12 13:30:24,replay World Cup
7444,1375,2023-07-13 07:05:06,full match Football
7445,2579,2023-03-04 04:13:12,interview Mahomes 2023
7446,2703,2023-11-12 02:14:25,F1
7447,1963,2023-10-25 20:36:38,highlights Darts
7448,1412,2024-01-09 14:29:34,replay World Cup
7449,113,2024-01-16 16:31:48,interview Geraldineton
7450,1066,2023-12-28 15:42:04,interview Football
7451,1921,2023-04-12 23:00:10,replay Joshua
7452,1489,2023-07-24 22:58:14,Verstappen
7453,1674,2023-05-08 12:00:23,Grand Prix
7454,1129,2023-06-28 08:02:38,documentary F1
7455,2753,2023-08-16 04:57:24,highlights Football
7456,920,2023-03-18 17:17:51,Brady
7457,2258,2023-09-25 12:53:56,full match Grand Prix 2023
7458,2373,2024-03-28 04:27:54,Darts
7459,1665,2024-01-10 06:27:57,documentary Barnes
7460,2383,2024-01-16 06:36:20,highlights Hamilton
7461,1238,2023-06-15 10:03:45,highlights Grand Prix
7462,1879,2024-03-16 15:46:28,Grand Prix
7463,805,2023-06-17 22:51:19,interview Brady
7464,1092,2023-11-06 21:35:25,highlights Franke
7465,1988,2023-01-24 16:43:45,Super Bowl
7466,527,2023-09-08 02:15:42,full match Brady
7467,89,2023-09-26 08:36:02,replay Boxing
7468,1790,2023-11-12 20:34:25,Marshall
7469,2064,2023-06-28 09:10:17,Mayweather
7470,255,2023-05-14 21:45:44,documentary Tennis
7471,2976,2023-12-23 02:36:29,Grand Prix
7472,1954,2023-05-02 05:13:21,Football
7473,339,2023-10-03 10:28:05,interview Premier League
7474,901,2023-03-21 02:16:22,full match West Leonard
7475,79,2023-09-10 01:03:14,Mahomes
7476,2631,2023-06-26 19:56:45,documentary World Cup
7477,1665,2024-03-30 16:41:37,documentary Champions League
7478,1811,2023-05-04 02:51:41,Darts
7479,4,2023-06-02 04:09:56,replay Super Bowl 2023
7480,1968,2023-01-03 00:45:25,documentary Champions League
7481,2752,2023-10-26 01:58:06,highlights Mahomes
7482,139,2023-03-27 10:16:48,documentary Champions League
7483,725,2023-03-07 18:34:03,Cuevas
7484,2817,2024-03-05 19:03:18,documentary Brady
7485,1203,2023-09-24 14:42:46,highlights Champions League
7486,1773,2023-12-02 07:47:31,interview Joshua 2023
7487,813,2024-02-07 10:12:51,full match North Henry
7488,2384,2023-05-23 08:54:31,replay Hamilton
7489,871,2023-08-26 02:08:05,highlights Brooks
7490,362,2023-12-26 15:07:54,Brady
7491,527,2023-04-20 12:10:05,documentary Tennis 2024
7492,191,2023-05-26 14:16:20,Grand Prix 2024
7493,2599,2023-08-16 15:05:33,World Cup
7494,2698,2023-10-15 12:38:17,Wulf
7495,1557,2023-02-13 11:49:25,interview F1
7496,358,2024-01-07 01:46:04,highlights Mahomes
7497,542,2023-08-09 23:50:37,highlights Premier League
7498,678,2023-05-09 04:43:27,interview Grand Prix
7499,2205,2023-08-02 02:37:59,Verstappen
7500,2301,2023-03-02 12:59:03,interview Darts
7501,1327,2023-10-06 03:03:40,Thomas
7502,1467,2023-11-27 11:08:33,full match Joshua
7503,56,2023-01-07 06:56:32,Brady
7504,1024,2023-01-07 19:37:03,documentary MMA
7505,1742,2023-07-09 01:22:10,interview MMA
7506,2286,2023-04-25 01:58:54,Champions League
7507,229,2023-07-16 04:31:28,highlights Boxing
7508,2631,2024-03-26 10:03:25,highlights World Cup
7509,2706,2023-12-10 08:28:56,replay Football 2024
7510,984,2024-03-14 04:39:09,interview Brady
7511,559,2024-02-28 20:40:53,highlights Darts
7512,782,2023-01-18 19:12:07,Tennis
7513,2430,2023-11-04 17:32:55,documentary MMA
7514,2583,2023-03-09 00:04:45,highlights Darts
7515,2879,2023-09-21 18:23:19,Grand Prix
7516,2487,2023-10-24 19:54:04,documentary Champions League
7517,710,2024-02-17 18:14:25,Verstappen 2024
7518,914,2023-04-19 12:31:07,Champions League
7519,950,2023-07-24 15:57:28,interview Boxing
7520,1947,2023-04-09 06:51:24,highlights Hamilton
7521,1174,2023-10-07 13:16:38,highlights Hamilton
7522,831,2023-05-30 15:52:16,full match Darts
7523,468,2023-04-22 16:58:28,Joshua
7524,2063,2023-02-04 02:31:53,Darts
7525,2461,2023-10-24 00:47:14,documentary Football
7526,2142,2023-03-18 09:45:07,interview NFL
7527,2008,2023-02-20 06:43:51,full match Mayweather
7528,246,2023-01-01 01:30:41,interview Wood
7529,2373,2023-04-26 08:28:21,documentary Mayweather
7530,2355,2023-06-13 10:47:55,Boxing
7531,1820,2023-01-20 07:20:47,documentary Football
7532,503,2023-04-10 01:54:09,highlights Super Bowl
7533,676,2024-01-11 07:16:32,interview NFL
7534,1761,2023-01-26 19:44:48,highlights Brady
7535,1617,2023-05-12 09:21:00,full match Jones
7536,1225,2023-12-27 22:10:09,interview Tennis
7537,1153,2023-12-03 01:15:45,Mayweather
7538,1726,2023-06-14 15:24:06,interview F1
7539,1755,2023-01-15 03:46:37,documentary Joshua
7540,1161,2023-11-18 07:41:25,interview F1
7541,1157,2023-01-13 03:32:20,interview Champions League
7542,963,2023-11-01 10:24:38,highlights North Samanthastad 2024
7543,1539,2023-05-01 15:16:31,interview Champions League
7544,1204,2023-02-07 20:31:54,full match Hamilton
7545,1482,2023-02-28 01:30:22,replay Football
7546,735,2023-12-19 12:20:43,documentary World Cup
7547,493,2024-01-27 12:16:18,interview Donnashire 2024
7548,1658,2023-04-07 08:33:50,replay Premier League
7549,454,2023-04-12 03:06:36,full match Champions League
7550,165,2023-07-15 23:07:34,Boxing
7551,2493,2023-11-02 09:40:00,replay Darts
7552,2120,2023-05-09 04:05:50,highlights F1
7553,228,2024-01-30 13:27:03,full match Hamilton
7554,1326,2023-09-27 13:26:15,full match Mayweather
7555,1471,2023-07-14 00:35:27,interview Mahomes
7556,352,2023-09-23 00:51:33,full match Darts
7557,1535,2023-05-13 07:12:33,documentary Joshua
7558,1067,2023-12-24 11:16:02,full match Mayweather
7559,1173,2023-12-26 13:57:33,highlights Staciestad
7560,35,2023-11-06 20:00:44,highlights Darts
7561,2116,2024-01-04 11:48:35,Mahomes
7562,1687,2024-01-06 17:16:38,full match Doherty
7563,789,2023-02-18 12:17:38,replay Mahomes
7564,2603,2023-02-23 07:09:47,interview MMA
7565,2152,2024-02-01 20:14:47,Brady
7566,2121,2023-04-23 11:29:40,Boxing
7567,824,2023-06-07 14:24:46,full match Darts
7568,2306,2023-06-05 21:36:37,full match Mayweather
7569,2996,2023-06-20 10:17:14,Darts
7570,908,2023-10-11 16:12:25,highlights Hamilton
7571,2738,2023-09-05 18:47:45,full match Mayweather
7572,2765,2023-09-29 16:38:25,replay Champions League
7573,2843,2023-05-13 07:59:36,Verstappen
7574,2442,2023-09-28 15:12:12,full match Tennis
7575,1940,2023-02-16 18:04:42,replay Hamilton
7576,1368,2023-12-15 02:23:53,Joshua
7577,1089,2023-09-21 06:10:28,interview Grand Prix
7578,555,2023-12-14 00:32:13,documentary Mayweather
7579,1750,2023-09-08 23:55:02,documentary MMA
7580,82,2024-02-13 15:45:34,documentary Darts
7581,348,2023-03-10 20:55:48,interview Super Bowl
7582,362,2023-02-02 10:24:47,full match MMA
7583,840,2023-12-06 23:31:07,Mayweather
7584,242,2024-01-08 01:57:32,highlights Brady
7585,215,2023-08-18 18:03:37,full match NFL
7586,1660,2024-03-06 11:00:29,documentary Bishop 2024
7587,1470,2023-01-13 17:04:37,full match Champions League
7588,195,2023-08-14 11:04:34,highlights NFL
7589,2099,2023-04-20 19:07:47,F1
7590,2451,2024-01-03 03:27:59,World Cup
7591,208,2023-11-25 02:03:49,Tennis
7592,2134,2023-12-03 13:35:07,Darts
7593,2309,2023-09-15 19:20:45,highlights World Cup
7594,2239,2023-08-03 00:20:31,replay Mahomes
7595,53,2023-08-24 12:02:19,replay Hamilton
7596,2404,2023-10-21 12:29:13,replay Mayweather
7597,43,2024-03-12 00:35:10,replay Noack
7598,2289,2023-08-19 18:34:06,interview MMA
7599,1116,2023-07-01 19:53:17,full match Premier League
7600,1032,2023-10-23 11:37:20,full match Joshua
7601,798,2023-12-14 22:57:32,interview NFL
7602,595,2023-07-04 17:57:53,documentary Hamilton
7603,353,2023-09-21 16:59:59,documentary F1
7604,1648,2023-12-28 09:33:34,Darts
7605,1326,2023-12-29 03:30:02,full match Super Bowl
7606,2280,2023-01-06 06:55:04,highlights Mayweather
7607,1557,2023-03-03 18:26:22,replay Joshua
7608,2206,2023-02-04 01:05:43,Grand Prix 2024
7609,1574,2023-01-05 05:32:04,NFL
7610,702,2023-11-14 09:51:43,interview Football
7611,2490,2023-05-13 15:59:18,documentary North Stephanieborough
7612,1658,2023-04-18 09:46:22,interview NFL
7613,2086,2023-05-13 18:04:35,documentary Tennis
7614,1412,2023-03-28 23:02:15,interview Super Bowl 2024
7615,2932,2023-01-04 10:25:55,highlights Brady
7616,2735,2023-11-08 23:00:56,Premier League
7617,662,2023-09-14 05:39:16,replay MMA
7618,543,2023-06-25 07:30:45,Grand Prix
7619,2274,2023-11-03 04:33:25,full match Football 2023
7620,1154,2023-04-25 03:24:40,Darts
7621,838,2023-08-28 14:53:05,F1
7622,294,2023-05-15 10:49:12,Joshua
7623,550,2023-01-24 03:53:55,highlights Super Bowl
7624,1491,2023-03-29 18:23:44,interview Scheinfeld
7625,942,2024-03-20 06:01:26,interview Brady
7626,1248,2023-11-17 13:14:25,documentary Mahomes 2023
7627,2890,2023-05-19 02:19:18,Football 2024
7628,2894,2023-01-16 02:35:08,interview Watson
7629,1446,2024-01-03 01:08:25,Premier League
7630,409,2023-10-25 02:17:59,Brady
7631,971,2023-04-29 10:50:20,World Cup
7632,2917,2023-11-10 20:04:22,highlights Mayweather
7633,1707,2023-07-31 05:15:26,NFL
7634,2575,2023-07-12 22:39:12,full match Mayweather
7635,2767,2023-06-11 09:10:32,MMA
7636,2487,2023-07-15 07:58:54,Boxing
7637,1572,2023-11-14 09:07:50,full match Verstappen
7638,2190,2023-07-07 09:25:59,Mahomes
7639,916,2023-01-23 12:38:38,documentary Brady
7640,1494,2024-02-26 13:52:42,documentary Mayweather
7641,1618,2023-04-26 13:24:20,interview Football 2024
7642,1863,2023-08-04 05:32:03,interview World Cup
7643,2139,2023-07-22 12:45:23,highlights Hamilton
7644,582,2023-01-03 22:25:28,Verstappen
7645,1267,2023-07-22 16:05:48,Tennis
7646,88,2023-07-16 06:42:26,highlights Boxing 2024
7647,1625,2023-02-27 06:32:07,full match Joshua
7648,2701,2024-02-16 03:52:13,Boxing
7649,811,2023-04-09 10:18:20,replay Super Bowl
7650,1381,2024-02-07 20:04:00,full match Hamilton
7651,1427,2023-11-21 09:11:28,documentary World Cup
7652,635,2023-07-08 15:32:06,full match Tennis
7653,2110,2023-10-17 08:28:06,documentary Smart
7654,2793,2023-05-04 06:03:45,replay Darts
7655,2673,2023-12-19 12:47:13,documentary World Cup 2023
7656,2411,2023-04-17 11:49:39,highlights Mayweather
7657,453,2023-02-18 03:46:04,highlights Football
7658,2738,2023-06-16 02:22:17,full match World Cup
7659,1272,2024-03-25 13:54:10,Mahomes 2023
7660,643,2023-09-18 17:06:32,replay Hall
7661,1277,2023-04-13 13:10:38,Super Bowl
7662,493,2023-09-26 05:22:08,documentary Mayweather
7663,2050,2023-08-27 18:28:09,documentary Waldmünchen
7664,2020,2024-03-21 09:33:12,F1
7665,560,2023-10-21 02:36:24,interview Darts
7666,2474,2023-05-15 07:52:08,full match Verstappen 2023
7667,936,2023-08-05 15:17:22,Boxing
7668,289,2024-03-15 07:47:06,Premier League
7669,1887,2024-02-14 10:39:32,highlights Mahomes
7670,1288,2023-03-03 09:10:00,documentary World Cup 2023
7671,494,2024-02-27 19:07:38,interview World Cup
7672,2369,2023-02-15 18:41:12,documentary Joshua
7673,1803,2023-08-11 22:13:45,highlights Football
7674,1348,2023-04-12 14:51:17,interview Football 2024
7675,2049,2023-12-02 12:56:48,documentary Super Bowl
7676,1025,2023-02-15 22:28:29,highlights Boxing
7677,2645,2024-03-12 06:47:39,interview Premier League
7678,130,2023-09-02 22:49:31,Brady
7679,2576,2023-04-17 06:27:52,replay Grand Prix
7680,1668,2023-10-13 17:47:28,documentary Darts
7681,2695,2023-02-28 05:31:34,highlights Tennis
7682,29,2023-08-29 19:17:35,Tennis
7683,2947,2023-11-02 00:39:15,interview Super Bowl
7684,379,2023-04-20 14:00:27,replay Joshua
7685,1836,2023-02-05 21:32:29,Verstappen
7686,263,2023-04-05 05:05:46,replay Darts
7687,2652,2023-08-02 14:21:57,Hamilton
7688,32,2023-12-02 17:40:27,full match Mahomes
7689,2091,2023-08-10 17:17:20,documentary Premier League 2023
7690,684,2023-06-26 17:31:00,Mayweather
7691,1658,2024-01-01 11:59:01,Grand Prix
7692,89,2023-07-24 10:15:07,full match Darts
7693,1651,2023-03-21 19:01:57,full match Super Bowl
7694,2328,2023-01-31 22:24:46,interview Brady
7695,2519,2023-12-28 06:32:31,replay Mahomes 2023
7696,483,2023-10-31 18:26:03,Football 2023
7697,1223,2023-06-02 10:37:19,replay Geisel
7698,1576,2023-02-16 15:34:31,World Cup
7699,1961,2023-01-08 06:41:33,NFL
7700,185,2023-03-26 20:39:50,full match MMA
7701,2862,2023-04-14 00:25:05,Tennis
7702,1482,2024-01-01 13:47:22,Joshua
7703,551,2024-02-02 15:50:38,Hamilton
7704,1648,2023-03-20 00:59:55,replay Grand Prix
7705,226,2023-02-11 07:13:44,full match Boxing
7706,604,2023-05-14 17:03:10,full match Port Marc
7707,1736,2023-10-08 23:36:38,documentary Premier League
7708,333,2023-07-16 22:17:08,replay Football
7709,1068,2023-05-12 11:13:18,replay MMA
7710,1224,2024-01-24 21:01:21,interview Champions League
7711,1985,2023-03-03 20:18:21,Tennis
7712,600,2023-12-31 06:34:23,full match Super Bowl
7713,1577,2023-07-12 17:01:43,full match Hamilton
7714,1473,2023-03-31 07:14:41,interview Joshua
7715,751,2023-07-08 03:34:23,documentary Brady
7716,1016,2023-09-25 09:02:19,highlights Premier League
7717,2811,2023-05-22 05:28:11,Verstappen
7718,1359,2023-12-07 09:27:50,full match Football
7719,1127,2024-01-17 23:22:26,Verstappen
7720,868,2023-05-03 09:16:28,highlights Joshua
7721,596,2023-01-19 03:26:24,Champions League
7722,1614,2023-02-03 00:05:23,full match Verstappen
7723,540,2023-01-17 06:15:36,Tennis
7724,534,2023-09-20 11:11:20,highlights Carterhaven 2024
7725,631,2023-08-10 01:25:35,Super Bowl
7726,756,2023-11-22 12:11:40,highlights Hamilton
7727,1278,2023-05-29 06:10:09,interview Football
7728,1321,2023-02-19 06:57:25,full match NFL
7729,1775,2023-02-28 20:49:07,interview NFL 2023
7730,693,2023-07-02 08:08:00,full match Grand Prix
7731,1313,2023-02-21 17:48:07,documentary Mahomes 2024
7732,1876,2023-02-19 06:06:47,interview O'Donnell
7733,1528,2023-01-09 00:09:39,World Cup
7734,1881,2023-08-13 14:38:22,interview Champions League
7735,2607,2023-07-03 02:48:46,documentary Super Bowl
7736,713,2023-10-30 06:46:35,replay F1
7737,2640,2024-01-11 20:11:01,Champions League
7738,1397,2023-09-29 14:06:24,interview Darts
7739,2684,2023-05-30 13:24:50,replay Champions League
7740,1875,2023-04-02 13:27:49,replay Champions League
7741,67,2023-10-29 05:41:28,Premier League
7742,49,2023-12-25 19:38:31,World Cup
7743,40,2023-12-20 23:58:56,highlights Darts
7744,608,2023-10-20 05:08:12,documentary MMA 2024
7745,2524,2023-01-30 11:03:43,highlights Tennis
7746,556,2024-01-07 05:11:22,replay Football
7747,1794,2024-02-03 11:03:23,interview Mahomes
7748,274,2024-01-07 09:18:11,full match Champions League
7749,2891,2024-01-30 21:09:27,replay MMA
7750,2364,2023-01-23 07:18:48,Football
7751,193,2023-12-23 00:30:56,documentary Tonychester
7752,1184,2024-03-26 22:30:16,full match F1 2023
7753,1510,2023-08-25 22:18:10,highlights Reyesfort
7754,2654,2023-12-30 10:01:44,full match Super Bowl
7755,2158,2023-04-13 06:55:38,full match Tennis
7756,2061,2023-02-04 15:18:40,Brady
7757,617,2023-09-30 18:18:01,full match Mahomes
7758,2365,2023-09-20 22:18:46,highlights NFL
7759,882,2023-11-10 01:46:56,Hamilton
7760,1315,2023-12-24 20:12:56,highlights MMA
7761,339,2023-02-01 13:12:20,World Cup
7762,1704,2024-03-10 15:11:07,Grand Prix
7763,1011,2023-06-08 15:29:30,documentary Brady
7764,2503,2023-01-26 04:27:54,Wright
7765,858,2023-09-16 12:50:29,highlights Football 2024
7766,2965,2023-08-08 06:35:36,documentary Mahomes
7767,1426,2023-02-24 14:30:45,documentary Champions League
7768,2792,2023-01-12 01:51:50,highlights MMA
7769,1299,2024-02-28 21:48:27,full match Football
7770,2360,2023-08-12 11:42:08,Boxing
7771,1765,2023-11-25 05:59:00,Brady
7772,1108,2023-02-07 16:21:47,documentary Joshua
7773,2001,2023-06-29 23:08:44,documentary Mahomes
7774,2804,2023-11-30 01:03:42,full match Brady
7775,2311,2023-12-27 14:56:10,replay World Cup
7776,1689,2023-03-04 09:33:20,highlights Brady 2024
7777,1699,2024-03-20 02:18:39,documentary Darts
7778,1974,2023-12-01 01:36:22,interview Brady 2023
7779,1624,2023-03-18 09:34:53,Hamilton
7780,1788,2023-10-28 00:50:07,MMA
7781,2158,2023-04-19 12:47:58,highlights Boxing
7782,720,2023-07-15 16:56:20,documentary Boxing
7783,2321,2023-03-09 06:19:47,West Iainshire
7784,951,2023-07-17 11:21:34,Tennis
7785,862,2024-01-28 06:55:05,full match Darts
7786,2869,2023-11-28 18:37:57,replay Tennis 2023
7787,423,2023-05-18 21:53:55,replay Hamilton
7788,385,2023-09-02 10:36:05,interview Darts 2023
7789,725,2023-02-18 21:20:14,replay Hamilton 2024
7790,1908,2024-02-20 05:36:08,documentary Rathenow
7791,1807,2024-01-25 01:01:14,documentary Lake Kristina
7792,2040,2023-02-11 05:12:30,interview Premier League
7793,2129,2023-01-06 13:27:47,F1
7794,806,2023-05-19 02:59:15,highlights MMA
7795,418,2023-01-02 05:29:49,highlights World Cup
7796,2698,2023-04-09 06:03:43,replay World Cup 2023
7797,2323,2024-02-01 20:13:45,interview NFL
7798,1156,2023-03-15 14:26:27,replay Mahomes
7799,465,2023-05-16 11:38:28,full match Mayweather
7800,23,2024-02-13 21:23:35,full match Joshua
7801,1418,2023-10-08 02:02:09,full match Tennis
7802,33,2024-03-06 03:02:14,replay Boxing
7803,2393,2023-05-09 06:57:02,full match Thorpe 2023
7804,2273,2023-04-26 06:22:07,highlights F1
7805,1470,2023-01-26 00:04:37,interview Darts
7806,302,2023-01-19 21:57:14,interview Brady
7807,264,2023-05-28 23:03:41,highlights Joshua
7808,684,2024-03-13 19:28:41,replay Football
7809,1544,2023-06-25 13:45:05,replay Premier League
7810,2694,2023-02-25 00:20:07,replay F1
7811,1179,2023-04-07 05:37:24,Hornig
7812,2454,2023-08-05 04:22:39,Tennis
7813,2263,2024-03-29 12:22:36,documentary Grand Prix
7814,503,2023-10-25 16:11:53,documentary Mayweather
7815,2519,2023-06-10 07:10:27,documentary Dussen van
7816,1449,2023-03-17 20:52:22,documentary Premier League
7817,1255,2023-06-24 06:56:42,full match World Cup
7818,850,2023-10-28 13:58:54,highlights MMA 2023
7819,1416,2023-11-02 00:56:26,highlights Darts
7820,960,2024-03-14 05:13:41,replay Joshua
7821,1797,2023-05-23 19:19:17,interview World Cup
7822,1636,2023-06-27 13:02:39,highlights Brady
7823,1305,2023-03-26 16:33:16,documentary World Cup
7824,2736,2023-11-29 17:10:08,documentary Hamilton
7825,2865,2023-05-31 10:43:24,replay Champions League
7826,992,2023-05-18 16:50:18,F1
7827,1557,2023-07-17 04:06:37,Football
7828,1760,2023-04-28 22:57:55,highlights Champions League
7829,12,2024-03-23 10:51:04,full match Champions League
7830,1988,2023-06-07 11:25:28,replay NFL 2023
7831,205,2023-04-09 20:34:49,Super Bowl
7832,2524,2024-01-26 15:34:05,documentary Darts
7833,2821,2024-03-23 02:45:17,highlights NFL
7834,2286,2023-08-26 15:50:22,Rowechester
7835,2178,2023-07-19 03:47:59,Mayweather
7836,2713,2023-09-03 04:58:15,replay Brady
7837,2634,2024-02-19 21:53:43,Hamilton
7838,2834,2023-12-03 10:58:20,Super Bowl
7839,2401,2023-09-07 16:23:11,replay Ebersberg
7840,1306,2023-08-19 07:36:28,documentary Football
7841,702,2023-04-22 03:56:33,F1 2023
7842,330,2024-02-08 13:27:32,highlights Leipziger Land
7843,1779,2023-07-04 11:37:14,full match Hamilton
7844,710,2023-02-18 09:23:06,Brady
7845,2508,2023-09-30 12:02:39,interview Tennis
7846,17,2023-04-19 09:25:12,Grand Prix 2023
7847,1748,2023-08-25 15:36:29,interview Darts
7848,976,2023-06-05 10:42:33,highlights Joshua
7849,63,2023-09-19 06:50:15,Brady 2023
7850,1300,2023-10-27 21:10:57,full match Boxing
7851,2350,2023-12-25 19:44:51,replay Premier League
7852,919,2024-01-07 07:45:53,replay MMA 2023
7853,680,2023-10-04 02:33:39,F1
7854,2067,2023-01-25 20:47:00,interview F1
7855,959,2023-05-07 14:44:45,highlights Shahbury
7856,1260,2023-03-20 03:10:53,Premier League
7857,583,2023-07-20 05:08:03,Premier League
7858,727,2024-01-31 13:33:33,full match Mahomes
7859,449,2023-01-26 01:49:47,interview Verstappen
7860,2425,2023-06-26 17:53:16,documentary Darts
7861,1460,2023-05-09 13:46:50,highlights Premier League
7862,2820,2023-09-15 16:32:49,Grand Prix
7863,1860,2023-12-21 15:58:33,documentary Mahomes
7864,1384,2023-12-01 21:09:51,interview Football
7865,2784,2024-02-09 09:06:16,replay Super Bowl
7866,2650,2023-10-17 00:40:46,highlights Mejia
7867,1658,2023-04-02 07:08:08,highlights Lewis 2024
7868,1551,2023-06-17 05:17:42,interview Smithton
7869,886,2024-03-05 12:33:59,interview Brady
7870,2117,2024-02-10 12:50:28,replay Brady
7871,2477,2023-01-22 07:15:09,interview Football
7872,63,2023-08-06 08:16:24,documentary Verstappen
7873,1530,2024-01-08 10:43:13,Premier League
7874,1129,2023-09-28 03:23:24,documentary Boxing 2024
7875,1960,2024-02-25 18:57:56,replay NFL
7876,318,2023-02-27 10:57:48,highlights Mahomes
7877,1953,2023-08-18 16:16:32,Football
7878,168,2023-12-12 23:10:34,Champions League
7879,426,2023-02-21 10:06:59,Joanville
7880,707,2024-02-20 15:11:26,Super Bowl
7881,1316,2023-10-29 16:21:13,Brady
7882,2628,2024-02-11 09:11:40,Darts
7883,164,2023-09-22 00:19:04,highlights Super Bowl
7884,396,2023-09-27 18:41:39,replay World Cup
7885,1818,2024-03-09 01:17:52,Mayweather
7886,1389,2024-02-09 23:52:00,Super Bowl
7887,2404,2023-01-17 15:54:07,Tennis
7888,1077,2023-04-08 20:23:23,replay Brady
7889,1827,2023-05-06 17:54:04,World Cup
7890,32,2023-05-29 13:41:08,replay Stonehaven
7891,1470,2023-08-20 00:26:37,interview Joshua
7892,128,2023-06-03 10:23:38,highlights Premier League
7893,1226,2023-11-26 03:41:19,MMA
7894,835,2023-08-09 02:47:21,interview Brady
7895,601,2024-03-02 18:06:14,full match Tennis
7896,758,2024-03-23 15:28:55,documentary Brady
7897,799,2023-03-15 03:35:27,replay Verstappen 2024
7898,775,2023-03-20 07:26:08,replay Verstappen
7899,2398,2023-02-28 02:37:47,Football
7900,2009,2024-01-27 01:12:14,documentary World Cup
7901,2497,2023-07-05 10:02:01,interview Gerlach
7902,1801,2023-12-14 05:50:05,full match Mahomes
7903,2176,2023-07-18 12:17:26,replay Champions League 2024
7904,1976,2023-06-08 21:17:09,Grand Prix
7905,1326,2023-03-27 23:28:24,Brady
7906,1262,2024-03-19 11:43:38,replay Football
7907,2998,2023-04-09 18:42:06,highlights Premier League 2024
7908,1945,2023-05-02 05:12:17,interview Boxing
7909,1899,2023-04-23 14:37:30,replay NFL
7910,1758,2023-06-26 10:50:11,documentary World Cup
7911,1274,2023-03-28 17:12:20,documentary Joshua 2023
7912,1001,2023-04-13 22:38:58,replay World Cup
7913,580,2024-03-18 21:46:39,highlights Hamilton
7914,1511,2023-04-04 08:52:36,replay Verstappen
7915,1565,2023-12-27 18:55:19,documentary NFL
7916,126,2023-05-17 21:05:09,Hamilton
7917,2109,2023-04-20 13:32:34,Darts 2023
7918,92,2023-04-23 00:49:06,Hall
7919,2816,2023-01-23 18:03:27,documentary Super Bowl
7920,1003,2023-05-25 16:20:33,full match Mayweather
7921,112,2023-08-29 08:46:46,full match MMA
7922,2245,2023-04-11 15:49:35,documentary World Cup
7923,1965,2024-03-15 11:29:43,Champions League
7924,1763,2023-03-01 18:40:51,interview Premier League
7925,1332,2023-07-23 02:52:44,documentary World Cup
7926,443,2023-01-22 21:17:47,highlights Champions League
7927,380,2023-09-16 14:54:05,highlights Tennis
7928,928,2023-02-04 20:43:38,highlights Joshua
7929,2554,2023-12-20 04:00:23,documentary NFL
7930,2349,2023-09-02 09:28:03,full match Mitchell
7931,2083,2024-01-17 21:50:40,documentary NFL
7932,2117,2023-05-06 05:46:01,interview MMA
7933,1088,2024-02-17 07:25:20,Grand Prix
7934,2276,2023-01-26 19:20:14,highlights F1
7935,567,2023-03-17 03:55:20,Martin
7936,706,2023-11-27 00:52:10,replay Champions League
7937,1857,2023-02-20 01:20:01,Football
7938,2920,2023-12-31 15:51:09,NFL
7939,684,2023-11-10 06:01:39,highlights Shields
7940,1295,2023-12-07 03:36:04,documentary Washington
7941,1875,2023-08-29 12:33:52,Tennis
7942,2829,2023-03-22 12:35:53,West Aimee 2023
7943,473,2023-09-18 21:57:50,NFL
7944,1792,2023-05-21 12:24:47,Hamilton
7945,2124,2023-06-15 03:57:44,Champions League
7946,1702,2023-02-13 07:25:37,full match World Cup
7947,279,2023-06-29 20:44:10,full match Mahomes
7948,2766,2023-03-19 14:49:28,replay Super Bowl
7949,1439,2023-03-30 15:44:20,highlights MMA
7950,1369,2023-04-21 09:54:00,replay Football
7951,136,2023-02-15 20:33:31,Darts 2023
7952,574,2023-08-12 14:41:07,Champions League
7953,595,2023-10-15 20:51:16,interview Meißen
7954,2949,2023-07-25 17:11:31,documentary NFL
7955,2143,2023-12-21 08:54:21,Super Bowl
7956,327,2023-04-02 19:21:27,interview Joshua
7957,611,2023-07-28 18:31:46,MMA
7958,484,2023-12-22 17:25:06,interview Mayweather
7959,894,2023-04-13 21:37:10,Boxing
7960,1240,2023-01-03 13:20:01,full match Eimer
7961,1128,2023-09-09 13:07:06,documentary Boxing
7962,60,2024-03-27 10:28:48,Joshua
7963,10,2023-04-01 11:35:32,interview Plath
7964,1763,2023-03-23 01:13:16,Football
7965,2184,2023-01-05 01:42:42,documentary Tennis
7966,1165,2023-12-25 22:03:16,Mayweather
7967,951,2023-09-28 08:45:07,interview Grand Prix
7968,241,2023-01-16 17:54:59,full match NFL
7969,1675,2023-03-08 19:17:16,replay F1
7970,1569,2023-10-19 00:49:19,highlights Mckenzieside
7971,109,2023-09-25 02:46:12,replay Mahomes
7972,1220,2023-12-12 18:59:06,Darts
7973,2153,2023-03-29 23:15:45,interview Tennis
7974,1716,2024-03-07 16:44:21,F1
7975,2029,2023-10-03 20:59:36,Brady
7976,2653,2023-05-02 21:28:26,Boxing
7977,1636,2023-07-09 13:27:21,documentary NFL 2024
7978,2195,2024-03-24 16:01:00,interview West Jasminefort
7979,1217,2023-09-07 17:57:54,interview Hamilton
7980,311,2023-04-18 03:19:16,full match Premier League
7981,2300,2023-04-12 08:12:08,documentary Joshua
7982,493,2023-10-19 11:06:09,documentary Super Bowl
7983,1488,2023-07-07 08:44:09,Darts
7984,2668,2023-05-23 15:34:13,interview World Cup
7985,2047,2023-02-13 15:46:52,documentary Super Bowl
7986,2275,2023-03-31 04:42:09,documentary Verstappen
7987,1108,2023-06-01 11:23:02,interview Football
7988,1140,2023-05-12 11:36:27,replay Williamson
7989,2735,2023-01-07 01:23:24,documentary Darts
7990,2773,2024-03-28 10:02:23,Joshua
7991,2375,2023-02-17 01:00:22,NFL
7992,2847,2023-01-31 09:49:42,full match F1
7993,2058,2023-08-25 18:38:10,highlights Lake Charlenechester 2024
7994,54,2023-06-05 22:01:58,documentary Hamilton
7995,313,2023-04-22 21:27:36,Football
7996,1705,2023-01-20 07:56:23,Berger
7997,2443,2023-02-13 09:39:06,interview Brady 2023
7998,950,2023-07-11 09:23:22,replay Hamilton
7999,2224,2023-12-17 21:40:32,replay Football
8000,2772,2023-06-02 21:08:12,documentary Mahomes
8001,1610,2023-11-11 08:47:36,interview World Cup
8002,1613,2023-01-27 20:53:35,full match Premier League
8003,2397,2024-03-19 16:36:34,Grand Prix
8004,1570,2024-03-20 08:05:35,interview Tennis
8005,2159,2023-02-11 20:43:27,interview Verstappen 2023
8006,253,2023-08-19 18:10:47,replay Champions League
8007,620,2024-02-25 06:15:29,documentary Verstappen
8008,2399,2023-11-11 20:32:45,Boxing
8009,2540,2024-03-20 00:13:01,documentary Verstappen
8010,2518,2023-05-04 22:05:31,Boxing
8011,1369,2023-05-20 22:47:44,Mayweather 2024
8012,2674,2023-02-12 00:15:35,replay Brady
8013,1869,2023-08-30 11:55:22,replay Joshua
8014,1338,2023-12-09 18:35:55,interview Brownshire
8015,2110,2024-03-25 06:04:16,Football
8016,1028,2023-08-19 08:30:31,documentary Super Bowl
8017,2127,2024-03-12 22:11:13,interview Grand Prix
8018,2593,2023-04-30 10:36:46,highlights Mayweather
8019,2765,2023-04-03 20:24:47,full match Mayweather
8020,2969,2023-05-28 13:35:24,documentary Brady
8021,2715,2023-02-22 06:49:47,documentary Super Bowl
8022,1012,2023-07-02 10:48:55,replay Darts
8023,2175,2023-02-03 06:29:11,highlights Boxing
8024,1655,2023-10-05 07:30:19,full match World Cup
8025,233,2023-01-09 03:53:56,replay Brady
8026,2488,2023-03-27 10:48:48,replay NFL
8027,416,2023-08-16 20:52:39,interview Mahomes
8028,1174,2023-12-23 00:10:43,highlights Super Bowl
8029,421,2023-01-31 21:07:05,documentary Verstappen
8030,1980,2023-12-16 02:36:12,full match Verstappen
8031,2231,2023-06-19 12:28:29,documentary Brady
8032,1929,2023-12-24 23:56:00,Grand Prix
8033,567,2023-12-18 15:40:07,interview Hamilton
8034,104,2023-09-29 16:30:27,NFL
8035,2620,2023-03-09 02:44:17,Mahomes
8036,2503,2023-08-05 10:12:10,highlights Blackburn
8037,24,2023-06-02 05:30:58,documentary Champions League
8038,2884,2023-08-29 07:22:27,interview Super Bowl
8039,2878,2023-07-04 11:01:04,full match Joshua
8040,2984,2023-04-12 07:16:24,documentary NFL
8041,1313,2023-03-14 15:03:00,replay Mayweather
8042,1006,2023-07-28 18:01:17,interview Champions League
8043,1106,2024-01-23 22:11:57,Premier League
8044,10,2023-02-19 16:58:02,Premier League
8045,270,2023-06-04 18:59:15,highlights NFL
8046,1460,2023-07-15 23:40:19,Mayweather 2024
8047,2883,2023-01-23 03:53:06,documentary Premier League
8048,1119,2023-07-19 15:40:09,Meppen
8049,2730,2023-09-08 03:03:31,Hamilton
8050,1319,2023-04-24 08:38:46,highlights Football
8051,2896,2023-05-02 01:53:59,replay Boxing 2023
8052,2700,2023-10-18 16:51:42,interview Boxing
8053,715,2023-05-13 14:04:40,highlights F1
8054,2771,2024-02-16 19:33:14,full match Tennis
8055,317,2024-03-28 06:28:41,replay Champions League
8056,2385,2023-05-28 22:36:54,interview Tennis
8057,2515,2023-12-28 15:01:48,F1
8058,2481,2023-04-15 08:47:29,highlights Football
8059,1655,2024-01-16 11:11:14,Super Bowl
8060,129,2023-07-24 06:32:31,full match Darts
8061,1203,2023-03-16 16:44:04,documentary Darts
8062,1393,2023-10-29 23:35:52,World Cup
8063,450,2023-01-14 20:16:55,replay World Cup
8064,410,2023-02-20 03:56:51,interview Football
8065,1754,2023-01-19 02:34:09,highlights Rathenow
8066,1709,2023-07-26 01:24:24,interview Grand Prix
8067,2664,2023-11-16 19:26:13,replay Joshua
8068,774,2024-01-16 21:42:25,Boxing 2024
8069,2679,2023-12-14 21:47:22,documentary Newman
8070,1476,2023-09-04 03:34:12,NFL
8071,89,2023-01-11 21:08:33,Football
8072,595,2024-02-27 22:54:54,Champions League
8073,1824,2024-02-28 01:04:01,replay World Cup
8074,433,2023-06-02 08:35:25,Smith
8075,2379,2023-05-07 10:36:55,highlights F1 2024
8076,2240,2024-03-25 19:39:39,Premier League
8077,87,2023-12-11 02:14:39,highlights Klotz
8078,614,2023-11-21 20:07:25,replay MMA
8079,718,2023-04-03 07:31:52,Smith
8080,563,2024-01-28 07:46:23,interview Premier League 2023
8081,704,2023-04-28 17:00:48,Tuckerfort 2023
8082,1622,2023-06-24 22:27:06,NFL
8083,399,2023-04-03 23:53:58,MMA
8084,2598,2024-01-15 11:23:09,full match Mayweather
8085,1596,2023-09-26 13:29:31,documentary World Cup
8086,1357,2024-02-28 13:38:27,documentary Champions League
8087,2471,2024-02-20 20:14:09,Mayweather
8088,2093,2023-04-26 08:04:19,interview MMA
8089,738,2023-08-29 16:06:12,documentary Jayneburgh
8090,1178,2023-02-10 10:58:57,highlights Darts
8091,1740,2024-01-29 19:27:51,full match Super Bowl
8092,461,2023-02-24 06:27:02,F1
8093,1348,2024-03-29 08:19:29,interview Darts
8094,2841,2024-02-19 09:34:22,documentary Verstappen
8095,1323,2024-02-10 20:25:40,documentary Verstappen
8096,926,2024-01-10 08:00:54,Football
8097,2043,2023-06-18 13:54:56,replay Plauen
8098,1671,2023-07-14 20:52:56,highlights Grand Prix
8099,2971,2023-10-11 11:02:25,full match Super Bowl
8100,2082,2023-12-10 22:34:54,documentary Mahomes
8101,645,2023-09-29 23:21:47,documentary Super Bowl
8102,442,2023-10-12 18:55:58,Brady
8103,538,2023-10-26 18:16:07,highlights NFL
8104,2006,2024-02-26 20:45:23,replay Brady
8105,1205,2023-10-30 00:15:54,highlights Super Bowl
8106,950,2023-08-25 15:50:52,full match Boxing
8107,1674,2023-01-15 03:48:50,highlights Brady
8108,779,2023-09-08 14:37:31,highlights World Cup 2024
8109,2523,2023-08-12 21:02:55,documentary NFL
8110,1862,2023-12-25 08:30:26,replay Tennis
8111,594,2023-04-04 23:21:04,replay Mayweather
8112,159,2023-10-27 09:43:25,interview Mayweather
8113,231,2023-03-30 10:43:19,highlights Verstappen 2023
8114,1793,2023-11-20 16:52:02,Mahomes
8115,2794,2024-02-28 04:39:40,replay MMA 2023
8116,1747,2024-01-24 09:18:51,interview NFL
8117,284,2023-12-09 17:23:57,Mahomes
8118,1921,2023-10-07 06:11:54,highlights Champions League
8119,7,2023-06-01 12:45:58,World Cup
8120,435,2023-05-30 14:29:41,documentary MMA
8121,500,2024-01-06 01:02:24,Grand Prix
8122,1568,2023-01-22 15:57:05,highlights NFL
8123,2420,2023-10-08 09:16:36,Super Bowl
8124,2458,2023-03-07 18:10:08,documentary Diaz
8125,2104,2023-12-08 03:16:28,highlights Brady 2023
8126,330,2023-12-17 14:14:08,highlights Smith
8127,2894,2023-08-05 20:10:42,Rogge
8128,2898,2023-07-15 20:02:37,Super Bowl
8129,549,2023-11-26 05:51:52,highlights Verstappen
8130,1362,2023-04-11 06:41:44,Wulf
8131,1517,2023-06-02 22:07:47,NFL
8132,2141,2023-01-21 14:43:33,MMA
8133,2447,2023-06-27 02:45:18,replay Champions League
8134,148,2023-04-03 10:13:33,full match Super Bowl
8135,703,2023-06-08 06:37:34,replay Mahomes
8136,708,2023-04-20 22:53:29,highlights Grand Prix
8137,909,2023-07-29 10:34:00,Brady
8138,1226,2023-03-12 12:45:45,Darts 2024
8139,535,2023-07-17 01:18:29,replay Grand Prix
8140,911,2023-02-12 00:58:31,NFL
8141,2871,2023-03-19 08:32:50,documentary F1
8142,797,2024-03-22 12:26:29,replay Brady
8143,185,2023-01-09 06:36:26,full match F1
8144,1759,2023-03-14 19:53:53,full match Franco
8145,52,2024-03-04 10:26:18,Mayweather
8146,2813,2023-03-18 13:08:17,documentary Brady
8147,2989,2023-02-25 15:18:05,documentary Scheel
8148,1192,2023-11-27 19:55:52,documentary Mayweather
8149,372,2023-12-15 20:15:52,full match Premier League
8150,2589,2024-03-06 01:02:04,highlights World Cup
8151,120,2024-01-24 03:53:36,highlights Champions League
8152,561,2023-01-11 17:50:45,Hamilton
8153,473,2023-10-20 10:11:36,documentary Premier League
8154,481,2023-11-28 15:18:03,highlights Kallert
8155,105,2023-06-10 22:49:29,replay NFL
8156,1096,2024-01-12 01:05:57,highlights Football
8157,1978,2023-02-28 11:31:43,interview Grand Prix
8158,2807,2023-07-15 12:44:21,highlights Mahomes
8159,1674,2023-12-06 19:31:04,highlights Grand Prix
8160,2010,2023-08-05 22:46:04,Hamilton
8161,1128,2023-08-16 19:52:31,Mahomes
8162,656,2023-09-23 07:54:12,NFL
8163,421,2023-09-30 12:57:55,documentary Joshua
8164,382,2024-01-28 03:21:42,replay Joshua
8165,380,2023-08-22 11:10:03,interview Super Bowl
8166,2245,2023-11-23 02:38:56,Regensburg
8167,644,2023-12-27 04:31:26,full match World Cup
8168,1478,2023-08-05 08:38:04,replay Grand Prix
8169,1462,2023-10-21 17:28:19,full match Mahomes
8170,2323,2024-01-29 00:22:58,full match NFL
8171,394,2023-09-11 17:46:27,documentary Knight
8172,112,2023-12-27 07:58:55,Champions League 2024
8173,2898,2024-01-05 05:41:33,full match Mahomes
8174,1944,2023-03-01 02:11:45,highlights Champions League
8175,1772,2023-07-18 13:55:12,Boxing
8176,2349,2023-11-14 15:18:01,Mayweather
8177,2382,2024-03-28 13:58:17,replay Lange
8178,1833,2023-08-10 13:35:58,documentary Mahomes
8179,1711,2023-06-09 23:01:21,replay Moore
8180,2584,2023-09-13 00:20:08,Football
8181,378,2023-12-24 08:56:43,interview Mayweather
8182,1763,2024-03-27 11:20:44,interview MMA 2023
8183,323,2023-10-06 13:38:12,replay F1
8184,957,2024-01-18 23:42:31,replay Joshua
8185,197,2023-03-17 22:13:06,full match Tennis
8186,2424,2023-08-26 23:11:46,full match NFL
8187,1837,2023-01-20 01:21:45,interview MMA
8188,483,2023-12-02 05:44:57,full match World Cup
8189,964,2023-01-06 18:31:56,replay Verstappen
8190,128,2023-04-28 02:01:45,interview Mahomes
8191,2157,2024-02-22 04:53:08,full match Tennis
8192,1471,2024-03-25 08:21:20,documentary Mayweather
8193,2199,2023-04-27 19:59:35,interview Champions League
8194,2295,2023-06-06 09:06:13,interview Super Bowl
8195,729,2023-08-25 08:48:13,full match Verstappen
8196,1335,2023-07-16 12:19:50,documentary Hamilton
8197,521,2023-06-27 15:33:50,replay Hamilton
8198,1524,2023-06-07 17:21:25,full match World Cup
8199,2193,2023-06-17 18:04:29,Joshua
8200,2889,2023-09-27 22:17:17,highlights Boxing
8201,2347,2023-11-10 07:05:46,highlights South Daniel 2024
8202,1969,2023-03-27 23:48:49,replay Premier League
8203,834,2023-01-27 22:41:31,replay Tennis
8204,497,2023-12-23 15:40:18,Football
8205,1904,2023-03-24 13:30:22,Hamilton
8206,1334,2023-02-08 23:51:55,Darts
8207,662,2023-01-31 19:59:29,interview Mahomes
8208,626,2023-12-26 22:55:50,Premier League
8209,2618,2023-07-16 17:24:26,Brady
8210,1795,2024-03-13 10:24:44,interview Verstappen
8211,83,2023-12-02 08:38:41,documentary MMA
8212,1755,2023-11-23 18:12:08,documentary NFL
8213,21,2023-07-27 09:07:02,full match Boxing
8214,1578,2023-08-24 19:52:14,interview Hamilton
8215,2802,2023-11-26 21:38:31,documentary World Cup
8216,2700,2023-09-13 05:31:20,full match Turner
8217,1355,2023-02-01 18:46:42,full match Boxing 2023
8218,1658,2023-07-12 15:36:08,Hamilton
8219,2590,2023-07-26 02:03:31,Grand Prix
8220,1895,2023-04-23 22:27:49,interview Tennis
8221,2936,2023-06-22 19:08:33,highlights MMA
8222,2415,2023-12-31 05:52:45,documentary F1
8223,397,2024-02-15 01:00:10,Verstappen
8224,1091,2023-04-01 17:00:39,Champions League
8225,2778,2023-10-14 10:10:19,replay Tennis
8226,1219,2023-01-18 06:38:03,Hamilton
8227,2159,2023-04-25 05:19:45,replay F1
8228,2349,2023-08-25 10:01:09,full match Boxing
8229,2396,2023-10-13 22:33:15,Darts
8230,1595,2023-09-19 17:25:17,documentary Verstappen
8231,2261,2024-02-15 17:32:47,documentary MMA
8232,1984,2023-02-24 18:56:09,full match Brady
8233,990,2023-09-12 23:41:27,highlights Mayweather
8234,1348,2023-10-14 02:25:31,F1 2024
8235,237,2023-09-15 23:56:46,F1
8236,338,2024-01-09 03:55:30,interview Brady
8237,137,2023-01-26 14:01:58,NFL
8238,1889,2023-01-30 11:04:32,Champions League
8239,807,2024-03-21 00:07:17,full match Verstappen
8240,196,2023-07-15 22:44:11,documentary Champions League
8241,1611,2023-08-12 05:07:58,Super Bowl
8242,2408,2023-06-06 01:48:41,highlights Grand Prix
8243,1331,2023-03-28 09:54:12,replay Darts 2023
8244,1612,2023-02-07 19:16:15,full match Boxing
8245,2404,2023-05-12 06:57:14,replay Mayweather
8246,1734,2023-06-27 23:55:06,replay Boxing
8247,1094,2023-07-03 19:39:40,replay Verstappen 2024
8248,2317,2023-02-04 04:11:42,documentary World Cup
8249,2867,2023-03-25 09:59:29,documentary Verstappen
8250,2077,2024-03-14 02:42:23,full match Brady
8251,200,2023-01-14 18:26:31,Premier League
8252,2077,2023-10-20 20:15:41,highlights Verstappen
8253,1292,2023-02-19 04:25:04,documentary NFL
8254,2129,2023-03-07 12:04:05,full match Darts
8255,560,2023-01-11 03:40:34,highlights NFL
8256,2801,2023-12-02 18:13:28,MMA
8257,2084,2023-02-27 23:24:52,interview Super Bowl
8258,374,2024-03-14 13:47:25,replay Brady 2024
8259,377,2023-10-31 08:02:56,replay Darts
8260,2239,2023-10-06 05:07:13,World Cup 2024
8261,650,2023-01-14 20:16:27,highlights Brandenburg
8262,2448,2024-03-04 13:26:46,replay Football
8263,2063,2023-06-02 12:34:13,Mahomes
8264,654,2023-02-15 02:38:28,interview Mahomes
8265,65,2023-08-21 16:45:37,full match World Cup
8266,2264,2023-02-10 09:44:40,replay NFL
8267,2520,2023-01-22 21:25:54,replay World Cup
8268,1684,2023-06-17 07:13:58,interview Super Bowl
8269,1549,2023-04-22 04:06:45,highlights Cottbus
8270,2809,2023-01-16 17:51:35,replay Carrberg
8271,1697,2023-09-03 03:59:19,replay Brown 2023
8272,2257,2023-08-26 02:20:12,documentary Premier League
8273,2449,2023-11-21 22:55:14,interview MMA
8274,2743,2023-05-18 09:18:02,interview Meganview
8275,2326,2024-01-24 06:06:05,replay Verstappen
8276,550,2023-11-30 05:51:27,highlights Joshua 2024
8277,2442,2023-04-26 15:54:12,full match Premier League
8278,2708,2023-07-27 16:47:27,highlights Super Bowl
8279,1034,2024-03-13 07:35:44,documentary MMA
8280,1305,2023-06-01 23:39:26,World Cup
8281,657,2023-04-04 06:27:40,documentary Tennis
8282,2890,2023-03-30 13:41:18,documentary Premier League
8283,1700,2023-10-25 15:10:38,NFL
8284,1765,2024-02-28 06:53:27,NFL
8285,407,2024-02-02 18:49:03,World Cup
8286,2701,2023-05-31 15:37:55,highlights Marktheidenfeld
8287,2553,2023-11-16 08:37:23,replay Premier League
8288,2414,2023-07-05 06:38:02,MMA
8289,1417,2024-03-08 00:51:29,replay Tennis 2024
8290,639,2023-02-06 16:20:52,documentary Football
8291,2316,2023-02-14 04:55:45,Walkerburgh
8292,2337,2023-05-08 21:36:35,interview Campbell
8293,1987,2023-03-03 18:45:43,Grand Prix
8294,194,2023-09-18 22:17:20,documentary F1
8295,742,2023-05-28 15:52:41,highlights Joshua
8296,1104,2023-12-05 10:06:19,documentary Mahomes
8297,1412,2023-03-06 19:55:35,F1
8298,270,2023-11-16 09:30:54,Boxing
8299,375,2023-04-06 11:11:40,highlights World Cup
8300,81,2024-01-21 12:25:32,interview Premier League
8301,228,2023-08-10 23:43:24,replay Football
8302,2513,2023-08-19 11:53:23,replay World Cup 2023
8303,86,2023-08-31 13:07:20,Lake Kevinberg
8304,1098,2023-03-04 18:14:50,highlights Port Diana 2023
8305,389,2023-04-28 14:51:21,Tennis
8306,1364,2023-04-24 03:26:21,highlights East Jeffrey
8307,718,2023-01-06 10:55:30,replay F1
8308,452,2023-08-04 15:54:06,highlights Mayweather
8309,243,2024-01-18 15:20:20,replay Grand Prix
8310,1938,2024-01-03 02:39:30,replay MMA 2024
8311,2877,2023-03-29 19:37:31,Verstappen
8312,930,2023-02-18 22:40:27,interview Verstappen
8313,1280,2023-01-29 03:28:54,Football
8314,907,2023-10-10 07:47:43,replay Boxing
8315,624,2023-11-15 20:20:47,documentary Brady
8316,2477,2023-07-08 09:12:51,full match Brady
8317,143,2023-01-31 03:30:18,Darts
8318,2857,2023-03-08 06:30:40,highlights Tennis
8319,2754,2023-05-08 03:06:19,replay Mahomes
8320,1260,2023-08-20 02:54:10,Joshua
8321,1232,2023-04-27 10:24:59,Premier League
8322,2020,2023-11-11 21:28:41,highlights MMA
8323,1224,2024-01-12 01:15:52,highlights NFL
8324,2478,2023-07-01 02:17:49,documentary Champions League
8325,662,2023-12-14 14:13:23,interview MMA
8326,1006,2023-08-27 03:14:10,interview NFL
8327,1333,2024-02-20 17:53:53,interview Joshua
8328,2256,2023-06-11 12:25:33,highlights MMA
8329,522,2024-03-03 20:24:41,Brady
8330,28,2023-05-21 22:11:24,documentary Champions League
8331,1530,2023-11-01 17:34:30,full match MMA
8332,1073,2024-02-05 07:58:06,highlights Mayweather
8333,2410,2023-08-03 13:24:49,replay Grand Prix
8334,2859,2024-03-18 12:23:16,documentary Joshua 2024
8335,2104,2023-11-10 03:41:15,Hamilton
8336,255,2024-03-30 10:58:09,replay Darts
8337,1740,2024-02-09 14:31:01,replay F1 2024
8338,2664,2023-05-17 10:11:16,World Cup
8339,502,2023-06-03 00:07:35,replay Hamilton
8340,2250,2023-09-29 08:38:26,full match Tennis
8341,429,2023-09-20 20:56:17,documentary South Debramouth
8342,387,2024-02-02 22:56:41,interview Stade
8343,1305,2023-12-31 04:39:30,Grand Prix
8344,2280,2023-04-09 23:11:53,documentary Boxing 2023
8345,2226,2023-07-24 19:26:48,documentary Hamilton
8346,758,2023-10-27 14:33:30,World Cup
8347,445,2023-01-22 23:25:59,highlights Grand Prix
8348,1442,2023-10-13 00:10:39,Darts
8349,2441,2024-02-25 16:48:42,highlights Brady
8350,828,2023-06-23 09:26:31,replay Grand Prix 2023
8351,1616,2023-10-12 02:53:54,Super Bowl
8352,1190,2023-10-03 10:11:07,F1
8353,1295,2024-01-03 18:26:06,Hamilton
8354,2105,2024-01-23 23:21:13,replay Mayweather
8355,582,2023-10-06 19:48:10,documentary Grand Prix
8356,1023,2023-02-23 05:23:17,highlights Verstappen
8357,2837,2024-01-19 16:37:02,full match Champions League 2024
8358,394,2024-03-08 22:59:38,replay Joshua
8359,1854,2023-04-01 12:17:56,highlights World Cup
8360,414,2023-10-14 17:12:24,interview Football
8361,2998,2023-10-13 11:20:06,documentary Football
8362,1915,2023-04-17 09:09:48,documentary Grand Prix
8363,2295,2023-09-27 20:57:47,Premier League 2024
8364,2160,2023-03-26 19:30:50,interview World Cup
8365,293,2024-02-17 20:59:59,Football
8366,586,2024-03-19 02:23:10,interview Darts 2023
8367,1144,2023-02-16 16:27:26,full match Boxing
8368,2178,2023-01-03 18:56:02,highlights MMA
8369,1393,2024-03-04 11:45:01,interview Mayweather 2024
8370,2034,2023-02-08 10:29:36,World Cup
8371,1440,2024-01-25 06:33:12,Adams
8372,172,2024-02-21 09:25:51,interview Tennis
8373,2276,2023-10-06 16:49:16,Pärtzelt
8374,2478,2023-03-15 13:20:22,highlights Boxing
8375,1389,2023-05-25 06:13:39,full match Boxing 2024
8376,154,2023-07-05 08:34:11,documentary Tennis
8377,1437,2023-11-04 18:00:51,NFL
8378,665,2024-01-09 15:50:14,full match Mayweather
8379,2461,2023-09-10 18:44:54,documentary Premier League
8380,46,2024-03-14 06:41:09,World Cup
8381,560,2023-11-13 00:04:34,interview Hamilton
8382,2188,2023-07-04 06:07:48,replay Super Bowl
8383,1676,2023-02-07 22:30:01,highlights Mayweather
8384,2135,2023-03-26 10:31:04,interview MMA
8385,893,2024-03-06 06:40:17,World Cup
8386,1817,2024-03-16 10:42:50,full match F1
8387,1590,2023-05-11 00:25:29,highlights Grand Prix
8388,2477,2023-04-26 11:30:22,highlights F1
8389,797,2023-02-17 06:00:47,highlights Perez 2024
8390,2244,2023-06-10 22:55:20,Champions League
8391,2413,2023-02-07 16:58:14,full match Champions League
8392,2737,2024-02-20 15:24:37,replay Super Bowl
8393,2209,2024-01-10 18:43:23,full match Mayweather
8394,2342,2023-02-01 06:00:47,highlights Iserlohn
8395,2057,2023-05-14 22:06:10,documentary Grand Prix
8396,819,2024-01-15 00:44:46,replay Joshua
8397,1750,2023-07-09 12:22:26,documentary Premier League
8398,88,2023-03-03 14:36:50,full match F1
8399,750,2023-04-28 22:28:02,highlights Rothborough
8400,1755,2023-10-09 04:21:47,highlights Football
8401,2082,2023-03-22 14:01:53,full match Tennis
8402,412,2023-06-26 10:35:09,Grand Prix
8403,2754,2023-03-31 19:02:14,interview Boxing
8404,1027,2023-10-23 16:13:31,interview NFL
8405,2519,2023-02-28 06:49:41,interview Brady
8406,255,2024-01-16 00:44:54,highlights Mayweather
8407,765,2023-09-22 17:17:22,Mahomes
8408,750,2024-01-05 07:59:05,documentary Joshua
8409,2185,2023-10-19 22:27:18,Verstappen
8410,1620,2023-08-14 08:15:45,highlights Vechta
8411,1498,2023-11-17 16:37:46,full match Premier League
8412,1324,2023-03-11 07:13:33,highlights Darts
8413,1237,2023-02-19 10:22:20,Darts
8414,695,2023-06-12 00:34:39,Tennis
8415,2571,2024-03-26 19:47:43,documentary Grand Prix
8416,1178,2023-04-10 07:41:13,replay Boxing
8417,2047,2023-10-29 00:05:18,Mayweather
8418,164,2023-03-02 13:54:32,documentary Tennis
8419,2542,2023-10-17 21:23:49,full match Brady
8420,2333,2023-06-24 12:25:14,NFL
8421,640,2023-02-27 14:39:48,documentary F1
8422,1571,2023-11-03 20:17:52,Brady
8423,972,2023-08-17 19:30:45,NFL
8424,1747,2023-03-21 20:09:07,highlights Champions League
8425,1641,2023-02-05 13:04:44,documentary MMA
8426,1757,2023-01-01 18:13:43,replay NFL
8427,2672,2023-08-24 10:36:09,replay Tennis 2024
8428,2361,2023-03-11 02:39:07,Mahomes
8429,2579,2023-02-01 04:37:50,documentary Champions League
8430,1703,2024-01-23 14:17:35,documentary Mahomes
8431,817,2023-03-18 14:04:16,replay Grand Prix
8432,2684,2024-01-24 09:08:21,Mayweather
8433,178,2023-11-20 11:14:31,full match Watson
8434,2579,2024-02-02 18:12:55,replay Hamilton
8435,467,2023-05-18 10:26:27,documentary Champions League
8436,2715,2023-05-31 18:50:31,documentary Hamilton 2024
8437,776,2024-02-24 04:59:46,Ball
8438,2805,2023-09-23 19:03:34,interview World Cup
8439,1171,2023-04-16 20:57:55,highlights Tennis
8440,2939,2024-01-28 05:43:46,Mayweather
8441,2892,2024-03-24 12:32:09,interview Radisch
8442,1977,2023-09-26 15:16:44,interview Mccarthy
8443,2348,2023-01-16 06:41:28,full match West Rebecca
8444,2971,2023-08-02 07:15:31,full match Mahomes
8445,2616,2023-02-20 21:41:30,Kraus
8446,2892,2023-10-02 17:01:02,full match Burton 2024
8447,2732,2023-06-28 05:29:09,Grand Prix
8448,263,2023-02-17 21:27:29,replay Richardson
8449,117,2023-04-14 19:46:23,full match Lawrence
8450,608,2023-03-24 16:48:32,Champions League
8451,1734,2023-04-02 14:21:47,replay Grand Prix
8452,1978,2023-09-13 21:14:50,documentary Tennis
8453,48,2023-10-24 16:41:16,World Cup
8454,180,2023-05-04 08:25:54,highlights Hamilton
8455,814,2023-11-13 09:07:37,highlights Brady
8456,1580,2023-08-21 04:57:51,highlights Gütersloh
8457,242,2023-01-08 23:37:07,Premier League
8458,1093,2024-02-18 07:30:58,Darts
8459,1051,2024-01-07 10:26:39,Lüdenscheid
8460,553,2023-01-21 07:26:17,documentary Grand Prix
8461,2789,2023-10-06 05:36:34,highlights NFL
8462,2952,2023-08-02 01:38:52,highlights Darts
8463,2192,2023-05-21 22:08:48,highlights Football
8464,2497,2023-10-09 07:31:23,replay Mayweather
8465,2315,2023-04-06 04:09:45,Brady
8466,1790,2023-01-13 17:24:36,interview Darts
8467,2414,2024-01-28 20:59:14,interview World Cup
8468,241,2023-01-04 15:51:16,full match Tennis
8469,1944,2023-04-24 06:22:26,highlights Mahomes
8470,1450,2023-08-03 16:42:59,highlights Mayweather
8471,1835,2023-02-09 20:17:10,interview Super Bowl
8472,398,2023-03-11 20:21:52,replay Tennis
8473,2827,2023-02-19 12:50:45,interview NFL
8474,1551,2024-03-19 05:07:28,Tennis 2023
8475,1866,2023-11-05 22:34:51,replay Joshua
8476,2186,2023-06-14 08:28:16,documentary Mahomes
8477,1911,2023-12-26 21:49:09,full match NFL
8478,485,2023-01-20 23:20:24,interview Grand Prix
8479,2423,2023-10-22 05:11:10,Hamilton
8480,425,2023-02-25 16:24:13,interview Premier League
8481,200,2023-05-23 13:18:35,replay Super Bowl
8482,833,2023-04-22 13:19:29,Football
8483,607,2024-01-14 22:06:55,Cooperview
8484,1103,2023-02-26 01:17:17,full match Loweside
8485,1986,2023-07-28 18:47:21,replay Darts
8486,634,2023-12-26 19:11:55,interview Nette
8487,1764,2023-09-12 01:37:51,replay Super Bowl
8488,2306,2023-03-18 19:06:15,highlights Super Bowl
8489,1613,2023-05-14 18:16:38,full match F1
8490,475,2023-08-26 17:40:45,full match Verstappen
8491,2180,2023-03-14 17:53:31,highlights Darts
8492,1534,2024-01-21 18:23:37,Football
8493,1877,2024-01-19 23:43:05,replay Mayweather
8494,1931,2023-06-19 14:09:26,Super Bowl
8495,2374,2023-07-14 06:17:33,Brady
8496,1963,2024-02-12 12:11:20,full match Premier League
8497,2327,2024-02-11 16:06:50,MMA
8498,1069,2023-05-04 17:48:09,replay Verstappen
8499,1679,2023-07-31 14:56:47,documentary NFL
8500,953,2024-01-21 22:06:55,replay Premier League
8501,1302,2023-08-09 23:39:30,Stewart
8502,2644,2024-03-29 08:48:37,full match Football
8503,1320,2024-01-24 21:58:29,full match Tennis
8504,1079,2024-02-02 07:40:02,Premier League
8505,546,2023-02-17 21:10:25,Hamilton 2023
8506,725,2023-06-17 17:04:45,full match MMA
8507,605,2023-11-15 14:23:19,interview Brady
8508,676,2023-03-29 07:43:42,full match Niesky
8509,2686,2024-01-08 09:20:14,documentary Premier League
8510,2654,2023-04-20 12:41:42,interview Super Bowl
8511,330,2023-07-11 18:01:17,interview Verstappen
8512,2828,2023-02-01 14:10:49,Mahomes
8513,2985,2024-01-11 21:11:56,MMA
8514,2522,2023-10-28 11:46:14,Coreyburgh 2024
8515,1763,2023-06-15 19:42:22,highlights Mayweather
8516,1823,2023-05-29 01:20:19,interview Brianmouth
8517,2713,2024-01-10 23:17:03,documentary Darts
8518,1702,2023-09-29 22:35:19,replay Boxing
8519,1724,2023-04-11 05:29:51,full match Brady
8520,286,2023-09-30 08:51:37,highlights Verstappen
8521,2446,2024-03-29 05:38:16,interview Tennis
8522,2572,2023-12-18 06:20:32,documentary Football
8523,2030,2024-01-20 07:04:15,replay Grand Prix
8524,2392,2024-03-21 23:14:11,replay Boxing
8525,512,2023-12-27 06:30:02,Football
8526,596,2024-03-15 10:36:00,documentary Brady
8527,124,2024-02-27 17:48:06,replay Boxing
8528,490,2023-12-04 09:55:50,full match Verstappen
8529,1580,2023-01-21 09:44:13,interview Champions League
8530,1515,2024-01-16 12:41:54,documentary Mahomes
8531,644,2024-03-10 17:37:42,replay Randall
8532,1339,2023-05-21 19:51:15,interview Premier League
8533,2664,2024-01-13 02:54:43,Football
8534,826,2023-11-20 07:13:24,Football 2024
8535,1883,2023-07-17 04:21:09,interview Joshua
8536,1964,2023-07-29 12:57:59,full match Mahomes
8537,2567,2024-03-30 06:19:04,World Cup
8538,1725,2023-07-22 02:20:23,replay Tennis
8539,260,2024-01-22 22:07:35,Grand Prix
8540,2585,2023-08-04 03:16:38,Verstappen 2023
8541,731,2023-03-25 20:10:28,interview Grand Prix 2024
8542,1652,2023-06-06 19:18:06,replay Mahomes
8543,2506,2023-11-03 10:34:06,highlights Tennis
8544,1334,2023-12-02 05:11:02,documentary Boxing
8545,810,2024-02-25 05:51:05,highlights Football
8546,1083,2024-02-13 07:29:43,Football 2023
8547,1501,2024-01-10 02:15:01,Tennis
8548,2577,2023-08-04 19:03:28,highlights Champions League 2023
8549,1555,2023-12-21 13:51:46,Mayweather
8550,118,2024-03-01 15:13:08,Champions League
8551,2955,2024-02-04 15:36:38,Premier League
8552,97,2023-05-02 06:53:10,documentary Football
8553,2461,2024-02-22 10:21:59,Tennis
8554,1243,2023-02-03 20:41:49,interview Tennis
8555,654,2023-06-26 10:18:36,replay Mayweather
8556,1219,2023-09-07 00:37:43,interview Grand Prix
8557,2250,2023-05-24 13:54:26,Super Bowl 2023
8558,414,2023-02-18 18:15:55,documentary Hodgson
8559,1208,2023-02-03 07:41:49,full match Mayweather
8560,2399,2023-02-02 18:55:29,replay Super Bowl
8561,1827,2024-03-01 10:41:39,documentary Freising
8562,820,2023-04-13 18:42:50,replay Football
8563,429,2023-05-21 12:54:09,replay F1
8564,2816,2024-01-16 20:02:10,highlights Darts
8565,514,2023-08-15 21:14:00,documentary Football
8566,622,2023-07-12 18:14:16,replay World Cup
8567,689,2023-03-23 20:55:08,Doherty
8568,2398,2023-07-08 09:15:05,highlights Tennis
8569,1045,2024-02-13 01:26:29,documentary Shepherd
8570,2274,2023-10-17 10:41:09,F1
8571,1298,2023-03-15 14:11:20,replay East Lewismouth
8572,857,2023-10-09 15:50:20,replay Mayweather
8573,1564,2023-06-21 03:39:32,full match Tennis
8574,1580,2023-10-03 13:00:42,NFL
8575,429,2023-02-10 04:06:47,documentary World Cup
8576,2335,2023-10-11 04:53:48,interview Darts
8577,1056,2023-07-07 02:24:09,Brady
8578,952,2023-10-30 18:19:50,highlights Joshua
8579,462,2023-01-08 18:57:07,highlights Verstappen
8580,1549,2024-02-24 05:35:46,replay Champions League
8581,2550,2023-02-11 09:16:47,full match Brady
8582,1467,2023-07-17 18:06:14,replay Hamilton
8583,1861,2023-11-01 09:18:31,MMA
8584,597,2024-03-04 08:49:53,highlights Premier League
8585,2687,2023-11-28 13:26:43,documentary Darts
8586,1708,2023-09-12 03:16:41,interview Premier League
8587,2073,2023-07-16 20:53:33,Darts
8588,1930,2024-02-05 09:14:44,Mahomes
8589,651,2023-07-20 11:39:52,full match Tennis
8590,1741,2023-07-16 14:36:30,interview Football
8591,2927,2024-02-16 18:39:39,interview World Cup
8592,1285,2023-09-23 23:43:46,interview Boxing
8593,648,2024-02-05 10:02:51,Mahomes
8594,2615,2024-03-14 07:15:00,replay South Davidport
8595,2565,2023-10-17 05:43:28,Brady
8596,1670,2024-03-06 22:16:57,interview Super Bowl
8597,400,2023-01-14 22:11:23,highlights Super Bowl
8598,2901,2023-11-24 09:01:42,interview Tennis
8599,903,2023-01-07 09:30:54,replay Darts
8600,215,2023-01-19 18:43:32,full match Joshua
8601,2988,2023-09-04 01:21:15,Football
8602,1293,2023-09-14 09:45:52,highlights F1
8603,1724,2023-07-16 02:44:09,documentary Mahomes
8604,80,2023-12-14 07:59:27,interview North
8605,611,2023-05-11 10:17:56,interview Champions League
8606,1909,2023-06-13 15:30:34,Super Bowl
8607,158,2023-08-15 05:04:04,Tennis
8608,1990,2023-08-07 06:44:21,full match F1 2024
8609,2490,2023-03-29 02:59:32,replay Champions League 2023
8610,1422,2023-09-26 01:43:10,replay F1 2023
8611,2857,2023-04-02 14:35:49,highlights Mahomes
8612,1049,2023-07-27 02:35:53,full match Joshua
8613,2455,2023-04-10 19:46:33,Hamilton
8614,1468,2024-01-05 01:36:43,Mayweather 2023
8615,2705,2023-02-19 22:14:19,interview F1
8616,2076,2023-05-10 07:08:50,highlights Grand Prix
8617,949,2023-11-17 16:58:11,Super Bowl
8618,1630,2023-03-28 05:22:02,full match World Cup
8619,980,2023-04-14 22:37:45,replay Tennis
8620,1228,2024-01-13 06:37:57,replay NFL
8621,2777,2024-03-24 12:11:11,Grand Prix
8622,2341,2023-02-11 23:04:04,highlights Brady 2024
8623,803,2023-07-11 04:23:12,replay Boxing
8624,1089,2023-03-05 21:14:52,highlights Joshua
8625,1201,2023-08-16 05:56:50,highlights Verstappen 2023
8626,2571,2023-12-14 21:59:35,NFL
8627,1176,2023-03-08 14:08:22,full match Joshua
8628,1691,2023-07-30 09:11:08,replay Stephensonfurt 2024
8629,159,2024-02-21 18:11:27,Boxing
8630,2045,2024-02-14 11:30:08,Darts
8631,1772,2023-01-08 20:32:32,documentary Darts
8632,371,2024-01-13 09:40:28,interview Port Michael
8633,1276,2023-04-13 01:24:48,highlights Boxing
8634,2950,2024-02-05 10:40:20,Premier League
8635,589,2023-06-01 21:50:46,Brady 2023
8636,2669,2023-02-01 13:20:51,Darts
8637,427,2024-03-18 21:19:31,highlights Lambert
8638,963,2024-03-16 20:22:50,Price
8639,2712,2023-12-26 14:35:54,documentary Tennis
8640,426,2023-02-27 14:54:39,Verstappen
8641,110,2024-02-23 01:10:25,Premier League
8642,1555,2023-09-29 13:26:06,highlights Brady
8643,745,2023-02-13 16:05:36,documentary Hamilton
8644,303,2023-09-29 05:01:46,Super Bowl
8645,2206,2023-12-07 13:33:11,full match Brady
8646,105,2024-02-08 15:10:00,full match Boxing
8647,2476,2023-09-28 04:51:21,replay Darts
8648,2618,2024-02-10 07:59:09,Mahomes
8649,2157,2023-08-12 01:23:50,Super Bowl
8650,1211,2023-08-26 13:05:24,highlights F1
8651,2498,2023-08-08 18:25:22,interview Verstappen 2024
8652,2178,2023-02-20 12:12:22,highlights Port Terry
8653,2694,2023-01-18 22:21:56,interview F1
8654,2048,2024-03-15 08:24:03,documentary Joshua
8655,1973,2023-02-15 22:28:37,documentary Super Bowl
8656,1901,2023-04-25 00:50:57,documentary Super Bowl
8657,793,2023-12-21 13:02:46,Premier League
8658,702,2023-09-21 05:58:50,interview Brady
8659,875,2023-04-07 21:45:06,full match World Cup
8660,2257,2023-06-21 01:11:59,Mayweather
8661,2497,2023-03-13 11:19:04,Tennis
8662,2480,2024-03-20 02:07:56,full match Tennis
8663,1978,2023-03-31 10:02:31,highlights Darts
8664,2131,2023-04-08 18:53:33,highlights Grand Prix
8665,1370,2024-03-03 16:10:13,replay Mayweather
8666,2957,2023-05-27 12:11:44,full match Champions League
8667,1641,2024-03-09 07:17:25,interview F1
8668,1856,2023-02-20 12:19:27,interview Super Bowl
8669,2663,2023-12-17 11:57:21,replay Brady
8670,1424,2024-01-27 14:15:05,replay Mende
8671,2956,2023-10-19 09:45:35,interview Christoph
8672,2056,2023-05-02 11:51:17,full match Champions League
8673,452,2023-05-12 16:05:10,documentary Mayweather
8674,2315,2023-11-30 00:50:48,full match World Cup
8675,1758,2023-09-10 12:41:22,full match Football
8676,1719,2024-01-13 08:12:38,Grand Prix
8677,638,2024-01-05 03:26:17,highlights Darts
8678,1705,2023-09-28 22:41:42,Football
8679,1364,2023-05-25 12:27:35,interview Hamilton
8680,625,2024-02-25 10:02:18,interview Mahomes
8681,573,2023-07-14 00:24:14,highlights Premier League
8682,985,2023-02-02 09:43:05,documentary Mahomes
8683,1708,2023-10-03 20:23:43,MMA
8684,127,2023-03-08 10:34:13,full match NFL
8685,1209,2023-06-13 17:06:07,full match Darts
8686,2175,2024-02-02 23:03:58,documentary Super Bowl
8687,1958,2024-03-10 11:52:47,documentary Brady
8688,1630,2023-05-18 11:36:15,Darts
8689,2322,2023-11-28 14:47:02,full match NFL
8690,2971,2023-06-19 00:09:31,full match F1
8691,1371,2023-04-02 01:39:36,Brady
8692,2444,2023-02-02 00:45:03,Tennis
8693,1516,2023-09-15 19:47:02,interview NFL
8694,1692,2023-05-20 00:20:18,Mayweather
8695,2357,2023-10-05 23:29:03,Joshua
8696,2248,2023-10-14 04:53:06,interview Football
8697,242,2023-10-14 05:50:19,interview Joshua
8698,2094,2023-10-16 10:12:40,full match Dawson
8699,1487,2023-05-24 04:19:08,full match New Christian
8700,1107,2023-05-30 05:10:33,Mayweather
8701,2874,2024-02-26 02:35:52,replay Mayweather
8702,1151,2023-11-19 23:13:47,replay Football
8703,550,2023-04-12 22:38:10,highlights North Jennifer
8704,1506,2023-12-10 17:27:51,full match World Cup
8705,2809,2023-03-01 16:39:57,full match Brady
8706,338,2023-10-09 03:04:54,documentary Joshua
8707,1607,2023-10-30 15:42:00,interview NFL
8708,283,2023-05-01 20:24:43,interview Premier League
8709,976,2023-08-06 18:21:19,MMA 2023
8710,2646,2023-12-31 22:51:39,Mayweather
8711,1292,2024-03-23 01:36:35,highlights Grand Prix
8712,2827,2023-02-28 11:16:16,highlights Grand Prix
8713,2055,2024-01-30 03:09:19,full match Champions League
8714,2517,2023-11-08 05:49:10,Joshua
8715,140,2024-02-05 01:17:57,Joshua
8716,2573,2024-01-30 09:35:53,interview Mahomes
8717,615,2024-01-04 14:55:44,replay World Cup
8718,972,2023-12-05 17:40:50,Football 2023
8719,273,2024-03-23 07:52:35,interview Boxing
8720,1017,2023-05-19 20:13:31,highlights World Cup
8721,1321,2023-08-25 18:00:38,highlights Tennis
8722,1220,2024-02-24 23:57:19,Champions League 2023
8723,2795,2023-04-27 02:32:24,replay Joshua 2024
8724,1902,2023-02-27 19:17:44,highlights Hamilton
8725,2750,2023-01-16 18:22:17,full match Mayweather
8726,1394,2024-02-22 00:58:17,Jones
8727,1093,2023-04-04 02:25:16,highlights Tennis
8728,2587,2023-04-25 19:31:23,documentary Grand Prix 2024
8729,759,2024-03-24 19:28:37,interview Boxing
8730,1683,2023-06-16 12:05:22,interview Hiller
8731,167,2023-03-10 07:32:33,Mahomes
8732,140,2023-01-28 20:16:22,full match Darts
8733,2353,2023-07-30 16:27:17,World Cup
8734,1671,2023-08-14 23:17:10,interview Hamilton
8735,2862,2023-08-17 03:19:46,documentary East Danielview
8736,1998,2023-08-11 11:55:56,Premier League
8737,2386,2023-05-29 11:36:11,replay Brady
8738,2450,2024-01-20 22:11:06,highlights Brady 2024
8739,595,2023-06-02 08:05:17,replay Darts
8740,381,2023-11-01 02:36:48,NFL
8741,1190,2023-11-19 07:57:20,Darts
8742,2375,2023-04-19 09:18:28,North Amyton
8743,2187,2024-01-14 12:44:07,Boxing
8744,448,2023-05-11 20:17:23,replay Premier League
8745,1591,2023-10-29 16:42:45,full match Boxing
8746,1139,2023-11-15 09:48:01,interview Super Bowl
8747,2794,2023-02-24 16:41:34,highlights Grand Prix
8748,852,2023-10-23 19:10:30,Hamilton
8749,1466,2023-09-05 15:14:11,Brady
8750,592,2024-02-27 21:50:59,documentary South Anthony
8751,2187,2024-03-14 05:35:17,full match Grand Prix
8752,280,2023-10-26 05:51:34,documentary MMA
8753,2701,2023-11-01 00:51:04,full match Boxing
8754,2489,2023-08-17 06:17:31,Grand Prix
8755,1582,2024-02-16 03:23:51,documentary Boxing
8756,343,2023-09-19 05:02:43,documentary Hamilton
8757,402,2024-03-07 13:20:44,replay MMA
8758,1436,2023-07-01 18:27:53,Hamilton
8759,758,2023-03-28 16:28:11,full match Super Bowl
8760,2910,2023-08-14 21:21:50,replay Verstappen
8761,36,2024-03-01 01:20:49,Champions League
8762,2815,2023-07-18 00:49:25,Champions League
8763,1224,2023-03-01 15:53:36,Football
8764,270,2023-01-01 19:56:14,Football
8765,2257,2023-06-18 05:27:55,documentary Mayweather
8766,586,2023-03-06 10:08:04,replay Brady
8767,1043,2023-11-09 01:25:31,Darts
8768,328,2023-01-16 16:37:38,replay Champions League
8769,408,2024-03-11 07:06:22,documentary Joshua
8770,1527,2023-10-26 17:32:15,interview Champions League
8771,1914,2023-01-17 07:23:22,highlights Johnstad
8772,2799,2023-09-28 19:19:38,Mayweather
8773,2284,2024-01-09 03:35:27,documentary Taylor 2023
8774,1649,2023-11-14 00:49:54,Football
8775,1773,2023-10-11 05:38:34,highlights Champions League
8776,1444,2023-12-15 15:49:00,Herzberg
8777,1227,2023-12-18 07:51:56,replay Mahomes
8778,1386,2023-08-21 20:45:07,full match Hamilton
8779,352,2023-02-05 12:17:05,full match Tennis
8780,107,2024-03-06 00:34:56,replay Mans
8781,2959,2023-04-19 16:57:56,Football
8782,2438,2023-01-07 20:54:37,documentary Champions League
8783,1423,2023-09-11 07:36:29,highlights Champions League
8784,510,2023-08-07 13:14:52,full match Tennis
8785,1892,2023-04-15 00:18:00,highlights Grand Prix
8786,1134,2023-10-31 16:41:21,interview Premier League
8787,941,2024-03-01 01:24:37,documentary Hamilton
8788,134,2023-11-22 21:54:01,highlights Super Bowl
8789,2614,2023-12-03 22:50:51,Joshua
8790,1273,2023-02-13 06:52:11,documentary Boxing
8791,150,2023-09-06 10:59:12,NFL
8792,1402,2023-10-01 06:35:23,documentary World Cup
8793,1793,2023-09-07 17:32:55,interview World Cup
8794,936,2023-08-19 00:22:53,Brady
8795,2190,2023-04-21 20:36:19,full match Mahomes
8796,674,2023-03-11 08:52:31,replay Verstappen
8797,734,2023-12-08 18:14:51,highlights Mayweather
8798,991,2024-01-12 20:17:46,Grand Prix
8799,2533,2024-02-28 17:00:58,replay Joshua
8800,390,2023-03-22 08:52:50,replay Hamilton
8801,1958,2023-05-26 06:13:39,interview Tennis
8802,1200,2023-11-06 17:21:29,documentary Mayweather
8803,1,2023-02-05 01:23:30,interview F1
8804,1350,2023-04-03 21:37:30,highlights Mayweather
8805,1247,2023-09-21 18:42:28,Tennis
8806,1940,2023-04-12 04:41:18,replay Premier League 2024
8807,915,2023-10-15 20:19:02,documentary Verstappen
8808,2749,2024-01-03 04:21:07,highlights Boxing
8809,2654,2023-03-01 03:40:46,documentary World Cup
8810,625,2023-03-14 01:09:09,replay Verstappen
8811,1869,2023-02-25 16:07:07,full match Tennis
8812,1191,2023-02-04 12:43:51,interview F1
8813,2610,2023-04-27 09:22:24,interview World Cup
8814,1564,2024-02-03 15:17:05,full match Hamilton 2024
8815,1523,2023-05-20 17:52:12,interview Grand Prix
8816,2234,2023-03-28 14:06:40,interview Super Bowl 2023
8817,2117,2024-01-25 00:53:03,full match Brady
8818,538,2023-08-01 17:32:46,Football
8819,1265,2023-02-13 08:43:42,Darts
8820,1811,2024-02-02 06:40:59,full match Darts
8821,2907,2023-01-21 12:05:34,Hamilton
8822,1472,2023-10-25 11:34:12,Grand Prix
8823,1316,2023-08-12 21:58:20,replay World Cup
8824,2205,2023-08-14 14:20:03,documentary NFL
8825,274,2023-09-07 18:12:15,interview Boxing
8826,191,2024-01-15 22:58:38,full match North Kirsty
8827,1972,2023-07-28 19:06:00,replay Tennis
8828,291,2024-03-17 13:02:32,highlights Joshua 2024
8829,1247,2023-05-05 08:07:00,highlights Verstappen
8830,1376,2023-03-03 05:12:07,documentary Mayweather
8831,89,2024-03-15 12:56:13,full match Super Bowl
8832,2409,2023-04-26 22:34:04,full match Tennis 2023
8833,221,2024-02-18 01:21:26,documentary NFL
8834,1285,2024-01-19 14:16:33,full match Mahomes
8835,482,2024-03-07 02:04:53,documentary F1
8836,547,2023-10-03 00:28:14,interview Mahomes
8837,411,2023-01-03 08:08:33,interview Verstappen
8838,368,2023-06-11 08:43:36,full match Verstappen
8839,1439,2023-02-01 22:27:06,MMA
8840,692,2023-11-11 01:07:00,Football
8841,1204,2023-06-13 18:17:50,Mahomes
8842,2496,2023-09-28 18:48:29,replay Joshua
8843,596,2023-05-31 05:58:17,documentary Champions League
8844,285,2023-06-08 05:44:18,interview Boxing
8845,430,2024-03-13 02:37:09,full match Premier League 2024
8846,1127,2024-01-03 23:39:01,documentary Premier League 2023
8847,72,2023-07-28 20:13:25,interview Champions League
8848,1714,2023-03-16 15:46:57,interview Tennis
8849,2992,2023-08-16 08:25:54,Verstappen
8850,994,2023-08-30 16:15:05,documentary Mahomes
8851,358,2023-05-29 15:42:35,interview Football
8852,29,2023-05-23 12:01:14,interview Brady 2023
8853,992,2023-10-11 14:51:56,full match MMA
8854,2548,2023-03-01 11:58:58,highlights Mitschke
8855,2437,2023-06-21 08:29:42,interview Super Bowl
8856,478,2024-02-17 02:23:37,replay World Cup
8857,744,2023-02-08 09:21:09,Steinberg
8858,1251,2023-04-13 20:54:07,replay Football 2024
8859,649,2024-03-14 05:50:29,replay F1
8860,672,2023-03-03 02:46:13,interview Darts 2024
8861,145,2023-09-03 19:59:11,full match Tennis 2023
8862,2300,2023-12-17 21:53:48,full match NFL
8863,1028,2024-02-26 07:37:06,Super Bowl
8864,254,2024-02-07 08:55:03,documentary MMA
8865,1918,2024-02-28 08:08:13,Tennis
8866,1058,2023-09-15 17:27:13,interview Brady
8867,704,2023-09-24 19:14:19,highlights Football
8868,302,2023-08-30 19:15:20,documentary Joshua
8869,1910,2023-11-30 00:47:35,NFL
8870,409,2023-02-06 02:23:03,interview Darts
8871,2329,2024-03-06 21:19:17,full match Tennis
8872,283,2023-08-03 04:35:03,interview World Cup
8873,1212,2023-07-29 20:49:48,full match Mayweather
8874,539,2023-02-02 01:46:39,replay Darts
8875,1356,2023-10-24 10:14:25,Boxing
8876,1640,2023-05-22 16:13:16,Darts
8877,706,2023-10-26 04:44:46,interview Seanmouth
8878,595,2023-08-28 07:50:42,full match F1 2023
8879,1551,2023-06-07 00:44:49,NFL 2024
8880,408,2024-03-15 14:47:37,replay Boxing 2024
8881,1957,2023-02-13 22:03:22,replay Super Bowl
8882,2408,2023-08-03 06:57:59,documentary Darts
8883,1134,2023-05-11 08:58:18,full match Verstappen 2023
8884,1643,2024-02-17 03:55:36,interview Tennis
8885,2233,2023-04-06 21:22:16,North Thomas 2024
8886,666,2023-05-17 05:19:50,highlights Football
8887,772,2023-10-23 02:05:52,full match World Cup 2024
8888,187,2023-05-12 12:13:02,interview Wilsonchester
8889,1858,2023-07-28 08:58:19,interview Joshua
8890,54,2023-06-12 09:26:56,replay MMA
8891,803,2023-04-27 20:17:44,highlights Mahomes
8892,1041,2023-06-06 23:19:27,highlights Premier League
8893,1231,2023-06-09 15:36:30,replay Boxing
8894,2649,2024-02-12 04:32:12,interview NFL
8895,87,2023-06-24 04:45:26,replay Boxing
8896,497,2023-05-02 15:02:21,Boxing
8897,143,2023-05-01 11:46:24,East Paulhaven
8898,1689,2023-12-12 02:24:29,interview Mayweather
8899,193,2023-04-23 10:31:00,Champions League
8900,1322,2023-08-28 19:22:35,documentary Verstappen
8901,276,2023-02-10 23:43:48,highlights Brady 2024
8902,2089,2023-04-21 06:03:05,Davis
8903,748,2023-06-27 09:10:38,replay NFL 2023
8904,1648,2023-11-03 17:14:38,replay Darts
8905,521,2024-01-14 08:04:10,Joshua
8906,343,2024-01-06 10:04:20,documentary F1
8907,2961,2023-08-16 03:25:59,documentary Tennis
8908,2775,2023-06-11 09:20:46,interview Hamilton
8909,2669,2023-04-22 18:35:31,highlights World Cup
8910,2865,2024-03-25 16:49:00,Mayweather
8911,515,2023-10-25 11:31:45,interview Joshua
8912,728,2023-10-22 01:36:05,full match Regensburg
8913,53,2023-10-14 10:23:52,highlights Boxing
8914,229,2023-06-22 05:20:34,documentary F1
8915,570,2023-09-05 14:45:45,documentary Football
8916,728,2024-03-03 07:31:29,highlights Mayweather
8917,2720,2023-04-13 09:17:04,Boxing
8918,2991,2023-07-14 16:19:21,MMA
8919,252,2023-09-14 14:59:29,interview Football
8920,1548,2024-02-15 10:16:57,documentary Grand Prix 2023
8921,1220,2023-07-29 16:40:39,Super Bowl
8922,2454,2023-10-25 07:23:26,highlights Boxing
8923,916,2024-01-18 08:39:15,interview Football
8924,2490,2023-08-26 22:09:57,replay Young
8925,2485,2023-12-07 18:34:01,Tennis
8926,1578,2023-07-10 03:27:30,interview Hamilton 2023
8927,262,2023-04-29 07:45:37,highlights Keithfurt
8928,850,2024-03-07 02:15:55,interview Tennis
8929,1975,2023-12-13 03:33:12,Tennis
8930,829,2023-11-16 03:59:47,Champions League
8931,781,2023-02-13 01:29:26,Football
8932,1039,2023-12-15 11:20:03,interview Brady
8933,1849,2023-07-07 17:09:52,interview Boxing
8934,760,2023-07-15 19:33:47,Football
8935,2739,2023-02-12 21:08:40,documentary Verstappen
8936,869,2023-07-04 08:54:05,full match Grand Prix
8937,600,2023-01-06 18:47:14,Heinz
8938,859,2023-11-01 16:26:42,highlights Champions League
8939,314,2023-12-22 05:14:10,replay Verstappen
8940,628,2024-01-23 01:08:11,Champions League
8941,2929,2024-02-19 07:12:45,highlights Premier League
8942,1533,2023-09-15 15:24:18,replay Champions League
8943,2929,2023-07-27 13:16:11,Hamilton
8944,1386,2023-04-04 06:51:50,interview MMA
8945,702,2023-11-26 15:44:06,highlights NFL
8946,916,2023-04-24 02:34:44,highlights Champions League 2023
8947,456,2023-10-25 20:57:06,full match Champions League
8948,2547,2023-11-07 19:45:33,replay NFL
8949,365,2023-11-17 21:06:12,full match World Cup
8950,941,2023-09-02 21:12:50,full match Darts
8951,775,2023-05-12 22:30:56,full match Joshua
8952,2109,2023-04-17 23:48:31,replay Verstappen
8953,1162,2023-10-29 13:17:35,full match NFL
8954,1132,2023-01-12 01:04:49,highlights Krein
8955,2413,2023-04-20 05:11:49,Joshua
8956,2452,2023-12-24 19:40:04,Schwarzenberg 2023
8957,2140,2023-08-18 17:16:29,Pearson
8958,2519,2023-05-13 09:43:40,full match Champions League
8959,2022,2023-08-17 16:58:55,interview MMA
8960,995,2024-03-26 19:47:59,Football
8961,2180,2024-01-01 12:49:28,highlights Premier League
8962,1490,2024-02-06 03:46:22,highlights Champions League
8963,154,2023-08-23 07:17:00,documentary Mayweather
8964,2413,2023-06-08 09:14:33,Joshua
8965,2729,2024-01-15 01:58:01,Tennis 2023
8966,1899,2023-10-06 07:28:21,highlights Football
8967,247,2023-08-20 01:03:58,highlights Boxing
8968,45,2023-03-02 03:32:03,World Cup 2024
8969,1451,2024-02-06 10:19:27,Champions League 2023
8970,1787,2023-08-07 23:11:03,Hamilton
8971,573,2024-02-26 16:09:29,documentary Tennis
8972,2190,2023-12-07 04:31:07,documentary Ritter
8973,2706,2024-03-14 00:39:30,replay Super Bowl
8974,2010,2023-05-15 08:54:54,full match Verstappen
8975,602,2024-03-18 13:32:07,interview Boxing
8976,1624,2023-01-07 02:22:27,interview NFL
8977,2092,2023-09-21 05:05:57,full match Tennis
8978,2757,2024-02-17 22:09:06,full match World Cup
8979,322,2023-07-14 21:37:11,interview Mahomes
8980,1177,2023-06-09 06:15:21,documentary Mayweather
8981,1687,2024-01-20 16:07:35,Football
8982,681,2023-01-08 06:47:37,Verstappen
8983,639,2023-03-05 06:47:11,replay Hamilton
8984,1405,2023-12-06 17:47:12,replay MMA
8985,1402,2023-08-30 15:48:46,highlights MMA 2024
8986,1362,2024-02-08 07:17:46,full match Jonesstad
8987,632,2023-12-26 22:14:17,highlights Mahomes
8988,2217,2023-04-12 12:25:25,highlights Verstappen
8989,1049,2023-04-26 07:26:02,Super Bowl
8990,1497,2024-01-15 14:00:51,highlights Boxing
8991,1664,2024-01-30 03:19:48,documentary F1
8992,245,2023-09-11 15:56:55,interview Hamilton
8993,914,2023-07-24 14:26:46,World Cup
8994,1720,2023-02-02 01:27:13,full match Grand Prix
8995,1822,2024-02-27 02:00:37,replay Mahomes
8996,274,2024-01-31 21:40:41,Mayweather
8997,2645,2023-01-04 08:49:39,Super Bowl
8998,1376,2023-04-09 20:29:58,documentary Darts
8999,6,2023-05-22 10:21:47,replay Super Bowl
9000,954,2023-11-04 23:21:26,Tennis
9001,2865,2023-04-02 06:27:29,replay Premier League
9002,2168,2024-01-25 00:42:36,interview Brady
9003,1223,2024-03-01 21:59:14,documentary Boxing
9004,2690,2023-10-20 23:43:36,replay Verstappen
9005,1666,2023-03-23 18:14:54,interview F1
9006,804,2023-07-16 20:56:47,Darts
9007,174,2023-01-02 12:48:09,interview Grand Prix
9008,2125,2024-01-10 05:53:12,Mahomes
9009,2983,2023-06-13 16:27:01,replay Lake Gillian
9010,1490,2023-10-27 03:57:03,Champions League
9011,2204,2023-11-18 01:08:55,full match F1
9012,2441,2023-11-09 22:18:38,replay Premier League
9013,347,2023-03-22 00:00:52,F1 2023
9014,274,2023-02-11 02:09:17,documentary Mayweather
9015,2769,2023-01-07 13:42:51,Tennis
9016,136,2023-10-25 22:17:50,interview Brady
9017,1551,2024-03-13 16:40:57,Tennis
9018,2101,2023-08-09 15:21:39,full match NFL
9019,911,2023-05-19 00:31:40,full match Boxing
9020,370,2024-02-10 22:02:53,documentary MMA
9021,166,2023-10-17 10:26:07,Grand Prix 2024
9022,2645,2024-02-12 13:52:00,highlights Boxing
9023,71,2023-07-19 01:09:18,interview Hamilton 2024
9024,707,2023-01-20 04:20:00,Hamilton
9025,849,2023-03-30 23:56:40,highlights Tennis
9026,1488,2023-01-08 03:00:28,highlights Grand Prix
9027,1955,2024-01-09 22:30:37,highlights Boxing 2024
9028,819,2023-03-30 15:50:25,Boxing
9029,48,2024-01-25 01:27:14,full match Tennis
9030,622,2024-03-20 21:07:19,full match MMA
9031,1512,2023-09-28 04:53:48,full match NFL
9032,783,2023-10-22 10:17:31,Joshua
9033,364,2023-11-21 14:39:51,Grand Prix
9034,1528,2023-08-04 03:18:58,full match Champions League
9035,1739,2023-01-13 07:13:37,Mayweather
9036,2249,2023-01-10 13:21:56,interview Mayweather
9037,1893,2023-09-29 06:22:50,documentary Berlin 2023
9038,1574,2023-06-01 23:16:46,Brady 2023
9039,1420,2024-01-11 10:40:08,documentary Mayweather
9040,2293,2024-03-20 04:57:55,documentary MMA
9041,885,2023-04-23 19:15:02,full match Hamilton
9042,953,2024-03-20 04:05:38,highlights Hamilton
9043,1674,2023-05-16 14:04:34,Champions League
9044,658,2023-02-27 01:27:39,F1 2023
9045,128,2023-12-20 15:41:06,replay Grand Prix
9046,1360,2023-04-20 05:47:54,full match NFL 2024
9047,2712,2024-02-22 19:36:34,replay Grand Prix
9048,2697,2024-02-19 20:29:52,highlights Boxing 2024
9049,2395,2023-10-16 00:02:21,full match Champions League
9050,1099,2024-03-04 16:56:02,highlights NFL
9051,2146,2024-03-30 21:24:30,replay Premier League
9052,297,2023-11-25 13:40:56,replay Illertissen
9053,36,2023-05-17 04:15:47,highlights Boxing
9054,2058,2023-05-13 06:29:13,full match Tennis
9055,1484,2024-01-14 08:35:09,Brady
9056,1718,2023-12-10 12:22:46,Super Bowl
9057,2560,2023-07-17 06:38:30,replay Football
9058,2009,2023-05-07 04:55:13,highlights MMA
9059,1783,2023-04-15 02:46:49,documentary Mahomes
9060,2539,2023-12-14 10:45:12,interview Super Bowl
9061,656,2023-08-14 19:50:03,full match Tennis
9062,2730,2023-10-29 13:14:49,full match Brady
9063,1455,2024-02-20 21:15:24,Hamilton 2023
9064,266,2023-03-01 06:15:32,full match Mahomes
9065,1914,2023-11-14 01:06:21,interview Darts
9066,1453,2024-03-16 21:15:28,highlights Premier League
9067,2079,2023-08-19 01:09:29,interview MMA
9068,425,2024-02-15 06:34:54,Darts
9069,603,2023-04-15 06:24:57,replay Darts
9070,312,2023-08-17 07:14:25,interview Mahomes
9071,1139,2024-03-13 16:26:40,interview Hamilton
9072,356,2023-04-17 11:18:27,highlights Darts 2023
9073,2670,2023-08-28 00:12:18,Weimer
9074,2859,2023-07-05 16:55:46,highlights Joshua
9075,2387,2023-05-01 05:04:27,interview Schmidt
9076,1345,2023-06-10 11:14:28,replay Joshua
9077,2432,2023-12-03 11:44:24,full match Football
9078,137,2023-09-24 10:31:29,Super Bowl
9079,1444,2023-08-04 12:20:35,Grand Prix
9080,875,2023-05-24 01:39:00,Mahomes
9081,561,2023-06-24 16:36:08,MMA
9082,2306,2023-04-19 15:59:54,full match Boxing
9083,1259,2023-03-15 06:40:32,replay Boxing
9084,59,2023-02-27 10:00:04,interview Premier League 2023
9085,1168,2023-09-15 17:09:40,replay Joshua
9086,268,2023-03-15 14:52:57,full match Super Bowl
9087,2888,2024-02-17 15:42:59,interview Thompson
9088,1228,2023-12-24 04:45:08,full match Frankmouth
9089,1655,2023-08-17 05:41:19,interview Boxing
9090,275,2023-09-03 12:26:37,Verstappen
9091,1573,2023-06-18 13:50:11,Super Bowl
9092,1181,2024-01-09 17:47:09,full match Mayweather
9093,2061,2023-09-11 02:23:31,full match Boxing
9094,1775,2023-08-02 11:32:10,interview Hamilton
9095,796,2023-06-24 10:52:43,full match Verstappen
9096,656,2023-11-04 13:24:00,replay Mahomes 2023
9097,1512,2023-10-31 08:42:22,highlights Super Bowl
9098,1348,2023-12-12 12:12:12,Joshua
9099,857,2024-03-04 08:42:37,interview NFL
9100,1923,2023-01-06 17:33:38,replay Tennis
9101,1890,2023-09-11 02:14:43,replay Verstappen
9102,553,2023-09-30 22:57:46,interview NFL
9103,489,2023-11-23 20:03:21,documentary Mahomes
9104,2812,2024-01-29 05:28:41,interview Mayweather
9105,1074,2023-07-17 19:09:16,replay MMA
9106,2443,2024-01-15 16:01:10,Joshua
9107,2803,2023-04-19 15:56:01,highlights Champions League
9108,2434,2024-02-17 14:25:23,highlights MMA 2023
9109,1399,2023-03-14 22:29:17,NFL
9110,1685,2023-08-03 06:31:11,Mayweather
9111,862,2023-02-21 17:55:48,interview Premier League 2023
9112,1544,2023-02-25 20:22:32,replay Jacob
9113,285,2023-09-27 01:15:46,Champions League
9114,154,2023-07-22 18:12:10,replay Port Autumn
9115,1642,2023-04-07 23:25:29,full match Champions League
9116,998,2023-03-24 18:55:35,interview Darts
9117,478,2023-03-09 21:28:51,Boxing
9118,2636,2023-06-09 22:17:33,Football
9119,1417,2023-10-06 14:51:28,replay North Charlene
9120,59,2023-10-24 10:24:03,Grand Prix
9121,930,2024-01-25 06:10:20,interview Mahomes
9122,2301,2023-12-02 12:44:31,highlights Verstappen
9123,934,2023-04-21 17:59:41,interview F1
9124,1128,2023-09-02 21:33:20,replay Tennis
9125,2764,2023-07-23 10:44:41,Hamilton
9126,2346,2023-04-18 00:27:46,Grand Prix
9127,1159,2024-02-22 06:06:27,replay Darts
9128,1551,2023-07-09 21:41:32,documentary Premier League
9129,458,2023-03-23 12:24:40,Premier League 2023
9130,455,2023-05-05 09:51:02,Mahomes
9131,722,2024-03-07 17:00:07,full match Joshua 2023
9132,1978,2023-12-31 08:42:53,documentary Champions League
9133,447,2024-03-24 07:48:58,highlights Super Bowl
9134,24,2023-05-09 15:59:48,full match Tennis 2023
9135,1122,2023-08-27 17:44:03,full match Grand Prix 2023
9136,2660,2023-08-31 09:43:11,Black
9137,2777,2024-01-25 03:56:27,interview Premier League
9138,2657,2023-03-15 22:45:55,replay F1
9139,277,2023-05-27 10:12:11,Graves
9140,223,2023-10-27 18:15:35,Grand Prix
9141,1817,2023-07-31 14:16:36,documentary Hamilton
9142,1404,2024-03-15 16:00:03,full match Grand Prix
9143,2827,2023-01-29 01:23:50,documentary Football
9144,2451,2024-03-10 11:21:06,Champions League
9145,1594,2023-05-10 02:26:51,replay Mayweather
9146,2898,2023-11-17 01:13:15,full match Grand Prix
9147,451,2024-02-01 09:21:46,documentary World Cup
9148,1951,2024-01-18 12:44:44,replay F1
9149,54,2023-09-15 19:13:02,full match Premier League
9150,186,2023-02-25 12:38:56,interview Rodriguez
9151,1655,2023-01-23 01:55:30,Tennis
9152,1074,2023-12-24 05:20:53,replay Super Bowl
9153,132,2023-11-13 20:33:39,highlights Joshua
9154,2351,2023-01-06 14:08:14,documentary Davies
9155,772,2023-10-19 10:50:40,Mahomes
9156,2598,2024-02-13 12:06:52,documentary Hamilton
9157,2509,2023-02-03 09:50:33,interview Brady
9158,107,2023-07-11 15:15:13,highlights Hamilton
9159,2703,2023-11-12 10:01:12,highlights F1
9160,933,2023-11-13 16:09:11,documentary Tennis
9161,1506,2023-10-27 05:30:33,highlights Mahomes
9162,2646,2023-10-10 06:48:57,replay East Brianview
9163,513,2023-06-19 08:19:26,documentary MMA
9164,1315,2023-10-26 20:37:46,full match Champions League
9165,362,2023-12-27 06:53:04,highlights Premier League
9166,998,2023-03-31 08:30:06,Mahomes
9167,1486,2023-03-23 10:56:26,replay Brady
9168,1551,2023-03-28 10:59:22,NFL
9169,2502,2023-03-12 01:30:52,World Cup
9170,2417,2024-02-03 04:14:48,highlights Super Bowl
9171,2372,2023-07-31 06:08:39,highlights Champions League
9172,2242,2024-01-04 14:27:16,replay F1
9173,1168,2023-01-08 04:14:05,documentary Mayweather
9174,2234,2023-05-14 03:08:48,Verstappen
9175,1210,2024-02-20 20:33:01,Grand Prix
9176,1953,2023-07-27 10:04:14,highlights Tennis
9177,2273,2024-03-03 08:56:24,highlights Hamilton
9178,543,2024-03-29 11:58:31,Mayweather
9179,986,2023-07-10 05:59:59,Mayweather
9180,936,2023-03-28 14:24:55,documentary Tennis
9181,1044,2023-05-26 10:04:50,replay Verstappen
9182,2396,2023-06-22 15:46:53,full match NFL 2023
9183,2931,2023-03-01 11:13:35,replay Hughtown
9184,515,2023-09-06 15:12:08,full match MMA
9185,2350,2023-06-20 14:55:23,highlights Hamilton
9186,1163,2023-07-25 05:40:40,Champions League
9187,2853,2024-03-26 14:10:20,replay Darts
9188,2255,2024-02-08 07:32:56,Allan
9189,522,2023-12-28 05:12:30,interview Joshua
9190,2345,2024-01-01 22:18:12,replay Champions League 2024
9191,1106,2023-08-25 01:58:13,highlights Brady
9192,1503,2024-02-05 01:55:23,Grand Prix
9193,947,2024-01-10 06:56:25,full match Premier League
9194,933,2023-10-22 13:09:37,documentary Mayweather 2023
9195,780,2023-05-14 10:18:01,replay Mahomes
9196,227,2023-11-30 14:49:01,documentary Mahomes
9197,2946,2023-10-12 09:06:16,replay Mayweather
9198,2426,2023-01-14 23:13:16,Darts
9199,2943,2023-10-14 07:15:46,highlights Bates
9200,53,2024-03-14 12:35:32,highlights F1
9201,2618,2023-11-04 09:15:04,Joshua
9202,1718,2023-08-04 14:28:00,Brady
9203,503,2023-03-13 02:16:14,Boxing 2024
9204,730,2023-09-12 02:45:56,interview Mayweather
9205,2597,2023-07-08 15:18:27,highlights Darts
9206,2614,2023-01-06 08:48:24,replay Hinesside
9207,1886,2023-09-21 04:02:46,full match Grand Prix
9208,2549,2023-11-24 11:34:43,Super Bowl
9209,251,2023-09-09 00:14:32,NFL
9210,1364,2023-08-10 06:55:52,full match Tennis
9211,2968,2023-02-27 10:33:11,Germersheim
9212,2719,2024-01-21 16:30:15,full match Super Bowl
9213,179,2023-07-24 11:47:15,Tennis
9214,540,2024-03-26 11:05:21,replay Mayweather 2024
9215,2524,2023-05-28 02:16:17,interview Stumpf
9216,1752,2023-12-29 07:17:14,highlights Grand Prix
9217,2464,2024-02-10 06:30:27,documentary Brady
9218,2652,2024-01-30 15:13:18,full match West Simon
9219,984,2024-01-18 10:15:13,Premier League
9220,65,2024-01-01 07:55:47,documentary Hamilton
9221,30,2023-06-30 05:16:06,Tennis
9222,1278,2024-03-29 02:42:54,full match Verstappen
9223,2125,2023-07-09 00:34:41,highlights Darts
9224,551,2023-07-02 09:11:18,Super Bowl
9225,2684,2023-10-28 20:19:55,interview MMA
9226,1876,2023-03-03 16:16:34,full match Champions League
9227,2085,2024-01-17 12:40:24,interview Palmer 2024
9228,1078,2023-02-27 11:34:46,interview NFL
9229,787,2023-06-05 00:53:12,NFL
9230,2423,2023-12-30 11:15:20,interview Boxing
9231,2498,2024-02-01 00:48:32,highlights Mahomes
9232,1734,2023-07-02 19:13:10,highlights Darts
9233,2704,2023-12-14 17:02:27,highlights MMA
9234,2436,2023-05-26 12:43:58,Lewis
9235,1925,2023-08-31 18:19:24,Hamilton
9236,1252,2023-09-05 08:00:42,highlights Grand Prix
9237,2060,2023-11-06 17:50:35,Super Bowl
9238,360,2024-01-04 14:08:58,highlights Super Bowl
9239,2284,2023-02-12 18:08:11,Grand Prix
9240,1613,2023-09-13 19:47:06,replay Mahmood
9241,620,2023-10-27 02:02:13,interview Mahomes
9242,143,2023-05-15 13:52:52,Mayweather
9243,2567,2024-03-07 15:47:43,interview Champions League
9244,1830,2023-12-18 14:50:35,interview Brady
9245,2526,2023-01-20 12:34:24,F1
9246,1834,2023-07-27 02:56:47,full match F1
9247,1889,2023-04-10 00:38:27,MMA
9248,923,2023-02-15 23:48:44,documentary Hamilton
9249,2048,2023-04-10 11:04:11,interview F1
9250,709,2023-02-21 20:52:57,highlights Premier League 2023
9251,2384,2023-01-11 09:12:40,replay Mayweather
9252,367,2024-01-06 19:05:53,full match Verstappen
9253,123,2023-07-01 16:29:32,full match MMA
9254,2596,2023-12-25 21:51:04,Mahomes
9255,1937,2023-11-19 20:04:48,F1
9256,718,2023-10-11 21:50:28,highlights Football 2024
9257,2305,2023-04-14 12:28:50,Champions League
9258,1498,2024-01-27 12:23:43,Wadeview
9259,239,2023-02-13 18:12:57,Premier League
9260,1196,2023-08-27 12:17:53,highlights Verstappen
9261,233,2023-03-23 14:07:56,documentary Darts
9262,1183,2023-07-16 01:45:45,documentary Boxing
9263,166,2023-04-22 11:32:35,documentary Champions League
9264,1431,2024-01-20 02:09:05,documentary Super Bowl
9265,2574,2023-11-06 02:52:14,interview Dowerg
9266,444,2023-05-20 08:49:48,full match Boxing
9267,2974,2023-06-13 21:28:50,replay Brady 2024
9268,1990,2023-05-02 10:56:15,replay Mahomes
9269,1434,2023-02-06 14:49:56,F1
9270,2488,2023-04-02 22:04:32,full match Champions League
9271,2107,2023-04-03 23:24:11,highlights Brady
9272,1984,2024-03-15 09:39:43,replay F1
9273,1650,2023-08-21 05:32:29,replay Verstappen
9274,1306,2023-04-11 15:48:44,NFL
9275,814,2024-02-13 02:05:47,full match Tennis 2023
9276,2840,2024-03-19 23:08:31,interview Joshua
9277,802,2023-12-01 01:30:07,documentary Joshua
9278,376,2023-09-17 22:21:44,Mahomes
9279,2441,2023-07-10 03:13:30,highlights F1
9280,1974,2023-03-28 13:43:09,highlights Football
9281,1023,2024-03-21 17:14:47,Mahomes
9282,540,2023-05-03 19:06:15,F1 2024
9283,136,2024-01-24 10:11:18,documentary World Cup
9284,2934,2023-08-26 18:59:27,documentary Joshua
9285,936,2024-01-06 19:14:52,full match Boxing
9286,2093,2023-10-15 08:27:27,documentary Super Bowl
9287,2081,2024-02-29 11:20:03,Mahomes
9288,1448,2024-03-13 05:55:34,full match Football
9289,2470,2023-09-16 10:21:16,Tennis
9290,1219,2023-11-02 04:23:13,interview Hooverland
9291,310,2023-08-30 19:33:37,replay Feuchtwangen
9292,2666,2023-10-21 11:35:19,documentary Darts
9293,2538,2023-08-31 11:48:58,highlights Verstappen
9294,243,2023-10-16 21:25:17,documentary Riesa
9295,2514,2023-02-11 12:37:38,highlights F1
9296,621,2023-07-30 00:10:04,highlights Mahomes
9297,2810,2023-06-09 17:58:04,Sankt Goar
9298,2605,2023-03-16 19:55:18,documentary Grand Prix
9299,2440,2023-04-02 03:11:35,full match Super Bowl
9300,1787,2024-01-06 03:15:13,World Cup
9301,2013,2023-08-16 22:56:57,interview Joshua
9302,1839,2023-07-10 16:02:38,Joshua
9303,114,2024-02-19 06:17:41,highlights Darts
9304,2279,2023-11-17 19:44:20,full match World Cup
9305,1079,2023-10-02 14:41:59,highlights Boxing
9306,2312,2023-11-23 05:59:06,replay Boxing
9307,1909,2023-02-22 08:55:02,highlights Badalzungen
9308,1752,2023-09-14 05:29:13,Football
9309,1079,2023-12-02 16:56:00,interview Mahomes 2023
9310,52,2023-01-26 14:46:24,replay Hamilton
9311,921,2024-03-18 13:01:52,replay F1
9312,2578,2023-09-05 13:49:22,Football
9313,2020,2023-03-24 23:12:32,documentary Hamilton
9314,1603,2023-07-23 06:17:14,replay Super Bowl
9315,277,2023-03-06 19:19:25,Premier League
9316,2167,2024-02-02 20:03:25,replay Hamilton
9317,1282,2023-08-29 13:14:22,Super Bowl
9318,2788,2023-06-01 15:22:35,full match Joshua
9319,2323,2023-09-10 15:27:07,Mahomes
9320,2874,2023-08-20 13:25:15,highlights Hamilton
9321,1984,2023-08-11 08:15:19,replay Tennis
9322,325,2023-09-29 21:03:13,Tennis
9323,1045,2023-06-19 02:30:27,full match Darts
9324,1533,2023-03-23 09:38:36,highlights Super Bowl
9325,2806,2023-05-03 19:17:50,F1
9326,1549,2023-09-20 16:34:22,replay Joshua
9327,2206,2023-06-26 16:23:59,F1
9328,949,2023-03-13 00:54:55,Joshua
9329,939,2023-01-24 15:24:50,documentary F1
9330,1455,2023-12-23 02:01:34,Hersbruck
9331,2718,2023-10-11 22:39:30,documentary NFL
9332,112,2023-03-30 21:51:54,full match Mahomes
9333,2711,2023-03-20 01:58:14,Darts 2023
9334,2961,2023-03-29 00:27:14,interview Mahomes
9335,2088,2023-06-22 01:26:46,highlights Joshua
9336,2248,2023-09-12 18:46:48,full match Darts
9337,1295,2024-03-28 08:12:17,interview Gardelegen
9338,1722,2023-08-07 09:33:38,Football
9339,138,2023-08-12 00:05:00,full match NFL
9340,2189,2023-05-13 15:44:20,F1
9341,1646,2023-06-14 18:07:20,documentary Boxing
9342,2263,2023-12-04 02:16:08,replay Mayweather
9343,2760,2023-09-09 22:38:52,full match Darts
9344,865,2023-05-01 14:02:18,Mayweather
9345,2445,2023-01-30 06:03:07,documentary World Cup
9346,1427,2023-01-25 03:36:40,replay Mahomes
9347,841,2023-08-29 11:56:15,interview MMA 2024
9348,2516,2023-09-07 13:28:19,Brady
9349,2400,2024-03-16 18:50:54,full match Joshua
9350,1689,2023-10-23 05:25:52,full match Verstappen
9351,2515,2023-10-07 12:14:36,documentary Verstappen
9352,150,2023-09-21 15:24:48,replay World Cup
9353,1897,2023-06-07 21:25:08,full match Premier League
9354,2095,2023-12-13 02:39:44,replay Premier League
9355,2586,2023-09-06 21:35:18,Super Bowl
9356,1082,2023-11-29 07:09:41,full match NFL
9357,1355,2023-05-18 05:11:28,Football
9358,529,2023-07-06 10:56:18,Verstappen
9359,1985,2023-03-31 21:50:48,full match Cruz
9360,2124,2023-07-08 14:57:00,Joshua
9361,573,2023-10-08 12:06:34,F1
9362,2986,2023-11-06 06:40:32,Verstappen
9363,90,2023-02-16 04:39:04,Premier League
9364,760,2023-05-06 13:11:24,World Cup
9365,2298,2024-03-18 00:03:07,documentary MMA
9366,218,2023-05-30 01:52:50,documentary Boxing 2024
9367,447,2023-01-25 05:51:44,interview NFL
9368,1443,2024-03-25 07:05:03,documentary North Dannyborough
9369,1905,2023-10-24 22:48:41,Super Bowl
9370,792,2023-08-10 14:46:56,full match World Cup
9371,2668,2023-02-11 02:56:28,interview Tennis 2023
9372,311,2023-05-03 07:37:00,interview Brady
9373,1811,2024-02-15 03:21:57,full match Joshua
9374,804,2023-04-02 14:00:59,replay Hamilton
9375,2567,2023-05-15 02:48:00,full match Lake Carlachester
9376,601,2023-04-18 17:12:46,highlights Joshua
9377,2135,2024-02-05 08:18:26,interview NFL
9378,2467,2023-11-28 18:54:49,replay Football
9379,2276,2023-06-01 05:07:37,full match Hamilton
9380,1016,2023-01-15 16:43:45,interview Champions League
9381,2050,2023-09-11 18:03:00,interview Brady
9382,2596,2024-03-22 11:43:39,interview Verstappen
9383,580,2023-09-06 08:59:51,documentary MMA 2024
9384,1890,2023-01-10 21:10:44,interview Boxing
9385,924,2023-02-10 15:19:06,documentary Mayweather
9386,773,2024-03-26 23:33:30,replay Brady
9387,342,2024-01-29 19:46:55,replay Premier League
9388,476,2023-06-16 08:37:48,replay Hamilton
9389,1304,2023-03-12 08:14:31,full match Football
9390,1231,2023-07-15 19:33:33,interview Champions League
9391,460,2023-02-14 08:42:57,replay Football
9392,1681,2023-02-19 12:21:17,Boxing
9393,2238,2023-05-01 07:33:47,documentary MMA
9394,1508,2023-02-18 18:30:34,Premier League 2024
9395,2200,2023-12-13 05:27:56,Brady
9396,233,2023-05-29 12:45:03,Mayweather
9397,430,2023-03-12 04:06:00,replay Football 2024
9398,2596,2023-06-24 11:33:51,Super Bowl
9399,1824,2023-07-01 07:56:43,replay Darts
9400,855,2023-01-16 18:57:00,interview Joshua
9401,1321,2023-11-24 04:41:58,replay Verstappen
9402,2513,2023-07-16 03:47:34,full match Premier League
9403,2706,2024-03-19 19:20:41,Football
9404,2188,2023-12-24 05:38:07,interview Darts
9405,1705,2024-01-14 08:22:29,interview Tennis
9406,239,2023-10-29 18:43:54,replay Super Bowl
9407,1015,2023-10-10 17:59:01,Dussen van 2023
9408,360,2023-09-30 09:16:38,full match Premier League
9409,2618,2023-01-21 13:32:09,interview Hamilton
9410,1098,2023-09-06 11:25:25,highlights Premier League
9411,1507,2024-02-25 14:27:35,highlights Mayweather
9412,1856,2023-02-01 02:09:15,interview Darts
9413,2225,2023-06-01 18:41:51,documentary Super Bowl 2023
9414,576,2023-10-24 15:59:52,Football
9415,50,2023-03-08 19:00:50,interview Tennis
9416,1148,2023-09-28 11:39:25,highlights Grand Prix
9417,270,2023-08-30 14:00:22,highlights Mahomes
9418,2410,2023-03-26 05:38:33,full match Football
9419,2541,2023-08-07 21:59:14,F1 2024
9420,2735,2024-03-25 14:40:54,interview Mahomes
9421,669,2023-07-09 14:56:00,highlights World Cup
9422,2303,2023-09-25 07:18:08,documentary Mahomes
9423,1239,2023-11-08 22:11:32,MMA
9424,2558,2023-04-29 12:09:28,replay F1 2023
9425,1192,2023-05-23 01:03:50,interview MMA
9426,2053,2023-08-22 12:44:30,replay Tennis
9427,1507,2023-11-25 02:12:02,replay Brady
9428,48,2023-08-18 02:28:25,replay F1 2024
9429,239,2023-03-22 09:06:59,Grand Prix
9430,1504,2023-04-18 04:08:24,Super Bowl
9431,495,2023-12-12 17:01:45,full match Hamilton 2024
9432,523,2023-01-25 21:59:01,documentary Grand Prix
9433,1121,2023-01-25 19:48:31,interview Grand Prix
9434,2210,2023-02-14 19:51:16,highlights Hancock 2023
9435,1079,2023-04-17 13:06:07,full match Super Bowl
9436,1352,2023-11-28 14:58:39,interview Mahomes
9437,1215,2023-08-26 16:21:29,documentary Verstappen
9438,817,2023-10-28 10:39:31,documentary Borken
9439,1783,2023-09-25 06:04:25,replay Super Bowl
9440,1677,2023-03-29 11:08:51,Joshua
9441,703,2023-10-21 07:44:27,highlights NFL
9442,1854,2023-06-12 23:57:16,documentary Boxing
9443,2404,2023-10-04 16:53:05,F1
9444,1888,2023-01-19 04:41:29,documentary Grand Prix
9445,2629,2023-01-27 01:55:19,documentary Verstappen
9446,2953,2023-12-14 12:38:35,Nolanmouth
9447,2956,2023-05-12 18:10:03,replay Darts
9448,2985,2023-08-30 08:13:13,Super Bowl
9449,1328,2023-03-06 13:25:35,documentary Mayweather 2024
9450,879,2023-09-20 00:09:58,interview Premier League
9451,2895,2024-01-09 11:38:59,MMA
9452,1405,2023-12-21 08:52:31,NFL
9453,2155,2023-08-30 03:13:21,full match Joshua
9454,2797,2023-10-26 07:27:34,full match F1
9455,223,2024-02-17 20:11:02,Mayweather
9456,159,2023-09-30 04:49:03,highlights NFL
9457,828,2023-04-13 05:40:20,documentary Mahomes
9458,2976,2024-01-29 17:43:59,highlights Grand Prix
9459,932,2023-06-16 22:48:23,Verstappen
9460,907,2023-03-24 18:03:05,documentary Champions League
9461,247,2023-02-01 18:56:47,interview Premier League
9462,2192,2023-03-23 05:55:15,Hohenmölsen
9463,772,2023-04-28 21:53:56,NFL
9464,1791,2024-02-02 21:12:51,full match Joshua
9465,2361,2023-05-17 10:36:07,highlights World Cup
9466,138,2024-01-11 17:30:27,highlights Holden
9467,747,2024-02-12 12:04:05,documentary Mahomes
9468,944,2023-09-24 10:03:39,highlights Hamilton
9469,644,2023-02-20 14:36:02,full match Premier League
9470,903,2023-01-29 08:53:28,Barnes
9471,1824,2023-04-21 03:06:16,highlights NFL
9472,1590,2023-01-13 16:49:03,interview Mahomes
9473,667,2023-05-27 05:58:50,documentary Champions League
9474,2187,2023-09-13 00:21:05,replay Tennis
9475,2785,2023-04-15 07:09:25,documentary Mcknight
9476,619,2023-11-15 01:15:57,full match Brady 2023
9477,414,2023-01-02 08:06:30,Steuer
9478,775,2024-01-31 02:30:00,Mahomes
9479,381,2024-03-03 18:03:36,interview Mayweather
9480,1500,2023-03-22 00:44:45,replay Verstappen
9481,644,2023-04-12 04:21:07,full match Neustadt am Rübenberge
9482,1254,2024-02-17 16:38:34,full match World Cup
9483,2372,2023-03-09 09:28:12,replay Faulkner
9484,511,2023-11-07 14:11:54,replay Verstappen
9485,1380,2024-02-12 19:12:45,Fallingbostel
9486,1998,2024-03-30 16:02:40,Mayweather
9487,2714,2023-09-29 21:48:14,full match Mahomes
9488,1319,2023-05-31 01:56:06,documentary Teterow
9489,993,2023-05-24 00:40:35,highlights MMA
9490,505,2024-03-22 04:10:41,replay Mayweather 2023
9491,2953,2024-01-02 01:57:26,interview NFL
9492,2970,2023-12-17 16:34:39,replay World Cup
9493,898,2023-05-24 20:08:12,Hamilton
9494,1879,2023-09-24 06:59:06,documentary Grand Prix
9495,788,2023-03-15 10:40:12,documentary Premier League
9496,2636,2023-11-12 21:45:48,interview Martin
9497,1245,2023-11-22 09:18:24,Königs Wusterhausen 2024
9498,318,2024-02-29 11:26:43,full match NFL
9499,2846,2023-11-27 14:15:21,MMA
9500,1768,2023-08-26 19:27:10,full match Tennis
9501,757,2023-11-04 20:13:07,Joshua
9502,2665,2023-05-23 23:03:18,Super Bowl
9503,580,2023-08-13 00:48:18,Tennis
9504,596,2023-06-25 12:13:44,documentary Youngfurt
9505,2023,2024-02-03 16:29:37,highlights Verstappen
9506,2326,2023-06-26 05:33:54,interview Mahomes
9507,6,2023-07-20 00:51:23,documentary F1
9508,598,2024-02-06 21:21:06,highlights Vincentside
9509,10,2023-06-09 16:24:55,F1 2024
9510,424,2023-03-05 03:06:55,highlights Carlyburgh
9511,386,2023-02-08 17:29:05,replay Boxing
9512,2738,2024-01-03 11:49:26,interview Mayweather
9513,2452,2023-12-14 07:12:07,Gehringer
9514,1057,2023-10-28 06:53:41,documentary Mahomes
9515,1980,2023-03-16 12:02:23,Hughes
9516,1504,2024-01-05 05:00:46,Premier League
9517,2490,2024-03-20 21:08:48,highlights Champions League
9518,2408,2024-01-09 10:43:44,documentary Grand Prix
9519,545,2023-11-11 06:07:03,interview MMA 2023
9520,478,2023-06-20 12:19:00,World Cup
9521,1464,2023-09-26 13:35:47,highlights Gumprich
9522,1908,2024-02-06 08:12:43,Super Bowl
9523,2956,2024-03-17 02:55:13,World Cup
9524,1287,2023-01-13 00:18:23,interview MMA
9525,2839,2024-02-03 15:49:39,full match Champions League
9526,1787,2024-01-19 03:16:12,Tennis
9527,2753,2023-03-25 16:32:49,full match Joshua
9528,800,2024-01-17 06:35:53,NFL
9529,515,2023-06-11 19:51:30,highlights Mahomes
9530,2794,2023-02-13 19:27:36,full match Mayweather
9531,2055,2023-06-02 00:52:55,documentary F1
9532,1074,2023-01-09 21:34:47,NFL
9533,992,2023-07-03 18:58:08,full match F1 2024
9534,1204,2023-07-01 05:42:05,documentary Brady
9535,2922,2023-04-29 03:52:16,interview Football
9536,201,2023-11-10 00:38:27,NFL
9537,1245,2023-09-10 14:36:55,interview World Cup
9538,680,2023-07-03 22:59:58,documentary MMA
9539,622,2023-03-04 23:44:28,Premier League
9540,2332,2023-01-05 10:28:26,full match Premier League
9541,2498,2023-08-24 16:41:13,replay Champions League
9542,1966,2023-07-18 17:42:43,full match Mahomes
9543,378,2023-11-08 05:21:04,highlights Mahomes
9544,1172,2023-06-11 16:34:29,highlights Grand Prix
9545,2027,2023-11-27 11:51:18,replay MMA
9546,455,2023-09-05 09:25:56,full match MMA
9547,975,2024-02-16 14:06:51,West Lorrainestad
9548,735,2024-03-23 03:22:08,replay Joshua
9549,716,2023-12-30 18:23:18,interview White 2024
9550,897,2023-05-21 15:17:26,F1 2024
9551,292,2024-02-28 18:32:57,highlights Football
9552,1523,2024-01-13 00:10:06,replay Football
9553,56,2023-05-10 00:42:29,Premier League
9554,1247,2023-10-10 13:55:29,highlights Boxing
9555,1435,2023-10-13 03:33:28,highlights Brady
9556,960,2023-01-22 07:01:21,documentary Darts 2023
9557,363,2023-06-09 05:03:45,replay Cooperfort
9558,2901,2024-03-20 18:38:58,NFL
9559,2832,2023-02-17 17:01:23,documentary World Cup
9560,2283,2024-01-19 15:22:39,Premier League
9561,2036,2023-07-18 21:30:48,documentary Verstappen
9562,54,2024-01-29 16:23:49,highlights Football
9563,335,2024-01-02 17:54:01,documentary Dianachester
9564,1274,2023-12-12 12:28:17,full match Boxing
9565,966,2023-11-09 09:50:29,full match Cook
9566,2850,2023-05-12 08:46:13,full match Mahomes
9567,1380,2023-08-23 17:24:43,Tennis 2023
9568,178,2023-12-01 23:48:50,Mayweather 2023
9569,2554,2023-10-26 12:59:16,documentary Mahomes
9570,2581,2024-01-11 19:45:08,highlights F1
9571,2674,2023-05-19 20:10:33,full match World Cup
9572,2405,2023-07-30 08:06:26,interview Super Bowl
9573,388,2023-02-05 23:46:49,Doyle
9574,666,2023-09-14 08:30:26,interview Brady
9575,1278,2024-02-19 02:50:12,documentary NFL
9576,1129,2023-11-07 23:39:20,Tennis
9577,867,2023-11-26 17:36:10,Joshua
9578,1319,2024-02-11 15:20:47,replay Boxing
9579,931,2024-02-26 20:46:38,replay Mayweather
9580,2823,2024-03-12 12:20:56,documentary Boxing
9581,2180,2024-02-25 18:12:25,interview Ernst
9582,1322,2024-03-12 00:58:05,full match Verstappen
9583,2321,2023-01-31 17:59:25,Mahomes 2024
9584,2721,2023-08-15 04:41:34,highlights Hamilton
9585,50,2024-03-18 22:16:47,interview Premier League
9586,2071,2024-02-02 05:30:54,documentary World Cup
9587,1047,2023-08-26 01:54:12,documentary North Lauren
9588,2268,2024-01-24 02:20:15,documentary Mahomes
9589,747,2024-01-06 08:17:49,full match Joshua
9590,2256,2023-11-19 22:38:10,full match World Cup 2024
9591,2774,2023-03-29 16:53:35,replay Super Bowl
9592,897,2023-02-19 05:53:44,replay Tennis
9593,2890,2023-06-04 03:26:44,full match Hamilton
9594,2541,2023-06-16 08:21:43,documentary Hamilton
9595,641,2024-01-15 18:52:43,documentary Hamilton
9596,2157,2023-10-30 18:54:46,full match Mahomes
9597,299,2024-01-03 09:28:05,full match Tennis
9598,1271,2023-10-10 16:20:03,highlights King
9599,795,2023-07-10 01:42:36,highlights Rudolstadt
9600,2030,2023-10-08 22:19:28,Hamilton
9601,1305,2023-02-15 13:50:18,Mccullough
9602,640,2023-08-19 15:06:48,highlights Grand Prix
9603,586,2024-03-29 07:11:58,interview MMA 2023
9604,956,2023-07-20 05:21:07,highlights Hamilton
9605,1926,2023-07-06 13:01:09,Hamilton
9606,1851,2023-07-06 01:36:04,documentary MMA
9607,777,2023-03-16 20:09:28,interview South James
9608,1113,2023-03-26 21:29:43,documentary Brady
9609,747,2023-11-27 14:16:11,documentary Verstappen
9610,1036,2023-02-24 04:31:30,replay F1
9611,1576,2023-05-17 01:56:30,documentary Mayweather
9612,2506,2023-07-30 04:38:44,interview Amberfurt
9613,1583,2024-01-21 00:05:06,highlights Joshua
9614,521,2023-11-17 03:08:03,interview Football
9615,1136,2023-05-16 01:24:50,MMA 2024
9616,2145,2023-04-27 05:55:10,highlights Mahomes
9617,2657,2023-03-18 05:40:37,documentary Verstappen
9618,1427,2024-01-13 22:21:11,full match Tennis
9619,1940,2023-01-18 19:44:40,documentary Joshua
9620,1536,2023-04-09 12:00:22,highlights Boxing
9621,1630,2023-02-03 18:40:13,highlights NFL
9622,705,2024-03-27 11:08:14,replay Anders 2024
9623,2266,2023-03-09 07:47:49,documentary Mayweather
9624,2548,2023-10-09 20:11:09,full match Dörschner
9625,483,2023-02-21 16:40:15,full match Tennis 2024
9626,1141,2023-10-18 12:44:24,MMA
9627,60,2023-11-09 17:19:45,Tennis
9628,1758,2024-01-25 05:27:39,interview Brady
9629,1969,2023-01-11 14:11:19,documentary Martinez
9630,1977,2024-03-13 14:55:12,full match World Cup
9631,196,2024-01-26 07:34:09,documentary Grand Prix
9632,1240,2023-11-06 09:27:16,replay Hamilton
9633,2402,2024-02-20 21:52:57,Verstappen
9634,2608,2023-04-08 06:19:05,documentary NFL 2024
9635,117,2023-08-24 10:42:07,interview Boxing
9636,1518,2023-02-23 08:39:19,interview F1
9637,126,2023-07-23 18:52:32,NFL
9638,2848,2023-11-07 23:15:41,interview F1
9639,1137,2023-06-28 19:14:53,Tennis
9640,778,2023-04-13 14:45:18,interview Hamilton
9641,2664,2023-11-09 23:12:13,documentary World Cup
9642,69,2023-12-20 03:31:23,interview NFL
9643,1013,2023-05-08 07:57:10,replay Brady
9644,1404,2024-02-13 18:43:56,full match World Cup
9645,694,2023-09-18 00:23:06,replay World Cup
9646,801,2023-04-07 03:32:48,MMA
9647,2821,2023-07-28 19:53:25,Mayweather
9648,1306,2023-08-15 02:05:11,replay Tennis 2023
9649,978,2024-03-26 17:17:27,interview Joshua
9650,766,2023-04-11 15:49:34,MMA
9651,1897,2023-07-13 02:06:32,Boxing
9652,946,2023-11-21 02:15:06,interview Sager 2023
9653,408,2023-05-02 08:13:04,interview Port Anne
9654,2453,2023-05-26 08:51:13,highlights Super Bowl
9655,1038,2024-03-06 04:03:45,Boxing
9656,640,2023-05-13 06:50:42,documentary Joneston
9657,937,2023-02-19 07:58:20,highlights MMA 2024
9658,1268,2023-04-23 11:26:37,Mahomes
9659,1706,2023-09-05 04:39:51,NFL
9660,2483,2024-03-05 04:07:17,highlights Champions League
9661,2874,2023-09-16 19:21:26,replay Grand Prix
9662,556,2023-01-28 20:37:21,highlights Darts
9663,2777,2023-11-22 20:39:49,Mahomes
9664,311,2024-01-29 13:29:20,full match Verstappen
9665,2195,2023-11-10 04:09:03,Premier League
9666,2083,2023-03-22 18:54:45,highlights NFL
9667,2596,2023-05-19 12:11:37,Boxing
9668,330,2023-11-16 00:10:36,highlights Grand Prix
9669,2158,2023-02-27 09:02:14,MMA
9670,849,2023-12-03 00:07:52,Grand Prix
9671,2453,2023-09-21 01:49:51,Super Bowl
9672,2384,2023-05-06 08:22:24,full match Football 2024
9673,359,2023-05-21 04:12:41,replay Super Bowl
9674,2984,2023-04-22 23:05:00,highlights Boxing
9675,2605,2023-07-13 03:25:14,full match Premier League
9676,2817,2024-03-29 13:58:32,documentary Tennis
9677,1861,2023-02-18 01:27:27,full match Darts
9678,568,2023-02-07 13:47:15,interview Mortonborough
9679,2746,2023-07-23 16:40:50,interview Champions League
9680,2592,2024-03-04 00:55:35,full match Brady
9681,1039,2023-05-21 19:10:07,highlights F1
9682,1049,2023-12-28 04:04:49,Champions League
9683,198,2023-01-21 05:01:24,Darts
9684,172,2023-10-14 09:50:57,full match Boxing
9685,132,2023-05-05 00:45:50,replay Premier League
9686,1659,2023-06-04 09:52:53,highlights Brady
9687,2553,2023-12-24 18:59:22,Boxing
9688,80,2023-02-27 01:26:07,Premier League
9689,965,2023-04-15 17:39:46,full match NFL
9690,2629,2023-05-12 03:34:04,full match Sankt Goarshausen
9691,2276,2023-10-24 16:46:32,documentary Brady
9692,313,2023-06-12 07:25:40,Verstappen
9693,1496,2023-03-07 05:13:39,full match Premier League
9694,2562,2023-10-28 11:47:57,highlights Champions League
9695,1993,2023-12-05 16:36:36,interview F1
9696,2598,2024-03-16 00:27:19,documentary NFL
9697,1651,2023-06-27 20:38:24,interview World Cup
9698,647,2024-01-01 03:16:25,Wilmsen
9699,1620,2023-05-30 01:48:04,highlights Joshua
9700,76,2024-02-29 15:53:51,Tennis
9701,2715,2023-06-25 18:04:17,documentary World Cup
9702,2922,2023-12-18 00:52:44,interview Tennis
9703,2560,2023-10-12 18:32:07,full match Meißen
9704,2296,2023-08-13 10:04:33,replay Joshua 2023
9705,2811,2023-05-01 18:00:05,highlights Darts
9706,491,2023-09-15 10:38:56,F1
9707,2277,2023-09-17 19:09:24,documentary Lake Alice
9708,2153,2023-05-11 03:02:39,interview Mayweather
9709,42,2024-03-21 18:10:24,Super Bowl
9710,1348,2024-01-15 04:19:53,interview Super Bowl
9711,888,2023-05-30 12:16:49,Joshua
9712,373,2024-01-26 06:44:08,replay Joshua 2023
9713,50,2023-02-08 11:06:46,replay Football
9714,2286,2024-03-13 00:42:52,documentary Brady
9715,1730,2024-02-29 17:53:06,documentary Premier League
9716,1556,2023-05-27 11:25:19,replay Hamilton
9717,1445,2024-03-11 23:16:28,interview Joshua
9718,370,2023-06-27 19:19:40,full match World Cup
9719,2243,2023-01-19 01:56:02,documentary World Cup
9720,1031,2023-06-28 15:40:01,full match Rosenow
9721,1319,2023-12-20 21:20:17,full match Brady
9722,929,2023-04-19 18:14:46,MMA
9723,1204,2023-02-14 07:22:50,full match F1
9724,497,2024-02-18 17:36:45,Brady
9725,476,2023-04-14 11:06:49,Tennis
9726,1401,2023-04-22 00:10:23,Mayweather
9727,1325,2023-04-21 21:20:55,Hamilton
9728,1655,2023-11-10 16:24:58,Mahomes
9729,481,2023-06-24 08:11:06,full match Verstappen
9730,1749,2023-01-19 08:13:57,replay Tennis
9731,2265,2024-03-27 16:40:27,NFL 2024
9732,2802,2023-03-21 12:10:36,documentary World Cup
9733,2637,2023-10-30 00:11:38,interview Hamilton
9734,2232,2024-03-08 02:54:06,replay Patterson
9735,2244,2023-08-20 19:17:38,Darts
9736,2049,2023-08-03 11:20:21,documentary Boxing
9737,311,2023-07-24 12:03:24,full match Verstappen
9738,2617,2023-06-12 04:19:17,replay NFL
9739,956,2023-12-26 15:51:58,full match NFL 2024
9740,263,2024-01-01 14:23:34,replay New Michelle
9741,2143,2024-02-07 18:40:51,highlights F1
9742,1957,2023-07-01 15:26:34,interview Premier League 2024
9743,2151,2023-03-15 16:27:01,Hornich
9744,2458,2023-04-24 07:08:58,interview Tennis
9745,2536,2023-03-20 09:19:44,highlights Darts
9746,2794,2023-05-21 02:24:03,Verstappen
9747,291,2024-02-01 16:41:11,replay Grand Prix
9748,456,2023-01-06 15:31:57,full match Verstappen
9749,1763,2023-12-26 02:47:28,Champions League 2024
9750,1434,2024-02-23 06:17:04,replay Tennis
9751,2979,2023-05-16 23:58:44,Williams
9752,1307,2023-04-26 21:44:05,replay Verstappen
9753,2197,2023-11-23 21:13:43,interview World Cup
9754,2818,2023-12-07 18:02:33,highlights Boxing
9755,2636,2023-12-30 23:34:24,replay Hawkins
9756,2450,2024-02-01 17:07:11,documentary Darts
9757,1389,2023-09-03 01:58:16,highlights Hamilton
9758,643,2023-10-30 23:25:32,NFL
9759,2184,2023-10-06 05:56:14,documentary F1
9760,1389,2023-12-03 01:17:49,Champions League
9761,2580,2023-06-28 14:35:37,highlights Joshua
9762,2871,2024-03-11 01:14:18,Super Bowl
9763,600,2024-03-29 22:38:34,full match F1
9764,1120,2024-02-05 08:50:40,full match Football
9765,2882,2023-07-11 12:19:30,documentary Brady
9766,1141,2024-02-29 19:37:14,interview Football
9767,2591,2023-09-20 12:41:30,Darts
9768,1362,2023-03-15 18:08:57,Mahomes
9769,2285,2023-04-05 03:40:39,full match Williams
9770,1013,2023-10-19 16:31:24,Super Bowl
9771,2847,2023-02-01 12:53:53,highlights Boxing 2023
9772,831,2023-12-15 15:12:47,highlights Tennis
9773,538,2023-12-12 17:57:00,Premier League
9774,2996,2023-02-15 11:23:26,interview Brady
9775,179,2023-05-18 22:16:09,interview Mayweather
9776,1684,2024-01-31 02:03:04,interview Grand Prix
9777,2189,2023-01-02 05:14:45,Junken
9778,2671,2024-01-03 20:56:53,full match Football
9779,2534,2023-02-21 10:30:20,documentary Darts
9780,932,2023-09-24 17:48:43,highlights Boxing
9781,244,2023-02-15 12:19:10,interview MMA
9782,1075,2023-12-03 18:00:08,highlights Super Bowl
9783,2350,2023-06-15 07:38:55,interview World Cup 2023
9784,2639,2024-02-11 05:51:26,documentary Grand Prix
9785,150,2024-02-06 23:42:19,replay Champions League
9786,1071,2023-10-15 03:05:29,full match Mayweather
9787,138,2023-08-10 08:46:06,documentary Tennis
9788,1593,2024-01-10 08:56:56,documentary Dennis
9789,2117,2024-03-21 14:16:07,replay NFL
9790,1631,2023-05-16 22:27:08,replay Darts
9791,1744,2023-05-15 18:42:26,interview Hamilton
9792,1959,2023-10-22 18:21:21,interview Boxing
9793,559,2023-07-25 12:58:50,Boxing
9794,485,2023-01-02 07:25:19,interview Premier League
9795,911,2023-09-15 17:57:23,highlights Champions League
9796,718,2023-04-12 13:37:31,full match Super Bowl
9797,2874,2023-10-03 09:13:40,highlights Wallport
9798,104,2023-12-10 04:40:05,documentary Cook
9799,394,2023-08-27 16:39:49,highlights Tennis
9800,1815,2023-11-22 20:32:39,highlights Hamilton 2024
9801,966,2023-05-04 06:03:38,interview Mahomes
9802,2717,2023-04-19 15:08:18,full match Joshua
9803,944,2023-03-28 05:46:41,interview Verstappen
9804,2970,2023-05-23 07:39:28,documentary F1
9805,217,2023-10-16 10:01:28,Melendezside
9806,2999,2023-05-04 06:39:54,Lake Vincenttown 2023
9807,898,2023-02-24 17:52:51,replay Bentleychester
9808,2951,2023-08-20 06:12:50,full match Boxing
9809,267,2023-11-21 10:43:09,replay Mahomes
9810,1663,2023-06-03 15:00:12,full match F1
9811,797,2023-06-28 12:47:08,documentary Hamilton
9812,1475,2023-12-30 14:55:50,interview Brady
9813,258,2023-12-23 23:34:36,documentary World Cup
9814,740,2023-01-04 03:28:38,interview Tennis
9815,997,2023-07-28 06:02:46,highlights Brady 2024
9816,1519,2023-11-21 17:30:19,full match World Cup
9817,2202,2023-11-24 16:52:19,highlights Brady
9818,2340,2023-04-18 04:06:13,interview Super Bowl
9819,782,2024-02-29 16:39:34,Premier League
9820,24,2023-10-09 16:21:31,full match Tennis
9821,577,2023-01-15 23:17:05,F1
9822,1486,2023-01-08 18:24:02,full match Tennis
9823,1746,2024-01-29 15:35:17,replay NFL
9824,1143,2024-01-07 21:49:42,replay Justinshire
9825,1409,2023-03-30 08:42:57,documentary Football 2024
9826,280,2023-03-04 01:15:17,MMA
9827,36,2023-10-29 00:04:07,interview Davies
9828,635,2023-08-04 07:58:44,full match NFL
9829,1274,2023-06-07 00:52:01,World Cup
9830,1721,2023-12-09 21:52:01,documentary Mahomes
9831,2713,2024-02-27 23:56:14,highlights Brady
9832,1094,2023-10-23 09:47:23,documentary MMA
9833,319,2023-05-27 09:35:48,highlights Tennis
9834,744,2024-03-14 04:26:04,highlights Champions League
9835,28,2023-03-21 01:55:08,full match Joshua
9836,1075,2024-03-15 20:50:13,replay Boxing
9837,2072,2023-02-01 03:00:49,interview MMA
9838,1378,2024-01-21 11:43:18,F1
9839,1038,2024-01-15 21:41:05,documentary Grand Prix
9840,48,2023-03-05 19:37:14,interview Verstappen 2023
9841,2089,2023-11-16 13:15:30,documentary Joshua
9842,2622,2023-09-18 21:15:50,full match Mahomes
9843,2057,2023-09-03 17:18:33,interview Lynch
9844,2219,2023-09-25 07:31:47,highlights F1
9845,417,2023-11-18 15:59:43,documentary NFL
9846,757,2023-01-17 15:22:39,replay F1
9847,210,2024-02-07 22:57:02,full match NFL
9848,1247,2024-03-30 03:15:01,highlights Gonzalezstad
9849,876,2023-07-06 03:15:16,documentary Reuter
9850,654,2023-03-05 11:10:09,interview Verstappen
9851,382,2023-12-23 21:50:12,replay Lake Harryberg
9852,1606,2024-02-13 02:47:18,replay Football
9853,2939,2023-03-31 23:07:45,highlights Mahomes
9854,2319,2023-10-24 09:50:22,Baxter
9855,2363,2023-04-11 07:08:44,Football
9856,2222,2023-02-19 00:08:08,highlights MMA
9857,131,2024-01-12 23:38:37,interview Mayweather
9858,1101,2023-12-05 05:11:49,full match Super Bowl
9859,2069,2023-06-27 17:55:13,highlights F1
9860,2457,2023-06-10 13:28:23,replay Mahomes
9861,2923,2023-03-26 02:40:30,documentary Darts
9862,2026,2023-03-02 00:53:59,Darts
9863,23,2023-03-20 20:23:01,documentary Football
9864,2886,2023-02-01 14:49:13,Johnson 2023
9865,2717,2023-08-17 06:02:44,full match MMA 2023
9866,1987,2023-01-28 12:40:39,Football
9867,972,2023-02-12 00:26:14,Mayweather
9868,2562,2023-10-11 10:10:52,interview Mahomes
9869,2590,2024-03-12 20:53:19,Tennis
9870,899,2024-03-11 08:42:03,replay Hamilton
9871,476,2023-05-05 21:18:47,replay Grand Prix
9872,1255,2023-01-09 21:48:50,highlights Kaufman
9873,2298,2023-02-16 11:17:54,interview Football
9874,1689,2023-11-08 13:42:53,Super Bowl
9875,831,2023-01-17 05:30:55,documentary Football
9876,231,2024-03-09 04:27:47,highlights Champions League 2024
9877,895,2023-06-06 14:19:07,documentary MMA
9878,2406,2023-05-24 05:28:29,interview Mahomes
9879,696,2024-03-03 18:45:01,replay Verstappen
9880,2189,2023-07-27 16:48:40,interview NFL 2024
9881,2520,2023-04-04 13:26:28,documentary Eichstätt
9882,2385,2023-10-01 08:19:59,replay New Joan
9883,237,2023-04-16 07:02:15,full match Grand Prix 2024
9884,1149,2024-01-10 22:36:00,replay Phillips
9885,2069,2023-03-09 06:12:08,highlights Brady
9886,1127,2023-10-26 02:40:09,highlights F1
9887,882,2023-07-09 05:03:36,Brady
9888,2070,2023-12-18 05:55:48,replay Tennis
9889,838,2023-02-12 07:10:43,highlights Grand Prix 2023
9890,1734,2023-07-31 21:25:37,Tennis
9891,2507,2023-07-13 22:36:10,replay World Cup
9892,970,2023-03-30 07:07:58,NFL
9893,630,2023-01-21 10:16:43,full match Boxing
9894,2156,2024-02-21 09:55:42,highlights Verstappen
9895,1468,2023-05-28 03:31:50,Champions League
9896,2560,2023-02-24 07:37:15,Joshua
9897,2167,2023-04-02 10:47:28,replay Darts
9898,802,2023-03-12 05:20:49,Champions League
9899,2676,2023-09-12 13:57:30,highlights F1
9900,2442,2023-09-17 04:05:15,interview Football
9901,2301,2024-03-16 02:09:48,replay Joshua
9902,1023,2023-08-06 06:53:28,documentary Mahomes
9903,2605,2024-03-27 16:05:29,replay World Cup
9904,1252,2023-01-16 13:40:46,documentary Super Bowl
9905,393,2023-02-05 06:00:18,documentary Grand Prix
9906,927,2024-03-27 22:45:42,documentary Mayweather
9907,527,2023-08-03 11:28:20,interview MMA
9908,2613,2024-03-22 18:28:51,highlights F1
9909,2289,2024-01-04 15:18:42,documentary Football
9910,2708,2023-05-23 00:01:40,documentary Reichmann
9911,2986,2023-09-30 06:15:04,replay Verstappen
9912,1433,2023-06-10 23:29:40,NFL
9913,469,2023-03-28 18:39:50,F1 2023
9914,1571,2023-07-06 10:55:02,full match Mahomes
9915,985,2023-11-01 00:36:17,highlights Boxing
9916,838,2023-06-22 23:40:57,full match Hamilton
9917,335,2023-11-13 16:33:42,F1
9918,91,2023-05-13 23:48:55,interview Pfaffenhofen an der Ilm
9919,448,2023-08-01 09:57:59,Verstappen
9920,1452,2023-03-03 18:14:25,replay Verstappen
9921,2990,2023-10-24 01:03:20,World Cup
9922,308,2023-05-05 18:48:23,NFL 2024
9923,577,2023-04-20 16:21:15,replay Monschau
9924,529,2023-05-23 17:50:18,Boxing
9925,2174,2024-03-03 12:57:57,full match Smithshire
9926,300,2024-02-06 05:17:19,documentary Boxing
9927,954,2023-02-13 21:35:22,documentary Mayweather
9928,1144,2023-09-29 11:57:01,full match Grand Prix
9929,1053,2024-01-11 04:26:05,full match Mayweather
9930,2117,2023-05-05 20:20:15,interview Hamilton
9931,2741,2024-02-10 02:59:03,Football 2023
9932,1181,2023-01-15 16:55:12,Grand Prix 2024
9933,713,2023-09-17 06:04:37,documentary World Cup
9934,347,2023-01-10 07:18:12,replay Boxing
9935,2128,2023-05-29 05:11:33,full match World Cup 2023
9936,1948,2024-02-29 04:13:02,replay Joshua
9937,2663,2023-10-08 10:53:50,replay Brady
9938,2616,2023-06-16 10:37:53,replay World Cup
9939,1940,2024-01-19 17:35:38,documentary Brady
9940,1903,2024-02-19 13:19:33,documentary Grand Prix
9941,72,2023-09-14 07:20:52,Grand Prix
9942,183,2023-11-04 01:48:25,Port Danielstad
9943,1095,2023-10-07 02:48:18,highlights MMA
9944,2947,2024-02-18 01:50:59,interview Grand Prix 2023
9945,824,2023-01-08 22:15:55,Boxing
9946,2120,2023-08-02 01:44:31,documentary World Cup
9947,1880,2024-01-10 12:54:17,Hamilton
9948,229,2023-05-27 14:10:12,F1
9949,1313,2023-02-25 09:00:40,highlights Super Bowl
9950,1107,2023-06-07 00:22:12,full match Brady
9951,1390,2023-11-16 22:18:56,MMA
9952,159,2023-04-03 13:28:06,full match Hamilton
9953,135,2023-07-15 01:29:46,West Donnastad
9954,499,2023-02-22 15:42:55,Verstappen
9955,2623,2023-07-01 02:49:52,full match Super Bowl
9956,470,2023-07-13 06:29:11,replay Etzler 2023
9957,2013,2023-05-12 20:40:00,Grand Prix
9958,115,2023-01-05 05:56:55,documentary MMA
9959,2155,2023-06-27 05:43:20,Football
9960,2789,2023-10-31 10:01:47,documentary Verstappen
9961,2345,2024-03-04 21:54:24,highlights East Sethville
9962,1197,2023-12-12 00:08:40,documentary Grand Prix 2024
9963,2348,2023-03-14 21:21:07,World Cup
9964,439,2023-08-26 12:25:29,World Cup
9965,1261,2023-12-17 00:44:01,full match Premier League
9966,1659,2023-08-09 23:33:56,Mahomes
9967,1093,2023-11-02 18:31:23,interview World Cup
9968,2181,2023-07-26 03:15:52,Mahomes
9969,23,2023-05-26 23:24:50,highlights NFL
9970,2553,2023-10-25 11:20:32,documentary World Cup 2023
9971,1930,2023-09-08 07:58:13,interview Mahomes
9972,2522,2023-04-26 03:02:52,highlights NFL
9973,760,2023-12-14 05:35:03,interview Hamilton
9974,1171,2023-07-08 07:07:07,NFL
9975,1027,2023-11-25 04:33:56,documentary Sandoval
9976,2229,2023-07-27 12:36:44,interview Boxing
9977,2385,2023-05-11 05:29:07,documentary NFL
9978,533,2023-10-10 01:40:59,documentary Tennis
9979,2859,2023-10-14 17:08:24,full match Hamilton
9980,357,2023-11-12 14:20:46,full match Joshua
9981,1263,2023-03-22 23:32:35,interview Mahomes 2024
9982,1502,2023-10-11 11:55:13,highlights Tennis
9983,437,2024-02-22 23:52:36,Verstappen 2024
9984,1964,2023-11-06 08:10:50,Premier League
9985,2886,2023-01-17 16:19:59,full match Tennis
9986,1169,2023-10-17 16:51:49,Super Bowl
9987,1185,2023-03-31 02:24:23,replay Brady
9988,1289,2023-01-14 23:38:28,highlights Grand Prix
9989,960,2023-01-26 12:19:33,MMA 2024
9990,167,2023-01-04 21:04:23,full match Mahomes
9991,2824,2023-04-19 23:18:31,Mahomes
9992,2696,2023-07-21 03:22:35,documentary Joshua
9993,2925,2023-04-21 14:13:28,Champions League
9994,262,2024-01-24 06:51:03,documentary Darts
9995,2083,2023-11-09 05:17:21,full match Tennis 2023
9996,1255,2023-03-30 12:42:52,highlights Darts
9997,566,2024-02-06 20:54:45,highlights World Cup
9998,1093,2023-03-24 15:29:15,Mayweather
9999,1127,2023-07-27 21:20:43,replay World Cup
10000,708,2023-10-30 07:53:16,interview NFL
10001,252,2024-03-09 19:55:27,highlights Premier League 2024
10002,1970,2023-06-20 17:08:50,full match Joshua
10003,2299,2023-09-06 04:13:55,interview Mahomes
10004,848,2023-11-22 03:31:26,replay Hamilton
10005,2880,2023-11-27 20:29:20,full match Mahomes
10006,2272,2023-02-03 19:45:52,Champions League
10007,666,2023-12-18 15:09:27,highlights Mayweather
10008,2907,2023-12-28 15:36:12,documentary Champions League
10009,1045,2023-03-07 00:28:38,full match Super Bowl 2024
10010,2565,2023-08-18 22:13:24,documentary Champions League
10011,368,2023-02-18 01:15:51,interview NFL
10012,2772,2023-06-15 14:39:17,interview Mayweather
10013,1835,2024-01-19 23:07:59,highlights World Cup
10014,1147,2023-01-21 05:39:37,full match Joshua 2023
10015,2254,2023-02-10 05:28:32,Mayweather 2024
10016,1978,2023-01-05 20:30:58,replay Hamilton
10017,784,2024-01-29 13:20:36,MMA
10018,851,2023-06-11 00:17:56,Grand Prix
10019,356,2023-10-04 10:56:21,highlights Mayweather
10020,2501,2023-06-02 05:48:59,documentary Tennis
10021,925,2023-08-20 18:51:20,Grand Prix
10022,1998,2023-11-02 12:52:02,highlights Football
10023,507,2023-11-08 19:29:25,documentary World Cup
10024,2527,2023-08-15 14:41:08,highlights Joshua
10025,940,2024-01-12 00:33:18,replay Joshua
10026,363,2023-03-13 03:17:56,interview Mahomes
10027,687,2023-03-11 03:51:05,Football
10028,2839,2024-01-10 13:32:50,full match Premier League
10029,168,2023-07-20 08:21:53,documentary Super Bowl 2024
10030,1864,2024-03-11 19:09:36,Champions League
10031,1466,2023-11-16 08:39:21,Tennis
10032,1050,2024-01-09 12:37:20,interview Darts
10033,741,2023-03-17 18:13:27,Mayweather
10034,2731,2023-10-28 17:47:30,interview F1
10035,2634,2024-02-10 08:24:10,World Cup
10036,153,2024-03-09 02:56:52,documentary Champions League
10037,2300,2023-05-20 15:15:14,documentary World Cup
10038,2252,2024-01-23 23:17:34,full match Richards
10039,221,2023-07-03 18:49:54,documentary Darts
10040,1829,2023-03-30 20:22:06,documentary Hamilton 2023
10041,1332,2023-11-25 12:29:21,documentary Champions League
10042,1376,2023-07-04 10:07:49,Super Bowl
10043,2906,2023-05-05 15:07:32,interview Verstappen
10044,1958,2023-11-02 07:36:38,full match Mahomes
10045,1061,2023-04-04 11:55:50,Hamilton
10046,1644,2024-01-18 09:19:20,replay Ditschlerin
10047,583,2024-02-09 15:03:02,replay Hamilton
10048,118,2023-05-04 15:53:23,Brady
10049,610,2023-06-17 17:29:27,documentary MMA
10050,1221,2023-02-08 15:33:21,interview Premier League
10051,1369,2023-10-01 03:39:00,Premier League
10052,1335,2023-09-05 06:48:42,Grand Prix
10053,700,2024-02-24 13:54:45,full match NFL
10054,427,2024-01-22 12:44:23,replay Grand Prix
10055,2133,2023-05-12 00:55:30,Wunsiedel
10056,2017,2023-11-24 19:32:07,Boxing
10057,1938,2023-12-24 03:07:29,documentary MMA
10058,873,2023-05-29 06:31:38,documentary F1 2024
10059,1131,2023-02-12 14:39:06,interview Mayweather
10060,548,2023-04-19 16:38:43,documentary F1
10061,552,2023-12-04 04:20:15,Verstappen
10062,2697,2023-11-29 16:20:23,interview Warrentown
10063,2142,2023-06-15 16:15:01,replay Hamilton
10064,532,2024-02-13 18:22:48,interview Premier League
10065,1636,2023-01-07 07:52:00,Premier League 2024
10066,2711,2024-02-05 14:38:13,Mayweather
10067,1538,2023-02-06 11:34:44,replay World Cup
10068,291,2024-03-15 11:25:45,documentary Hamilton
10069,1826,2023-12-02 11:52:43,highlights Football
10070,583,2023-06-19 03:23:31,Verstappen
10071,1381,2023-06-28 09:59:47,highlights Fliegner
10072,1895,2023-04-01 14:29:17,documentary Brady 2024
10073,2662,2023-04-30 03:32:56,Grand Prix
10074,2040,2023-02-18 10:59:42,Boxing
10075,2908,2023-08-08 07:23:07,full match Hull 2024
10076,1870,2023-04-02 19:23:42,Tennis
10077,151,2023-04-12 01:49:27,World Cup
10078,2928,2023-11-12 23:40:40,World Cup
10079,1832,2023-10-11 07:39:04,Grand Prix
10080,823,2024-02-12 00:48:25,documentary New Brian
10081,323,2023-12-07 05:49:17,documentary Mayweather
10082,1550,2023-02-03 14:45:34,documentary Premier League
10083,1982,2023-11-09 04:58:46,Super Bowl
10084,926,2023-06-25 19:17:20,full match Tennis
10085,122,2023-12-26 09:49:04,documentary Premier League
10086,2593,2023-03-08 16:10:38,documentary Football 2023
10087,775,2024-02-14 06:26:40,Champions League
10088,2945,2023-06-11 10:25:16,Joshua
10089,2314,2023-08-18 19:30:30,replay NFL
10090,2392,2023-10-14 05:59:21,documentary Tennis
10091,798,2024-01-24 08:57:58,Dalyshire 2023
10092,1486,2023-03-23 17:01:42,highlights Brady
10093,965,2023-05-26 21:25:35,full match Altötting
10094,1039,2023-02-16 17:23:28,Football
10095,2570,2023-01-27 15:44:32,Mahomes 2024
10096,25,2023-10-24 02:36:38,full match Hamilton
10097,1111,2023-08-31 16:53:54,F1
10098,734,2023-04-03 07:23:24,full match Darts
10099,183,2023-01-23 06:22:28,replay Joshua
10100,2734,2023-10-17 23:21:14,MMA
10101,2141,2023-10-29 23:44:40,replay MMA
10102,400,2023-07-14 16:37:35,Champions League
10103,903,2024-01-17 05:28:18,replay Champions League
10104,1866,2023-07-26 03:42:51,documentary MMA
10105,2453,2023-03-26 03:12:35,Brady
10106,2810,2023-04-29 03:16:05,Super Bowl
10107,2536,2023-03-19 23:57:56,Darts
10108,185,2023-07-31 14:07:11,documentary Premier League
10109,233,2023-04-25 22:22:23,Joshua
10110,2208,2023-01-11 13:15:12,documentary Darts
10111,1969,2023-06-28 12:03:09,World Cup
10112,1617,2023-11-21 00:49:45,replay Joshua
10113,293,2023-02-20 19:07:09,full match Boxing 2023
10114,1089,2023-05-08 20:56:08,replay F1
10115,1156,2023-07-17 22:14:35,Leipziger Land
10116,410,2023-01-21 08:41:11,NFL
10117,1673,2023-07-02 14:18:27,Grand Prix
10118,880,2023-02-19 03:24:17,NFL
10119,100,2024-01-22 00:09:34,replay MMA
10120,595,2023-07-08 01:26:27,documentary NFL
10121,2034,2023-10-05 05:29:27,highlights Youngfurt
10122,975,2023-06-12 00:01:57,full match Darts
10123,2492,2023-10-29 03:04:28,Potter
10124,2127,2023-04-29 20:03:33,highlights F1
10125,1516,2023-08-26 21:15:42,documentary Joshua
10126,2401,2024-02-10 21:51:30,full match Joshua
10127,1698,2023-10-12 14:59:54,full match MMA
10128,2159,2023-02-03 18:45:04,full match Premier League
10129,2371,2024-02-21 23:57:00,documentary Darts
10130,2735,2024-02-17 13:31:11,highlights Champions League
10131,2600,2024-02-17 01:24:19,highlights Warren
10132,1948,2024-03-06 17:43:55,highlights Tennis 2023
10133,1865,2023-08-06 23:27:29,documentary Bayreuth
10134,2706,2023-01-13 03:49:14,highlights Sauer
10135,2900,2023-02-23 16:07:34,Verstappen
10136,2977,2023-11-22 00:08:30,documentary Mahomes
10137,2390,2024-03-03 09:14:00,Grand Prix
10138,2102,2023-02-02 15:53:57,New Karaport
10139,2642,2023-07-25 20:18:08,interview Grand Prix
10140,634,2023-08-06 03:59:50,full match Super Bowl
10141,2378,2023-02-16 18:38:30,full match World Cup
10142,1011,2023-02-17 04:18:35,documentary Premier League
10143,1095,2023-10-23 05:47:35,replay World Cup
10144,1045,2023-07-09 19:11:29,documentary Grand Prix
10145,1482,2023-09-18 05:19:09,full match Port Oliviaside
10146,1423,2023-07-02 05:46:46,highlights Boxing
10147,2014,2023-05-08 05:56:47,World Cup
10148,1920,2023-11-11 20:30:06,full match Mahomes
10149,1645,2023-04-18 11:55:35,documentary F1
10150,2391,2023-03-20 03:05:33,documentary Grand Prix
10151,1955,2023-07-16 23:57:55,replay Football
10152,726,2023-04-16 23:54:17,highlights Football
10153,1530,2023-10-24 16:32:26,interview Hamilton
10154,984,2024-03-02 03:27:26,interview Hamilton
10155,2641,2023-07-04 10:38:03,interview World Cup
10156,2482,2023-12-08 14:04:32,full match Joshua
10157,2125,2023-06-22 08:01:39,documentary MMA
10158,796,2023-06-28 09:35:47,documentary Darts 2023
10159,1198,2023-09-27 22:38:17,MMA
10160,1482,2023-09-06 17:49:53,documentary Mahomes
10161,2460,2023-09-09 16:08:33,NFL
10162,373,2023-11-17 01:06:04,full match F1
10163,1324,2024-03-11 23:42:57,replay NFL 2024
10164,2946,2023-10-18 18:54:21,documentary World Cup 2024
10165,570,2023-03-29 01:55:31,highlights F1
10166,748,2023-06-01 16:46:16,replay Mayweather
10167,939,2023-06-05 19:34:36,full match Boxing 2024
10168,2037,2023-07-03 20:12:17,documentary Joshua
10169,2418,2023-01-14 20:45:08,Mahomes
10170,187,2024-03-28 04:37:43,highlights Champions League
10171,2851,2023-03-30 03:43:42,Super Bowl 2023
10172,585,2023-03-20 10:58:11,interview Walker
10173,416,2023-03-17 02:22:42,full match Joshua
10174,2015,2023-02-02 07:35:16,replay Boxing
10175,1810,2023-10-30 11:54:51,Mayweather
10176,524,2023-01-03 07:29:06,full match Tennis
10177,1782,2023-11-15 21:33:30,replay Boxing
10178,999,2023-10-04 02:30:04,documentary Joshua
10179,1406,2023-10-26 03:18:26,Melsungen
10180,877,2023-01-04 22:10:49,interview Boxing
10181,149,2024-01-28 22:53:40,replay Premier League
10182,1213,2023-06-11 00:25:41,full match F1
10183,196,2023-10-31 21:34:40,replay Gonzalez
10184,2129,2023-05-11 12:22:18,interview Verstappen
10185,1628,2023-03-07 22:31:10,Brady
10186,1413,2024-03-27 09:33:11,interview Champions League
10187,621,2023-01-28 19:18:06,Holzminden
10188,2153,2023-04-08 05:31:30,replay Darts
10189,697,2023-04-02 16:44:57,documentary Super Bowl
10190,414,2023-10-10 01:15:37,full match MMA
10191,1164,2023-08-23 05:38:18,documentary Boxing
10192,1956,2024-01-03 21:55:21,interview Boxing
10193,2502,2023-12-13 02:34:00,Campbellville
10194,2044,2023-11-19 16:22:43,full match Boxing
10195,119,2023-10-14 05:23:22,full match NFL
10196,2585,2023-08-25 00:19:31,full match Super Bowl
10197,200,2023-02-05 15:13:59,Macias
10198,297,2023-01-28 06:08:17,highlights World Cup
10199,1444,2023-05-06 23:16:41,interview Eberhardt
10200,1840,2023-09-16 17:16:21,full match Garza
10201,2945,2024-01-14 04:12:58,replay Champions League
10202,1067,2023-03-29 16:54:59,documentary Darts
10203,1202,2023-08-28 01:27:15,interview Premier League
10204,583,2023-12-14 00:04:29,Super Bowl
10205,795,2023-05-11 22:44:59,interview Verstappen
10206,1464,2023-01-14 00:00:06,Tennis
10207,2908,2023-08-01 18:19:14,full match Premier League
10208,498,2023-06-24 05:02:05,documentary Mahomes
10209,2247,2023-05-23 08:25:31,documentary Mayweather
10210,1557,2023-09-04 19:51:59,replay Brady
10211,2603,2024-03-25 06:41:42,replay Mahomes
10212,1470,2023-12-28 17:18:32,interview Boxing
10213,181,2023-10-17 19:52:04,interview Joshua
10214,4,2023-08-21 16:24:35,documentary Mayweather
10215,77,2023-09-20 21:00:50,interview Super Bowl
10216,1948,2024-03-21 21:08:32,interview MMA
10217,2145,2023-11-25 22:53:50,documentary Brady
10218,393,2024-03-20 04:30:41,replay Tennis
10219,1115,2023-09-02 03:13:43,interview Boxing
10220,2942,2023-05-02 18:41:45,Super Bowl
10221,1470,2023-03-29 10:31:45,Verstappen
10222,2795,2023-12-23 23:22:38,documentary Football
10223,2,2023-05-27 19:40:48,Grand Prix 2024
10224,1161,2023-11-16 02:09:56,interview Abbottton
10225,2465,2023-12-29 21:27:07,documentary Darts
10226,1630,2023-11-04 13:03:26,highlights Grand Prix
10227,1734,2023-11-06 16:01:10,Boxing
10228,439,2023-09-23 02:35:31,full match East Crystalfort
10229,544,2023-09-05 04:00:04,highlights Super Bowl 2024
10230,2185,2023-05-24 22:09:17,highlights F1
10231,1567,2023-01-07 15:06:32,Grand Prix
10232,572,2023-12-18 05:45:27,highlights MMA
10233,2424,2023-05-02 00:26:22,highlights Tennis
10234,778,2023-07-29 15:28:59,documentary Premier League
10235,1534,2023-07-05 10:10:19,full match F1
10236,2029,2023-12-25 12:43:41,interview Boxing
10237,101,2023-08-25 11:19:34,replay Hamilton
10238,47,2024-02-01 12:22:39,full match NFL
10239,1852,2023-03-09 00:10:01,Darts
10240,2307,2023-01-07 08:04:36,F1
10241,871,2023-05-14 13:43:17,interview Tennis
10242,2853,2023-11-13 23:19:41,interview Super Bowl
10243,1076,2023-12-24 17:24:26,interview Verstappen
10244,1412,2023-06-08 22:15:40,replay Champions League
10245,2475,2023-03-05 12:01:01,replay Verstappen
10246,242,2024-01-16 14:49:43,documentary World Cup 2023
10247,1430,2023-03-08 10:50:40,highlights Premier League
10248,1731,2023-03-11 09:13:13,documentary NFL
10249,2166,2023-12-28 19:00:42,Premier League
10250,1344,2024-02-17 21:52:22,documentary Grand Prix
10251,313,2023-09-15 00:45:49,Premier League
10252,2238,2023-08-06 04:09:22,F1
10253,2497,2023-08-22 04:37:10,Verstappen
10254,78,2024-02-19 09:08:45,highlights NFL
10255,127,2023-02-25 23:15:08,interview Mayweather
10256,636,2023-08-07 03:26:48,highlights Morgan
10257,1460,2023-10-03 05:54:12,documentary Carpenter
10258,939,2024-01-12 02:39:10,highlights NFL
10259,345,2023-11-08 19:40:28,full match Super Bowl
10260,2918,2023-01-20 02:28:26,interview Joshua
10261,527,2023-10-06 22:12:15,Joshua
10262,2910,2023-09-16 17:52:01,documentary Verstappen
10263,1126,2023-06-08 13:16:28,documentary Champions League
10264,223,2023-12-02 17:55:39,highlights NFL
10265,136,2023-07-24 21:41:32,interview F1
10266,200,2023-01-21 23:56:28,documentary F1
10267,713,2023-02-14 08:17:33,Super Bowl
10268,1711,2023-08-09 04:22:04,interview Hamilton
10269,154,2023-03-29 18:06:00,replay Tennis
10270,1015,2023-02-16 21:29:53,interview Darts
10271,1819,2024-03-22 04:07:56,Jones
10272,126,2024-01-22 11:39:19,highlights Darts
10273,2961,2023-03-12 01:46:37,documentary Boxing 2024
10274,1911,2023-04-08 01:09:46,replay Darts
10275,2352,2023-10-25 22:00:55,documentary Champions League
10276,525,2024-03-02 05:53:18,documentary Hamilton
10277,5,2023-03-28 13:08:54,highlights Gillshire
10278,1863,2024-03-07 05:45:49,full match Joshua
10279,1788,2023-10-01 03:57:01,interview F1
10280,2085,2024-03-11 05:13:10,Hamilton 2024
10281,1168,2023-02-08 22:13:29,interview Joshua 2024
10282,312,2023-03-07 01:56:32,interview Grand Prix
10283,2950,2024-03-04 16:03:39,Super Bowl
10284,2889,2023-03-29 22:03:54,replay NFL
10285,779,2023-09-26 23:32:23,highlights Tennis
10286,2530,2023-04-04 22:27:35,highlights F1
10287,1592,2023-10-03 00:51:59,Grand Prix
10288,2789,2024-03-03 08:19:05,Verstappen
10289,1295,2023-10-20 13:25:15,Grand Prix
10290,2090,2024-01-18 06:39:11,Mayweather
10291,244,2023-07-25 11:09:30,interview Mayweather
10292,2161,2023-02-09 20:40:02,MMA
10293,106,2023-11-18 05:01:59,full match Mayweather
10294,1925,2023-06-22 13:41:57,Tennis
10295,1066,2023-11-15 02:13:40,Mainburg
10296,1188,2023-09-05 17:40:37,highlights Grand Prix
10297,569,2024-01-06 21:53:16,full match Grand Prix
10298,2533,2023-12-30 02:02:50,full match Hamilton
10299,2882,2023-04-02 00:50:46,highlights Tennis
10300,2973,2023-10-29 22:44:18,replay MMA
10301,633,2024-01-16 21:47:11,Mayweather
10302,1480,2023-04-30 14:20:11,interview MMA
10303,1603,2023-05-21 22:10:05,full match Football
10304,1614,2023-10-08 14:15:35,Brady
10305,2544,2023-02-22 00:35:05,highlights Boxing
10306,2042,2024-01-05 08:11:46,interview F1
10307,1921,2023-05-21 23:11:54,replay Football 2024
10308,2492,2024-03-24 18:32:33,replay Super Bowl
10309,12,2023-11-10 12:52:58,replay F1
10310,1193,2023-08-28 21:16:18,replay World Cup
10311,1490,2023-08-16 10:18:47,Mahomes
10312,1647,2024-03-13 13:00:38,documentary Grand Prix 2024
10313,915,2023-01-23 10:35:25,documentary Mayweather
10314,1436,2023-06-10 04:22:48,highlights Football
10315,1538,2023-01-12 15:53:49,replay Champions League 2024
10316,2924,2023-05-06 00:14:45,Mahomes
10317,1457,2023-01-11 06:06:35,interview Premier League
10318,8,2024-01-12 11:38:31,highlights Premier League
10319,1038,2023-07-03 10:58:24,highlights Tennis
10320,2737,2023-11-23 23:04:54,highlights Mayweather
10321,491,2024-03-17 10:01:45,replay Premier League
10322,1125,2023-11-07 06:50:03,full match Verstappen
10323,2643,2023-09-22 03:10:16,full match World Cup
10324,731,2024-02-07 11:50:46,Hamilton 2023
10325,1559,2024-01-18 07:33:58,documentary Darts
10326,1428,2024-01-13 09:44:04,NFL
10327,528,2024-01-24 02:22:43,full match Brady
10328,2165,2023-08-27 07:42:28,World Cup
10329,532,2023-04-21 00:30:05,replay Brady
10330,1179,2023-01-10 01:10:47,full match Darts
10331,2200,2024-02-17 10:29:34,interview Hamilton
10332,76,2023-12-01 15:16:06,interview Mahomes
10333,2428,2023-06-28 04:20:22,highlights Darts
10334,1605,2023-12-14 22:00:03,F1
10335,1331,2023-05-30 12:13:52,full match Joshua
10336,640,2023-04-11 17:22:53,highlights Tennis 2023
10337,771,2023-12-24 10:47:27,Darts
10338,1743,2023-07-12 11:08:24,Super Bowl
10339,990,2023-11-05 03:17:39,Premier League
10340,1004,2023-03-08 01:45:36,Mahomes
10341,1433,2024-02-10 05:35:53,highlights Verstappen
10342,1012,2023-01-09 08:53:39,interview Joshua
10343,1179,2023-07-11 04:47:15,full match Joshua
10344,2759,2023-02-08 15:33:01,full match MMA
10345,777,2023-03-18 14:09:49,highlights Tennis
10346,1303,2023-10-03 03:57:18,interview Hamilton
10347,2686,2023-09-13 16:26:27,Kim
10348,2740,2023-08-17 12:09:44,Hamilton
10349,1070,2023-08-26 22:07:32,documentary Premier League
10350,1532,2023-01-26 21:49:58,interview Grand Prix
10351,2375,2024-02-27 04:08:19,highlights World Cup
10352,2195,2023-11-29 09:46:11,MMA
10353,2439,2023-06-20 22:27:58,Tennis 2024
10354,1484,2023-06-24 23:06:02,highlights World Cup
10355,656,2024-03-17 17:23:46,highlights Feuchtwangen
10356,179,2024-01-01 04:04:30,highlights Champions League
10357,1458,2024-02-13 09:27:36,full match Mahomes
10358,1399,2023-09-14 17:58:14,replay Grand Prix
10359,966,2023-01-11 12:28:04,Grand Prix 2023
10360,2603,2023-11-21 17:41:18,highlights Mayweather
10361,260,2023-01-08 23:55:37,Mayweather
10362,1590,2023-05-11 01:27:04,interview Mahomes
10363,934,2023-09-24 12:33:56,F1
10364,791,2023-11-07 04:27:17,Champions League
10365,695,2023-05-29 09:39:56,replay F1
10366,2388,2023-05-30 23:27:57,full match Tennis
10367,388,2023-01-22 04:08:09,replay Brady
10368,443,2023-01-30 17:51:31,NFL
10369,2185,2023-06-05 22:37:21,full match Football
10370,1467,2024-01-30 12:53:30,Premier League
10371,2857,2023-03-20 19:59:20,Tennis
10372,1248,2023-11-27 08:33:57,documentary Smith
10373,639,2024-03-10 17:47:43,interview Grand Prix
10374,1388,2024-01-27 03:00:42,World Cup
10375,2788,2023-06-09 08:28:14,Champions League
10376,2626,2024-03-25 09:13:13,highlights Boxing 2023
10377,1723,2024-03-22 19:25:36,Mahomes
10378,2710,2023-03-06 20:33:20,replay NFL
10379,1892,2023-08-06 13:08:01,documentary Boxing 2023
10380,752,2023-07-17 18:28:17,highlights MMA
10381,2917,2024-01-13 06:56:58,Football
10382,653,2023-07-01 06:39:46,NFL
10383,1821,2024-02-02 07:38:03,Hamilton
10384,2870,2023-08-17 00:30:44,replay F1
10385,1507,2023-08-11 16:42:30,replay Brady
10386,2874,2023-09-11 04:53:11,F1
10387,1781,2023-08-08 21:09:25,documentary Premier League
10388,2032,2023-11-05 08:08:59,highlights NFL
10389,1274,2024-01-17 23:04:55,highlights Schleiz
10390,2193,2023-09-29 07:44:24,documentary Champions League 2023
10391,1045,2023-01-24 05:20:23,replay Verstappen
10392,2706,2023-10-21 23:50:06,highlights World Cup
10393,2085,2023-06-19 20:43:07,Premier League
10394,1272,2024-02-28 13:16:31,interview Verstappen
10395,1129,2023-12-16 14:40:48,highlights World Cup
10396,889,2023-11-19 14:04:59,Hamilton
10397,1598,2023-08-01 06:27:49,documentary World Cup
10398,232,2023-05-20 00:01:43,highlights Mahomes
10399,2122,2023-09-21 01:37:18,interview Tennis
10400,2159,2023-06-28 03:10:00,F1
10401,184,2023-07-15 00:50:01,interview NFL
10402,1907,2024-01-07 04:26:49,Hamilton 2024
10403,811,2023-11-23 02:00:11,full match Haldensleben
10404,2240,2023-05-26 00:40:44,F1
10405,2579,2024-03-06 04:53:59,full match Joshua 2023
10406,2702,2023-05-24 10:20:28,full match Joshua 2024
10407,105,2023-09-06 20:36:39,documentary Brady
10408,2232,2023-07-24 02:35:08,highlights Premier League
10409,892,2023-12-07 02:25:31,full match Darts
10410,1804,2023-03-18 13:11:24,interview Hamilton
10411,2398,2023-03-28 02:47:38,highlights Joshua
10412,2451,2023-08-17 22:00:35,F1
10413,2409,2023-06-23 02:51:03,Joshua 2023
10414,1384,2023-01-30 05:41:23,documentary Hamilton 2024
10415,1996,2024-02-15 12:21:30,full match World Cup
10416,1988,2023-08-25 06:21:16,interview MMA
10417,1938,2023-09-12 23:58:29,replay Hamilton
10418,2450,2023-12-10 06:06:41,interview Tennis
10419,1064,2024-01-23 19:43:47,Grand Prix
10420,2032,2023-07-20 04:36:59,Champions League
10421,1125,2023-11-04 22:22:07,highlights Grand Prix 2024
10422,2636,2024-01-28 05:52:58,highlights Football
10423,2582,2023-11-18 04:03:43,World Cup 2024
10424,2762,2023-05-01 08:12:27,full match World Cup
10425,2618,2024-01-10 15:13:42,Joshua
10426,2124,2023-01-09 19:31:02,highlights Premier League
10427,239,2024-02-23 13:41:18,documentary F1
10428,2652,2024-03-11 02:21:57,interview Bohnbach
10429,113,2023-05-28 01:02:14,Mayweather
10430,2423,2024-03-30 23:53:20,highlights Mahomes
10431,2438,2023-04-30 22:40:24,full match MMA 2024
10432,2758,2024-02-23 19:35:51,Taylor 2023
10433,1893,2023-07-29 05:51:41,interview Tennis
10434,2207,2024-01-31 18:07:26,interview Joshua 2024
10435,1929,2024-03-19 04:07:34,Tennis
10436,2932,2023-08-12 23:46:06,full match Boxing
10437,1847,2023-12-22 05:55:17,South Stacyhaven
10438,777,2023-09-06 22:31:36,full match Super Bowl
10439,69,2023-05-18 04:55:22,replay Mayweather
10440,258,2023-10-31 11:48:21,highlights Tennis
10441,2647,2023-07-28 03:18:49,Football
10442,126,2023-01-22 17:14:17,Grand Prix
10443,146,2023-04-07 05:34:26,documentary Grand Prix
10444,1231,2023-12-29 12:04:44,World Cup
10445,2723,2023-03-31 09:01:42,highlights Football
10446,2345,2024-03-29 04:49:52,full match West Brittanyborough
10447,2522,2024-03-28 05:01:21,highlights Super Bowl 2024
10448,2919,2023-04-16 06:19:41,full match Joshua
10449,1374,2024-02-15 15:33:51,highlights Super Bowl
10450,1135,2023-03-04 13:40:44,highlights F1 2023
10451,2774,2023-03-26 11:05:08,Super Bowl
10452,88,2023-09-13 07:17:39,replay Premier League
10453,767,2023-10-13 17:46:56,full match Joshua
10454,1540,2023-11-30 01:27:25,documentary F1
10455,661,2023-07-22 08:12:17,interview Premier League
10456,1555,2023-09-14 18:21:43,interview Tennis
10457,388,2023-10-01 00:54:41,Bensonton
10458,479,2024-03-25 00:50:41,full match Mahomes
10459,2662,2024-01-15 00:01:44,full match Tennis
10460,1552,2023-10-06 13:54:53,Super Bowl
10461,2429,2023-09-25 06:29:41,World Cup
10462,1274,2023-03-21 08:43:57,replay Sullivan
10463,604,2023-12-28 07:55:37,replay Super Bowl 2023
10464,2458,2023-01-03 12:32:14,documentary Football
10465,2126,2023-03-18 00:12:06,full match Premier League
10466,837,2024-01-27 23:33:21,documentary Premier League
10467,2110,2023-05-31 09:40:27,full match Mayweather
10468,2524,2024-02-21 05:27:22,documentary Premier League
10469,2887,2023-01-11 04:55:05,highlights Boxing 2023
10470,1823,2023-01-19 21:06:56,highlights Mahomes
10471,2498,2024-02-22 11:00:29,interview Super Bowl
10472,2867,2023-07-25 02:08:20,replay F1
10473,1181,2023-08-13 09:30:11,highlights Super Bowl
10474,800,2023-11-30 08:01:06,highlights Grand Prix
10475,2996,2023-06-16 02:24:50,Hamilton
10476,1859,2024-01-03 23:58:19,highlights F1
10477,2745,2023-08-11 08:37:19,Mahomes
10478,193,2024-03-14 00:26:13,interview Football
10479,1081,2024-02-02 21:29:56,Tennis
10480,200,2023-07-05 10:20:47,replay Brady
10481,903,2023-06-19 21:57:17,NFL
10482,93,2023-11-08 07:42:29,replay Football
10483,881,2023-07-20 21:05:44,full match Brady
10484,2710,2023-04-07 14:33:08,Joshua
10485,1305,2023-06-23 13:01:03,interview Hettstedt
10486,174,2023-05-15 18:35:40,Boxing 2023
10487,812,2024-03-07 12:05:32,Grand Prix
10488,2616,2024-02-26 17:18:59,highlights Football
10489,1705,2024-02-02 20:49:28,full match Champions League
10490,1037,2023-02-16 04:17:14,replay Darts
10491,1286,2024-01-18 18:09:29,highlights Premier League 2024
10492,889,2023-11-10 01:06:16,full match MMA
10493,969,2023-02-28 00:13:37,interview F1
10494,1806,2023-07-27 18:06:07,Football
10495,468,2023-12-15 08:49:37,World Cup
10496,2634,2023-10-26 04:08:10,NFL
10497,2182,2023-11-13 19:57:30,Brady
10498,225,2023-08-09 21:03:05,replay Verstappen
10499,534,2023-01-16 19:01:13,World Cup
10500,70,2023-08-31 16:34:00,MMA
10501,1542,2024-01-08 04:25:14,replay Verstappen
10502,388,2023-10-23 03:41:11,documentary Grand Prix 2023
10503,471,2024-03-18 10:03:23,Brady
10504,1608,2023-08-13 15:50:21,Boxing
10505,1266,2023-02-26 11:27:52,interview Ochsenfurt
10506,2084,2023-08-26 00:11:06,highlights Tennis
10507,1706,2023-12-05 16:42:04,replay Boxing 2024
10508,1969,2023-03-25 06:19:29,highlights Joshua
10509,2810,2023-08-13 04:33:32,Champions League
10510,1065,2023-02-11 05:40:48,highlights Mayweather
10511,1851,2023-04-15 04:51:30,replay Tennis
10512,991,2023-02-05 18:02:35,documentary F1
10513,1188,2023-12-09 08:10:06,replay South Scott
10514,2964,2024-01-04 05:44:58,F1 2023
10515,1328,2023-04-12 03:05:56,highlights NFL
10516,2151,2024-01-31 13:23:03,Stone
10517,1984,2024-02-29 20:23:19,full match Grand Prix
10518,2311,2023-02-17 06:38:55,replay Grand Prix
10519,537,2023-10-29 20:18:38,highlights MMA
10520,576,2023-04-22 17:57:42,highlights Tennis
10521,453,2023-10-10 11:37:55,full match Football
10522,2977,2023-05-26 11:11:48,interview Premier League
10523,2283,2023-05-14 10:01:14,full match Smith
10524,1781,2024-02-14 21:00:31,Mahomes
10525,602,2024-01-01 06:05:48,interview Verstappen
10526,1715,2023-06-10 22:43:42,Renner
10527,2802,2023-06-05 09:38:20,Tennis 2023
10528,2073,2023-04-14 23:31:10,NFL
10529,618,2023-04-16 16:40:02,Mahomes
10530,1930,2023-05-19 23:36:46,full match Darts
10531,593,2024-02-23 05:27:30,highlights Mahomes
10532,860,2023-03-24 22:01:20,replay Tennis
10533,1374,2023-02-14 12:59:02,Mahomes
10534,305,2023-10-27 00:55:18,NFL
10535,925,2024-01-21 07:41:16,replay Mayweather
10536,2519,2024-03-29 18:14:37,full match Mayweather
10537,593,2023-08-08 05:15:07,Brady
10538,328,2023-09-24 21:25:45,Darts
10539,2929,2023-07-23 03:33:18,replay F1
10540,2118,2023-05-10 02:46:31,highlights Brady
10541,2575,2023-10-01 11:15:08,highlights Alyssaland
10542,846,2024-02-18 18:57:15,Grand Prix
10543,2204,2023-03-17 11:36:40,highlights Säuberlich
10544,266,2023-06-15 13:06:12,Football
10545,1370,2023-04-19 02:21:32,Boxing
10546,2809,2024-03-23 05:43:12,replay Mayweather
10547,1412,2023-03-29 04:09:44,full match Brady
10548,619,2023-03-12 21:41:20,World Cup
10549,1156,2023-09-15 08:10:14,Wohlgemut
10550,2401,2023-12-20 09:20:00,documentary Brady
10551,345,2024-01-02 01:21:20,Verstappen
10552,1594,2023-04-01 19:50:58,highlights Mahomes
10553,867,2023-11-09 03:05:37,highlights Football 2024
10554,191,2023-10-08 08:51:19,Segebahn
10555,2951,2023-07-02 20:25:42,full match Premier League
10556,446,2023-07-11 02:59:54,Tennis
10557,3000,2024-01-11 09:56:33,documentary Verstappen 2023
10558,345,2023-01-05 00:24:01,documentary Brady
10559,2394,2023-05-26 03:05:02,documentary Football
10560,117,2023-07-16 10:52:27,interview Boxing
10561,2072,2023-08-26 10:35:56,documentary Champions League
10562,2776,2023-06-15 11:40:47,highlights F1 2023
10563,296,2024-03-02 21:29:40,World Cup
10564,890,2024-01-11 18:05:48,replay Super Bowl
10565,576,2023-03-23 21:22:35,replay Mahomes
10566,896,2023-11-03 01:43:17,World Cup
10567,904,2023-04-26 15:06:26,highlights Mayweather
10568,826,2023-10-06 03:16:46,documentary NFL 2023
10569,99,2023-07-19 02:47:32,full match MMA
10570,2647,2023-05-05 04:25:58,documentary Scheinfeld
10571,2959,2023-02-21 07:44:28,documentary Grand Prix
10572,857,2023-11-17 08:52:09,highlights Hamilton
10573,1566,2024-01-20 14:08:18,replay Mayweather
10574,1989,2024-03-01 08:11:55,Super Bowl 2023
10575,1029,2023-06-24 09:37:37,replay Grand Prix
10576,507,2024-02-17 20:13:19,interview Mahomes
10577,2500,2023-04-11 19:58:11,highlights NFL
10578,1240,2023-02-12 07:33:34,MMA
10579,706,2023-09-10 00:59:03,MMA
10580,1833,2023-03-02 00:38:37,documentary Mahomes 2024
10581,1616,2023-09-19 17:48:05,highlights F1
10582,2468,2024-01-16 08:14:12,Boxing
10583,1088,2023-05-27 12:21:25,full match Hamilton
10584,178,2023-04-21 07:48:55,replay Sontag
10585,99,2023-11-13 20:12:52,replay Mahomes
10586,1067,2023-02-01 01:05:07,Grand Prix
10587,2854,2023-01-27 16:08:09,replay Hamilton
10588,635,2023-03-20 10:18:06,F1
10589,1762,2023-02-19 16:24:38,Mayweather
10590,1513,2023-08-05 18:48:55,replay Boxing
10591,208,2023-07-13 21:53:16,full match Darts
10592,637,2023-09-06 14:43:47,replay Stollberg 2023
10593,2725,2024-01-14 03:11:51,replay Mahomes 2024
10594,2021,2023-07-07 18:13:58,Grand Prix
10595,1123,2023-09-13 14:57:29,interview Boxing
10596,1631,2023-11-04 07:56:16,Hamilton
10597,83,2023-04-28 06:14:47,full match Super Bowl
10598,960,2024-01-27 21:23:17,replay F1
10599,2694,2023-10-16 03:39:53,full match Verstappen
10600,1441,2024-03-01 15:43:33,replay NFL
10601,92,2023-03-03 09:12:40,Tennis
10602,1519,2023-02-06 20:10:49,full match Verstappen
10603,2594,2023-09-29 06:57:57,full match Football
10604,2994,2023-05-14 02:36:21,World Cup
10605,2396,2023-07-14 23:53:19,full match Boxing
10606,1067,2023-06-10 04:46:02,North Melindabury 2024
10607,1971,2024-01-29 07:48:23,NFL 2024
10608,1121,2023-12-28 03:54:49,Darts
10609,1677,2023-09-15 13:43:35,Hamilton 2023
10610,2396,2023-08-13 15:35:26,Verstappen
10611,461,2023-11-08 00:57:45,Grand Prix
10612,1930,2023-02-17 08:02:59,interview Boxing
10613,432,2023-10-22 18:59:35,replay Mayweather
10614,191,2024-03-09 08:02:14,documentary Joshua
10615,1182,2023-05-18 04:01:31,highlights Grand Prix
10616,1651,2023-01-10 14:38:36,full match MMA
10617,2649,2023-03-04 02:36:38,replay Brady
10618,995,2023-04-07 22:49:56,full match Joshua
10619,1278,2023-07-02 05:54:29,interview Premier League
10620,701,2023-04-26 09:17:21,highlights Joshua
10621,2861,2024-03-19 11:40:55,interview World Cup
10622,2994,2024-01-29 22:04:25,highlights Mayweather
10623,330,2023-12-15 14:44:02,interview Grand Prix
10624,2143,2023-09-27 09:50:17,full match Mayweather
10625,2126,2023-12-23 16:55:45,documentary MMA
10626,2552,2023-02-26 05:48:55,Grand Prix
10627,2716,2023-11-28 19:33:19,replay Tennis
10628,676,2023-12-05 03:33:39,Grand Prix 2024
10629,1468,2023-05-16 15:50:37,interview F1
10630,92,2023-03-15 17:32:11,highlights Grand Prix
10631,655,2023-04-19 05:48:34,replay World Cup
10632,848,2024-01-16 02:30:52,documentary Premier League
10633,1598,2023-05-05 01:32:34,documentary Mayweather
10634,1820,2023-09-28 21:57:10,interview Champions League
10635,1891,2023-10-26 05:46:40,interview World Cup
10636,1237,2023-01-27 10:33:52,interview World Cup
10637,1452,2023-11-12 01:41:36,interview Payne
10638,2270,2023-03-24 00:03:40,highlights NFL
10639,729,2023-09-09 19:40:37,documentary Boxing
10640,1869,2023-08-24 13:53:56,replay Boxing
10641,524,2023-04-26 15:49:58,highlights Port Carolynfurt
10642,1212,2023-11-04 21:59:58,replay Football
10643,1322,2023-07-15 05:47:00,documentary Grand Prix
10644,163,2023-02-05 21:11:16,documentary Football
10645,100,2023-02-05 16:06:57,MMA
10646,1515,2023-07-06 19:54:04,replay Premier League 2023
10647,499,2024-02-08 19:09:24,Premier League
10648,695,2023-02-10 08:32:35,highlights Hamilton
10649,1885,2023-06-20 21:37:50,highlights Grand Prix
10650,1553,2023-06-11 15:46:17,highlights World Cup
10651,1385,2023-01-22 04:31:29,full match Boxing
10652,2360,2023-10-10 15:53:22,documentary Boxing 2023
10653,1432,2023-10-23 21:11:11,interview Super Bowl
10654,1040,2023-09-09 11:22:13,full match Boxing
10655,1210,2023-01-08 01:11:46,Mahomes
10656,1276,2024-02-17 07:25:23,full match Champions League
10657,1147,2023-08-03 10:29:52,interview Tennis
10658,1886,2024-01-11 06:20:44,interview NFL
10659,1134,2023-09-14 06:55:53,Super Bowl
10660,1242,2023-08-11 04:46:50,documentary Super Bowl
10661,874,2023-12-24 04:46:58,interview Hamilton
10662,102,2023-01-27 22:42:04,replay NFL
10663,1274,2023-06-22 00:45:30,interview Hamilton
10664,1156,2023-12-07 12:47:25,documentary Darts
10665,2722,2024-03-19 10:00:34,interview NFL
10666,2292,2023-10-07 20:49:53,documentary MMA
10667,1957,2023-11-07 22:12:43,full match Boxing
10668,1419,2023-08-14 00:44:34,documentary Premier League
10669,459,2023-06-04 09:56:48,highlights Grand Prix
10670,1512,2024-02-17 06:22:38,Darts
10671,2845,2023-10-29 17:54:38,Flöha
10672,302,2023-08-27 11:13:06,interview Super Bowl
10673,615,2023-06-08 20:11:03,Grand Prix
10674,2556,2023-02-23 10:16:18,full match F1
10675,2771,2023-01-22 07:10:34,full match Premier League
10676,2659,2023-09-14 17:02:09,highlights NFL
10677,2164,2023-08-20 18:25:33,interview Football
10678,1828,2023-10-29 06:23:41,interview Hamilton
10679,764,2023-03-28 04:46:33,MMA
10680,1281,2024-03-24 21:36:21,documentary Mahomes
10681,2333,2023-04-30 23:42:48,Hamilton
10682,568,2023-02-09 21:16:36,replay Brady 2024
10683,2301,2023-03-31 17:37:51,Super Bowl
10684,816,2023-01-15 23:36:53,full match Champions League
10685,1489,2023-08-23 04:14:08,Saundersborough
10686,857,2023-02-14 03:36:50,highlights Brownborough
10687,352,2023-06-01 02:00:00,Mahomes
10688,2401,2024-03-27 22:34:04,Verstappen
10689,1609,2023-10-23 22:46:25,Brady
10690,1736,2023-05-23 10:05:37,full match NFL 2024
10691,1684,2024-01-15 19:48:45,documentary NFL 2023
10692,2468,2024-03-18 21:22:47,documentary World Cup
10693,235,2023-11-16 19:22:15,interview Premier League
10694,1659,2023-12-23 05:12:01,documentary North Brandonside
10695,689,2024-03-27 12:03:45,replay Newton
10696,1219,2023-12-09 01:56:32,full match Champions League
10697,324,2023-08-26 12:05:08,documentary Mahomes
10698,2889,2023-11-29 20:02:50,MMA 2024
10699,585,2023-01-04 01:57:00,interview Boxing
10700,2296,2023-11-06 16:24:17,documentary MMA
10701,1456,2023-08-20 17:19:29,replay Mayweather
10702,536,2023-06-23 22:55:06,Verstappen
10703,585,2023-03-10 07:53:29,highlights World Cup
10704,1301,2023-07-26 02:54:57,Boxing
10705,358,2023-01-25 23:49:07,documentary Premier League
10706,1219,2023-01-13 00:25:25,highlights NFL 2024
10707,997,2023-02-17 08:33:35,Premier League
10708,2927,2023-06-19 00:43:10,documentary Super Bowl
10709,552,2023-04-25 02:45:45,documentary Pölitz
10710,366,2023-10-15 15:34:36,replay Super Bowl
10711,2372,2023-08-11 16:02:26,Garner
10712,1437,2023-01-23 22:11:11,Mayweather
10713,829,2024-01-06 01:04:35,highlights Joshua 2024
10714,249,2023-05-02 13:43:01,highlights Joshua
10715,2275,2023-03-18 18:28:35,Football
10716,1953,2023-02-20 17:56:36,highlights Joshua
10717,1685,2023-09-08 05:32:00,replay Grand Prix 2024
10718,739,2023-02-07 02:19:56,World Cup
10719,1072,2023-09-08 18:24:55,highlights Premier League
10720,104,2023-05-23 00:31:49,MMA 2024
10721,685,2023-05-06 00:33:30,highlights World Cup
10722,639,2023-02-14 18:05:17,replay Football
10723,1961,2023-01-10 16:17:11,replay Grand Prix
10724,2142,2023-02-05 04:02:49,interview Augsburg
10725,76,2023-04-01 15:57:48,full match Champions League
10726,1111,2023-07-09 19:29:04,documentary Darts
10727,1167,2023-01-27 05:44:42,highlights Super Bowl
10728,788,2023-08-14 18:24:05,Super Bowl
10729,408,2024-02-06 10:42:25,highlights Verstappen
10730,377,2023-03-14 04:25:06,documentary Mahomes
10731,2634,2024-01-30 18:45:49,documentary Brady
10732,97,2024-01-29 22:02:53,World Cup
10733,1858,2023-04-19 17:25:54,highlights Mayweather
10734,2639,2023-08-07 03:37:27,Verstappen
10735,2867,2023-04-22 15:15:41,interview Super Bowl
10736,2889,2023-10-09 17:55:43,full match Grand Prix
10737,1136,2024-02-04 20:56:15,full match North Curtisstad
10738,1502,2023-03-01 20:05:11,interview Mayweather
10739,2900,2023-03-31 18:39:26,documentary MMA
10740,296,2023-01-30 19:43:05,Grand Prix
10741,1406,2024-03-24 19:47:35,interview South William
10742,1923,2023-07-28 15:12:38,documentary Champions League
10743,594,2023-11-10 09:51:20,Mayweather 2023
10744,1598,2023-02-14 04:28:37,highlights Darts
10745,354,2023-07-29 21:22:00,Joshua 2024
10746,2207,2023-07-06 11:47:02,interview Super Bowl
10747,2080,2023-11-26 01:34:07,interview Joshua
10748,670,2023-07-16 16:46:29,full match Green 2024
10749,1077,2023-12-02 18:10:33,full match F1
10750,1921,2023-11-15 01:28:05,interview Verstappen
10751,1816,2023-01-16 01:00:10,MMA
10752,591,2024-02-04 07:27:02,Brady
10753,673,2023-11-13 11:09:13,Mayweather
10754,363,2023-06-06 20:15:00,Darts
10755,2735,2023-11-18 02:44:14,Brady
10756,762,2023-11-29 23:14:04,Grand Prix 2024
10757,2542,2023-03-29 21:07:34,documentary Boxing
10758,1113,2023-12-15 20:28:25,highlights Grand Prix
10759,224,2023-07-31 02:12:09,highlights World Cup
10760,206,2023-09-30 19:32:07,interview MMA
10761,372,2023-12-29 09:18:33,interview Hamilton
10762,1617,2023-05-03 12:52:56,full match World Cup
10763,159,2023-01-18 21:29:21,documentary Mayweather
10764,2518,2023-06-02 21:52:04,replay Hamilton
10765,1727,2023-08-10 09:50:47,Grand Prix
10766,906,2024-01-25 12:52:51,replay Ahaus
10767,860,2024-03-09 14:18:43,Darts
10768,2471,2023-12-29 08:39:20,interview MMA
10769,699,2024-01-11 11:21:36,Mahomes
10770,1240,2023-03-04 10:24:02,replay Simmons
10771,2140,2023-09-05 12:47:14,full match Champions League
10772,2897,2023-07-01 17:30:05,interview World Cup
10773,251,2023-11-25 05:17:49,documentary Boxing
10774,772,2023-09-11 15:43:14,interview Brady
10775,1601,2023-02-28 20:38:39,interview Joshua
10776,1565,2023-01-01 13:25:49,World Cup
10777,2897,2023-04-08 19:34:16,Verstappen 2023
10778,2723,2024-01-06 07:16:28,highlights Mayweather
10779,115,2023-07-26 04:23:19,full match Hamilton
10780,717,2024-02-12 10:44:17,documentary Boxing
10781,1225,2023-08-31 16:53:19,full match Mahomes
10782,306,2023-05-18 19:55:53,highlights Mcdonald
10783,1502,2023-06-25 08:40:07,full match Super Bowl
10784,1039,2023-04-09 21:34:30,Premier League
10785,1516,2023-06-24 19:52:47,highlights Mahomes
10786,2008,2023-11-07 07:06:09,Super Bowl 2024
10787,2680,2023-05-14 02:37:42,full match Premier League
10788,1783,2023-04-28 21:15:24,full match Grand Prix
10789,2041,2023-01-27 18:45:55,interview Boxing
10790,24,2024-02-01 05:45:03,documentary Ryanborough
10791,2232,2023-05-29 18:44:53,Mahomes
10792,1511,2023-05-21 06:47:21,replay Champions League
10793,308,2024-03-06 00:52:11,full match MMA
10794,2725,2023-09-16 22:36:28,highlights Boxing
10795,2036,2023-10-20 06:08:43,documentary Tennis
10796,2535,2023-03-28 16:18:11,Harrison
10797,2175,2023-02-22 00:37:23,highlights Darts
10798,1682,2023-07-13 11:58:23,documentary World Cup
10799,689,2024-01-06 06:58:20,MMA
10800,1867,2023-03-04 09:39:41,documentary F1
10801,1185,2023-12-11 06:08:51,replay Christinaberg
10802,1764,2023-02-05 11:26:45,Port Joshua 2023
10803,753,2023-12-07 05:26:57,highlights Champions League
10804,1221,2023-12-24 09:47:38,Premier League
10805,484,2023-07-25 08:30:06,highlights World Cup
10806,258,2023-11-16 04:16:48,documentary Boxing
10807,1907,2023-09-26 22:44:54,Joshua
10808,763,2023-07-03 12:27:41,interview NFL
10809,1737,2023-05-19 07:14:33,replay Darts
10810,2692,2023-05-08 12:01:58,F1
10811,2768,2024-03-26 18:43:27,Grand Prix
10812,1511,2024-03-21 05:28:39,documentary MMA
10813,2917,2023-11-16 16:22:46,documentary F1
10814,2444,2024-03-05 07:22:36,Champions League
10815,789,2023-04-16 10:48:09,Tennis
10816,1052,2023-09-25 00:27:27,full match Hamilton
10817,833,2023-08-21 14:32:40,Salazar
10818,2242,2024-02-13 06:31:13,full match Grand Prix 2024
10819,2186,2024-02-17 23:13:48,Hamilton
10820,226,2023-12-27 17:24:25,full match Boxing
10821,1917,2023-12-30 09:57:52,interview Mahomes
10822,2151,2024-01-31 08:34:49,interview Boxing
10823,2416,2023-07-04 19:31:51,documentary Hamilton
10824,694,2023-03-18 05:22:46,documentary Mayweather
10825,2746,2023-01-14 22:14:22,highlights Champions League
10826,425,2023-06-05 03:24:39,interview Super Bowl
10827,1176,2023-11-16 13:25:01,Mahomes
10828,2454,2023-01-24 05:15:12,documentary Verstappen
10829,991,2023-02-21 23:57:21,interview Brady 2023
10830,1006,2023-04-07 11:16:23,MMA
10831,1242,2023-09-25 21:59:42,highlights F1
10832,32,2023-12-24 03:29:52,Brady
10833,2284,2024-03-29 23:22:09,documentary Verstappen
10834,546,2024-01-10 23:44:47,highlights MMA
10835,1771,2023-09-20 23:35:42,replay Joshua
10836,2548,2023-02-23 18:40:17,Tennis
10837,652,2023-05-29 04:57:30,highlights Pottsview
10838,1141,2023-02-15 21:11:58,full match Darts
10839,346,2024-03-07 16:05:06,replay Grand Prix 2024
10840,1250,2023-10-04 18:20:27,highlights Boxing
10841,2946,2023-12-27 10:51:06,NFL
10842,499,2024-02-27 07:46:38,full match Hamilton
10843,1854,2023-04-15 04:40:15,documentary Grand Prix
10844,1041,2023-08-14 21:01:12,interview Grand Prix
10845,1867,2023-09-02 19:07:21,Trommler
10846,427,2023-02-13 18:46:01,Joshua
10847,26,2023-07-02 01:02:18,Hamilton 2024
10848,1703,2023-01-06 14:29:05,replay Super Bowl
10849,1959,2023-06-21 21:40:18,full match MMA
10850,645,2023-07-31 22:07:47,Darts
10851,1487,2023-07-15 01:20:03,highlights Football
10852,47,2023-03-12 16:52:28,replay Darts
10853,1378,2023-11-19 22:49:10,documentary Joshua
10854,2283,2023-08-07 14:45:35,Mahomes
10855,1929,2023-08-20 17:40:18,full match Hamilton
10856,1584,2024-02-08 20:14:42,Jarvis
10857,225,2023-12-07 02:31:03,replay NFL
10858,2228,2024-03-15 04:24:04,documentary Premier League
10859,2171,2023-06-24 08:21:59,interview Ellis
10860,1641,2023-06-11 18:28:41,replay NFL
10861,519,2023-11-10 06:20:16,interview Joshua
10862,839,2023-08-16 07:26:22,full match Boxing 2024
10863,2242,2023-01-01 04:38:37,World Cup
10864,610,2023-02-07 08:58:49,Champions League
10865,1509,2023-05-27 00:36:26,documentary Darts
10866,257,2023-06-10 21:07:03,highlights Tennis
10867,2364,2023-04-29 16:52:08,Marsh 2024
10868,1110,2024-03-05 15:39:22,replay Champions League
10869,1358,2023-01-07 12:50:42,full match F1
10870,1361,2023-06-03 05:50:15,interview Darts
10871,2837,2023-07-21 22:43:17,Super Bowl
10872,1266,2024-03-01 09:22:19,Champions League
10873,2873,2023-11-22 08:33:21,interview World Cup
10874,2623,2023-08-30 12:40:45,documentary Grand Prix 2023
10875,896,2023-10-04 15:58:19,interview NFL
10876,1811,2023-01-24 22:32:38,Premier League
10877,2688,2023-10-01 02:32:13,Mayweather
10878,2912,2023-05-09 14:51:38,Mahomes 2023
10879,2431,2023-01-05 18:53:42,Tennis
10880,2446,2023-08-27 10:36:56,interview Verstappen
10881,2067,2023-09-07 01:42:11,Grand Prix
10882,1437,2023-07-23 14:37:46,replay Football
10883,2312,2023-04-14 10:27:12,documentary Brady
10884,1840,2023-07-27 15:34:49,interview Verstappen
10885,1325,2023-12-15 02:05:36,highlights Tennis 2024
10886,2704,2023-05-06 01:58:47,interview Boxing
10887,2269,2023-09-27 09:19:57,Mayweather
10888,1872,2023-03-04 12:08:42,replay NFL 2023
10889,1934,2023-06-30 09:32:18,full match Boxing
10890,1795,2023-06-03 18:01:32,interview Mahomes
10891,864,2023-03-29 16:20:13,full match Holzapfel
10892,286,2023-10-04 23:32:13,Verstappen
10893,933,2023-11-10 16:51:11,documentary MMA
10894,2830,2023-01-04 08:11:17,Verstappen
10895,829,2023-05-05 12:34:07,highlights Joshua
10896,2428,2023-04-17 17:55:28,Boxing
10897,606,2023-04-13 08:34:17,Mayweather
10898,2864,2023-02-17 03:36:16,interview MMA
10899,2400,2023-02-28 14:36:35,full match NFL
10900,2694,2023-09-02 15:48:31,Joshua
10901,466,2024-03-03 01:42:56,interview Premier League
10902,2496,2023-06-08 09:22:35,interview Mahomes
10903,2070,2024-01-18 06:33:56,replay Boxing
10904,2975,2023-04-09 07:36:03,Hamilton
10905,334,2024-03-06 08:48:02,replay Darts 2024
10906,1118,2023-05-21 19:02:26,Joshua
10907,1210,2023-11-28 03:45:19,replay Joshua
10908,1239,2023-05-14 03:46:42,interview Verstappen 2023
10909,2653,2023-05-03 01:27:14,documentary Super Bowl
10910,2891,2024-03-30 06:21:41,interview Mayweather
10911,1551,2023-12-24 13:25:47,highlights Bell
10912,742,2023-09-11 10:19:34,Mayweather
10913,584,2023-10-20 14:12:32,highlights Football
10914,18,2023-05-18 18:35:39,highlights F1
10915,1695,2023-12-05 06:13:45,full match Premier League
10916,2339,2023-12-29 09:26:24,documentary New Brian
10917,954,2024-02-10 14:54:57,documentary Joshua
10918,628,2024-02-04 08:09:46,highlights Mayweather
10919,2939,2023-08-27 16:13:40,documentary Grand Prix 2024
10920,2103,2023-11-03 05:07:54,replay Super Bowl
10921,30,2023-11-30 19:46:18,highlights NFL
10922,374,2024-01-14 16:35:20,documentary Mahomes 2023
10923,976,2023-11-23 10:51:46,interview F1
10924,2553,2023-06-23 19:45:17,Darts
10925,1143,2023-10-03 02:51:58,full match Super Bowl
10926,1513,2023-04-22 09:39:42,Football
10927,532,2023-03-03 07:45:19,documentary Champions League
10928,1382,2023-12-10 23:47:14,Football
10929,1923,2023-09-06 07:41:45,full match Tennis
10930,195,2023-01-09 15:36:03,highlights Joshua
10931,1433,2023-08-22 16:36:15,highlights Hamilton
10932,1750,2023-06-19 22:50:29,documentary MMA
10933,2079,2023-07-27 05:53:02,full match Football
10934,1765,2023-04-24 19:18:05,full match World Cup
10935,2172,2023-07-03 01:34:49,interview Premier League
10936,2158,2023-01-30 16:11:10,full match Simmonsberg
10937,2650,2023-03-04 20:17:49,highlights Football
10938,274,2024-01-22 13:19:51,interview Grand Prix
10939,18,2024-01-06 16:31:08,interview Darts
10940,472,2023-03-06 09:31:05,full match F1
10941,974,2023-08-26 22:53:02,interview Grand Prix
10942,731,2023-02-02 12:05:26,MMA
10943,2926,2023-04-20 22:36:30,full match Mayweather
10944,1725,2023-07-19 01:39:07,highlights Darts
10945,840,2023-02-22 17:58:25,highlights Mahomes
10946,227,2023-02-13 00:26:00,documentary Ahmedburgh
10947,961,2023-11-23 09:00:25,replay Mahomes 2024
10948,32,2023-03-19 08:00:32,Mahomes
10949,2286,2023-09-16 04:11:34,highlights Mahomes
10950,2503,2023-06-11 06:51:36,documentary F1 2023
10951,2669,2023-02-17 00:46:43,interview Verstappen
10952,1538,2024-03-05 04:04:46,documentary Premier League
10953,2078,2023-07-01 19:55:08,highlights Brown
10954,2666,2023-04-27 08:48:08,Tennis
10955,2369,2024-02-20 05:54:05,highlights Boxing
10956,1997,2023-02-21 03:02:03,highlights Brady
10957,2407,2023-07-01 21:29:08,Tennis
10958,2154,2024-02-03 21:14:16,highlights Mahomes
10959,2525,2023-08-27 14:37:58,full match Chambers
10960,2205,2024-01-06 13:29:25,Brady
10961,2676,2023-09-20 16:18:46,Bell
10962,285,2024-02-13 00:50:06,full match Verstappen
10963,943,2023-06-16 13:04:25,Joshua
10964,1594,2023-12-11 18:30:19,Boxing
10965,1468,2023-10-07 15:09:52,highlights Verstappen
10966,624,2024-02-10 20:52:54,documentary Premier League
10967,1737,2023-01-22 03:02:15,MMA 2023
10968,1774,2024-02-01 19:47:35,documentary Grand Prix
10969,818,2024-03-07 11:51:59,highlights Joshua 2024
10970,1873,2023-06-16 10:32:14,highlights Port Alan
10971,176,2023-01-28 23:37:43,full match NFL
10972,1302,2023-12-14 04:13:24,replay Verstappen
10973,1499,2023-04-16 23:22:23,full match World Cup
10974,184,2023-04-20 06:54:52,documentary Mahomes
10975,1595,2024-03-13 04:22:02,interview World Cup
10976,1595,2023-11-27 04:03:47,interview Champions League
10977,2649,2023-05-14 03:51:59,NFL 2023
10978,1971,2023-04-09 01:22:03,full match F1
10979,1476,2023-02-13 17:00:47,documentary Mahomes
10980,2115,2023-07-10 04:20:09,highlights Super Bowl
10981,1492,2023-09-18 00:04:18,replay Football
10982,811,2023-11-26 14:33:20,full match MMA 2023
10983,732,2023-11-23 20:42:09,highlights Brady
10984,1690,2023-06-14 07:24:47,Verstappen
10985,1962,2023-11-14 09:54:12,highlights World Cup
10986,2844,2023-05-01 19:07:38,Premier League
10987,1850,2023-02-03 15:09:20,full match Boxing
10988,2481,2023-06-18 05:06:37,full match Mayweather
10989,799,2023-05-17 02:57:55,interview South Luis
10990,2129,2023-04-14 11:33:17,full match MMA
10991,1170,2023-07-01 06:47:27,replay Brady
10992,2924,2023-07-29 01:44:38,documentary Premier League
10993,2179,2023-01-24 17:11:09,full match World Cup
10994,375,2023-11-08 20:57:18,highlights Super Bowl
10995,570,2023-10-01 03:35:46,replay Joshua
10996,3,2023-07-01 22:48:01,highlights Tennis
10997,1943,2023-02-27 01:04:38,replay Mayweather
10998,1451,2023-05-11 17:28:07,interview F1
10999,1296,2024-03-21 19:42:52,NFL
11000,525,2023-10-16 04:30:49,MMA
11001,1476,2024-03-12 09:35:53,replay MMA
11002,363,2023-08-05 12:13:34,interview Watts
11003,2233,2023-07-09 17:27:53,full match Grand Prix 2023
11004,632,2023-02-09 00:02:36,interview Champions League
11005,1011,2023-06-10 10:30:20,full match Champions League
11006,1235,2023-09-25 21:55:42,Champions League
11007,2377,2024-02-14 00:20:13,replay Premier League 2024
11008,250,2023-03-25 23:03:37,full match NFL
11009,79,2023-08-24 08:20:22,full match Champions League
11010,1840,2023-12-02 22:34:17,replay Champions League
11011,379,2023-07-28 11:03:33,Jungfer
11012,221,2023-07-02 18:06:45,Hamilton
11013,480,2023-10-13 01:03:54,Champions League
11014,1338,2023-03-21 09:33:30,Boxing
11015,1152,2024-02-17 18:29:08,Grand Prix
11016,2994,2023-03-23 15:16:33,documentary Butler
11017,2323,2023-10-28 05:25:01,full match F1
11018,1573,2023-12-31 04:10:19,replay Brady
11019,1822,2023-06-05 02:01:01,highlights Mahomes
11020,2994,2023-04-05 00:49:22,interview Verstappen
11021,2737,2024-02-03 14:53:53,interview Champions League
11022,1659,2023-10-15 03:49:23,documentary Football
11023,1875,2023-12-31 07:21:51,documentary Hamilton
11024,2899,2023-02-09 10:01:50,documentary MMA
11025,2398,2024-01-08 22:51:48,Mahomes
11026,599,2023-05-12 03:26:14,Mayweather
11027,1200,2023-11-20 13:03:50,full match Football
11028,1949,2023-06-11 11:17:14,full match Brady 2023
11029,1300,2023-03-15 12:08:28,replay Brady
11030,2524,2023-08-27 01:54:41,interview Boxing
11031,669,2023-01-22 09:12:09,interview Brady
11032,1695,2023-02-02 07:53:52,Boxing
11033,387,2024-02-19 15:17:49,highlights NFL
11034,2402,2023-01-13 11:53:49,Tennis
11035,786,2023-02-04 20:35:14,replay Champions League
11036,846,2023-03-28 20:57:21,full match Football
11037,1720,2023-09-27 01:22:46,interview Grand Prix
11038,212,2023-04-03 12:41:49,interview Fröhlich
11039,2665,2023-10-11 05:38:05,replay Boxing
11040,1751,2023-04-07 00:08:21,full match Football
11041,154,2023-01-08 03:52:13,Hamilton
11042,1061,2024-03-22 01:38:48,documentary F1
11043,1708,2023-05-29 10:16:29,full match Flöha
11044,857,2023-03-01 06:49:12,highlights F1
11045,675,2023-10-18 02:32:01,highlights Mahomes 2023
11046,892,2024-03-12 02:29:19,F1
11047,1658,2023-05-29 04:52:50,highlights Boxing
11048,1392,2023-10-01 10:26:14,documentary Mahomes
11049,834,2024-01-29 03:23:47,Boxing
11050,2306,2023-04-13 00:04:33,documentary NFL
11051,110,2023-01-01 00:42:29,World Cup
11052,1785,2024-01-06 11:49:14,replay Eimer
11053,2261,2023-02-14 09:08:43,full match Super Bowl
11054,633,2023-08-26 16:31:57,full match NFL 2024
11055,1378,2023-10-11 11:46:13,interview West Leslie
11056,2826,2024-03-17 23:42:56,highlights Super Bowl
11057,115,2024-02-03 06:44:47,full match Football
11058,2625,2023-05-09 14:52:45,NFL
11059,1771,2024-01-22 02:57:14,Dobson
11060,1355,2023-12-17 08:11:34,interview Verstappen
11061,1306,2023-12-28 23:57:56,Premier League
11062,2533,2023-05-15 07:18:41,full match Super Bowl
11063,2513,2023-08-23 20:10:49,replay Football
11064,2830,2023-03-30 02:55:51,highlights World Cup
11065,1708,2023-10-12 20:47:04,NFL
11066,1837,2023-09-12 22:00:48,Verstappen
11067,1172,2024-01-07 01:01:10,replay Verstappen
11068,2079,2023-04-09 21:39:09,full match Tennis
11069,1170,2024-02-26 18:34:31,Darts
11070,217,2023-06-21 18:03:04,Tennis
11071,1519,2023-02-11 05:54:53,full match Premier League 2024
11072,364,2024-03-29 18:38:32,Boxing
11073,2111,2024-03-14 03:21:37,interview Boxing
11074,97,2024-02-12 02:05:57,interview Super Bowl
11075,2481,2023-12-17 17:22:05,highlights NFL
11076,2664,2023-10-13 22:16:43,Verstappen
11077,166,2023-01-13 01:36:37,replay Super Bowl
11078,1616,2023-02-08 00:30:01,Darts
11079,1635,2023-07-21 03:17:03,interview Brady
11080,1764,2023-01-08 17:27:12,highlights F1
11081,2287,2023-06-24 01:01:58,highlights Verstappen
11082,1200,2023-11-04 11:08:53,full match Premier League
11083,2139,2023-08-10 14:31:01,full match Super Bowl
11084,2997,2023-03-09 22:00:22,interview Grand Prix
11085,2200,2024-01-05 07:10:53,Champions League
11086,561,2023-12-18 02:01:10,replay Boxing
11087,224,2024-02-01 12:07:11,interview MMA 2024
11088,2191,2023-04-09 01:33:36,interview Boxing
11089,988,2024-02-20 10:41:03,documentary Parker
11090,906,2023-10-28 14:18:43,replay NFL
11091,1871,2023-03-04 05:44:41,Hamilton
11092,1827,2023-12-09 10:46:46,Joshua
11093,1511,2023-08-08 11:42:23,Verstappen
11094,2327,2023-06-02 11:07:17,interview Premier League
11095,1897,2023-09-12 14:46:07,replay Grand Prix
11096,1156,2023-09-15 09:41:36,full match Champions League
11097,387,2023-07-02 16:03:08,replay Joshua
11098,758,2023-10-29 07:57:01,documentary Joshua
11099,1411,2024-02-27 10:37:50,NFL
11100,147,2023-07-24 17:07:55,documentary Mayweather
11101,1089,2024-03-08 18:38:25,Ritter
11102,1522,2023-03-12 17:44:40,highlights Mahomes
11103,307,2023-02-17 22:30:36,highlights Koch
11104,2170,2024-02-24 08:08:35,MMA
11105,142,2023-05-23 11:54:41,F1
11106,2504,2023-05-10 05:37:17,Brady
11107,2706,2023-02-17 15:28:41,interview Premier League
11108,2529,2023-11-08 07:11:19,documentary Super Bowl
11109,2555,2023-03-31 17:58:18,documentary Tennis
11110,940,2023-03-31 20:22:12,replay Lake Dominic
11111,2674,2024-01-11 04:00:04,Mahomes
11112,2188,2023-11-17 20:17:16,documentary Hamilton
11113,591,2024-03-21 16:39:00,documentary Brady
11114,1925,2024-01-20 23:05:56,highlights Brady
11115,1967,2023-10-28 09:43:59,interview Darts
11116,2017,2023-03-17 23:41:55,documentary Premier League
11117,2054,2023-08-03 17:55:40,replay Tennis
11118,2177,2024-03-10 05:07:16,MMA
11119,365,2023-08-19 13:01:28,highlights Football
11120,1992,2023-10-22 22:35:37,highlights Boxing
11121,1425,2023-10-03 21:15:28,documentary Tennis
11122,111,2024-03-20 08:33:06,highlights Grand Prix 2024
11123,482,2023-06-13 07:08:30,replay Brady
11124,900,2024-02-26 21:21:32,replay Grand Prix
11125,1243,2023-12-11 22:48:28,documentary Joshua
11126,2871,2023-12-15 17:21:22,Grand Prix
11127,1793,2023-07-11 09:22:42,interview Reyes
11128,1063,2023-10-02 03:39:24,full match Weiß
11129,2427,2023-12-20 06:01:16,full match NFL
11130,2899,2023-04-03 09:59:34,F1
11131,1315,2023-02-22 21:52:41,full match Siegen
11132,2387,2023-06-22 01:15:20,replay Premier League
11133,1733,2023-01-13 00:28:46,highlights Hamilton
11134,2666,2024-02-24 05:47:35,interview F1
11135,310,2023-11-15 23:07:00,documentary World Cup
11136,575,2023-01-22 13:19:19,interview MMA
11137,1481,2023-09-25 20:29:35,documentary Gelnhausen
11138,545,2023-06-24 12:37:36,interview Football
11139,486,2023-02-18 23:41:57,replay Football
11140,2503,2023-09-17 18:00:04,Football
11141,414,2024-01-15 07:18:46,full match Brady 2024
11142,2040,2023-11-26 08:43:05,full match NFL
11143,1265,2023-07-16 22:15:30,full match Verstappen
11144,2541,2023-01-09 10:23:55,Tennis
11145,1894,2024-02-17 20:44:37,highlights F1
11146,1604,2023-03-24 22:14:45,highlights Boxing 2024
11147,1884,2023-11-02 17:06:13,Super Bowl
11148,1035,2024-03-13 23:04:34,Joshua
11149,1119,2023-05-23 00:36:40,Champions League
11150,2520,2023-12-23 00:14:34,Football
11151,157,2023-07-04 08:21:14,highlights Super Bowl
11152,431,2023-11-12 01:40:44,replay Joshua
11153,1022,2023-02-16 09:44:53,highlights Guerrero
11154,1493,2023-06-06 05:38:15,highlights Brady
11155,1974,2023-10-23 17:29:13,documentary Mahomes
11156,1183,2024-03-29 13:03:24,interview F1
11157,1754,2023-10-13 12:38:36,full match Brady
11158,53,2023-08-21 04:32:55,full match Boxing
11159,2963,2023-09-15 13:54:42,Super Bowl
11160,1158,2024-01-17 22:24:34,replay Mayweather
11161,1893,2023-03-12 12:01:23,full match Brady
11162,1923,2023-10-15 22:36:09,full match Hamilton
11163,1529,2023-10-31 23:18:18,Verstappen
11164,1210,2023-05-08 06:56:53,highlights Tennis 2024
11165,375,2023-06-24 22:22:43,documentary Football
11166,207,2023-01-20 01:07:07,interview Gelnhausen
11167,1890,2023-09-14 23:04:35,Garrison
11168,2774,2024-03-13 01:14:33,interview Verstappen
11169,827,2024-03-02 20:21:06,NFL
11170,800,2024-03-05 22:18:51,documentary Mahomes
11171,505,2024-01-22 07:15:13,interview F1
11172,1935,2023-06-28 14:40:34,full match Grand Prix
11173,2093,2023-08-21 04:10:38,documentary MMA
11174,214,2023-12-23 18:27:44,Mills
11175,1890,2024-03-02 10:29:50,interview Verstappen
11176,811,2023-10-31 07:00:15,full match Plauen
11177,1245,2024-03-08 13:48:56,full match Premier League
11178,952,2023-08-19 02:07:55,highlights Tennis
11179,2369,2023-01-20 04:29:55,highlights Ebersberg
11180,383,2023-11-17 02:53:47,Mahomes
11181,1417,2023-01-17 06:34:49,full match Premier League
11182,2674,2023-07-14 16:19:13,replay World Cup
11183,2825,2024-03-27 15:02:54,documentary NFL
11184,2392,2023-10-13 17:37:36,interview Verstappen
11185,2771,2023-09-19 23:28:13,Football
11186,1680,2023-02-03 16:22:21,documentary Hamilton
11187,678,2023-02-20 22:54:31,replay Premier League
11188,1267,2023-10-05 23:49:18,documentary Lemgo 2023
11189,2406,2023-11-20 05:10:12,full match Kingburgh 2023
11190,966,2023-03-23 01:30:22,documentary Tennis
11191,2479,2023-09-05 14:02:43,Mayweather
11192,2167,2023-10-28 04:45:09,full match Verstappen
11193,280,2023-10-15 12:39:52,replay F1
11194,1949,2023-03-16 08:10:43,Mahomes
11195,1498,2023-01-28 21:02:23,full match Premier League
11196,912,2023-11-20 15:12:24,Champions League
11197,1768,2023-03-10 01:17:01,documentary Mahomes
11198,2880,2023-10-15 08:12:59,interview Champions League 2024
11199,2135,2023-06-12 15:12:11,highlights Grand Prix
11200,1744,2023-10-11 02:03:45,documentary Tennis
11201,2437,2023-02-28 08:29:30,Mahomes
11202,966,2023-02-10 16:01:47,full match Port Emma
11203,2727,2023-11-23 14:03:59,full match Verstappen
11204,641,2023-11-07 20:41:53,highlights Verstappen
11205,485,2023-06-02 12:31:45,replay Boxing
11206,1208,2024-03-26 00:11:02,documentary Darts
11207,1490,2023-12-12 02:02:45,highlights Hamilton
11208,682,2024-01-13 01:50:13,interview Super Bowl
11209,2,2023-07-26 09:46:19,interview Steele 2023
11210,1785,2024-03-15 11:58:33,replay East Nicoleland
11211,2393,2024-03-11 10:46:58,documentary Champions League
11212,2333,2023-12-05 12:17:22,replay Grand Prix
11213,955,2023-02-15 17:15:00,interview Verstappen
11214,848,2023-01-02 08:57:27,Football
11215,2162,2023-11-25 12:08:01,highlights Super Bowl
11216,605,2023-01-10 19:08:04,replay Premier League
11217,1483,2023-01-28 15:06:55,documentary Yates
11218,859,2023-11-03 10:53:33,documentary F1
11219,2308,2023-10-20 23:50:00,Darts
11220,2467,2023-04-23 06:02:19,replay Joshua
11221,2344,2023-04-18 05:33:38,documentary Premier League
11222,1129,2024-03-06 06:09:50,NFL
11223,63,2023-02-10 06:31:42,full match Football
11224,2634,2023-05-15 04:48:14,Morgan
11225,102,2023-08-19 13:06:32,highlights Super Bowl
11226,1184,2024-01-27 04:25:21,interview Joshua
11227,2155,2023-06-30 10:36:59,Darts
11228,712,2023-07-30 12:13:52,replay Super Bowl 2024
11229,451,2023-11-29 10:50:25,interview Boxing
11230,1241,2023-06-16 06:27:10,highlights MMA
11231,2634,2023-02-16 13:36:51,highlights MMA
11232,1273,2023-03-21 10:09:04,highlights New Stacymouth
11233,280,2023-07-30 17:18:01,interview Darts
11234,2860,2023-07-03 09:29:10,replay Grand Prix 2024
11235,1818,2023-05-09 07:38:53,replay Verstappen
11236,2751,2023-01-27 19:41:01,full match Joshua
11237,2761,2023-06-03 21:58:11,replay Hamilton
11238,211,2023-03-14 01:11:26,interview F1
11239,2754,2023-08-01 23:53:55,full match NFL 2024
11240,2030,2023-12-31 02:46:07,replay NFL
11241,2939,2024-03-16 00:30:11,documentary Mahomes 2024
11242,1528,2023-02-15 04:54:50,interview Brady 2024
11243,2198,2023-11-04 11:33:28,full match MMA
11244,415,2023-01-17 19:13:13,interview Super Bowl
11245,2107,2023-05-30 08:22:00,full match Champions League 2024
11246,192,2023-11-07 00:40:26,replay Boxing
11247,1099,2023-06-14 01:44:55,NFL
11248,1839,2023-06-18 20:21:21,full match NFL
11249,1448,2024-03-29 08:01:57,full match Boxing
11250,2699,2024-02-05 03:41:30,replay Champions League
11251,899,2023-02-06 08:43:15,interview MMA
11252,1189,2023-03-11 02:55:19,interview Super Bowl
11253,2664,2023-06-11 17:20:03,Mayweather
11254,89,2023-06-08 12:56:46,Grand Prix
11255,2028,2024-01-19 04:45:39,highlights Super Bowl
11256,593,2023-03-12 05:45:00,Mayweather
11257,1978,2023-02-28 15:15:16,replay Biggen 2023
11258,2673,2023-12-23 04:58:14,documentary Mahomes
11259,443,2023-08-02 17:13:14,full match Mayweather 2023
11260,2254,2024-02-06 15:33:50,highlights Tennis
11261,220,2023-06-27 10:19:58,highlights Ebersberg 2023
11262,2624,2023-11-13 13:52:28,replay World Cup
11263,41,2023-12-05 12:20:58,interview F1
11264,1597,2023-09-09 03:43:08,documentary Super Bowl
11265,2830,2023-06-14 23:56:23,Joshua
11266,785,2023-05-06 16:37:26,full match Sangerhausen
11267,1098,2023-06-21 08:47:39,documentary Tennis
11268,2043,2023-04-19 23:31:35,replay Grand Prix
11269,1115,2023-01-19 12:14:30,highlights Football
11270,2852,2023-03-31 15:36:33,replay Mayweather
11271,2491,2023-07-09 02:46:51,interview Football
11272,1758,2023-05-15 19:14:25,NFL
11273,2100,2024-03-16 00:08:43,highlights Football
11274,2252,2023-06-07 15:00:07,replay F1
11275,1858,2023-06-02 09:33:22,documentary Barlow
11276,2649,2023-02-14 11:12:57,full match Champions League
11277,2817,2023-11-21 09:50:24,full match Premier League
11278,2819,2023-10-04 10:52:07,Bad Mergentheim
11279,710,2023-06-21 04:38:21,highlights Freudenstadt
11280,2973,2023-01-28 08:59:57,highlights Darts 2024
11281,2741,2023-12-12 10:12:47,Champions League
11282,985,2023-08-31 22:27:57,replay NFL
11283,2938,2023-02-26 02:39:18,highlights Collins
11284,1219,2023-12-08 01:27:07,documentary F1
11285,1254,2024-02-05 01:20:37,full match Joshua
11286,2179,2023-04-23 03:27:13,replay Merritt
11287,182,2023-04-11 12:03:20,highlights Champions League
11288,251,2024-03-12 21:13:10,replay Hamilton
11289,388,2023-01-27 16:28:17,Football
11290,1076,2023-10-23 08:14:39,full match Grand Prix
11291,2262,2023-12-31 19:40:39,replay Grand Prix
11292,2879,2023-10-09 17:34:42,highlights Mahomes
11293,2580,2024-01-23 04:38:19,interview Valdez
11294,931,2023-06-11 10:24:07,interview Brady
11295,238,2023-05-04 05:32:27,Darts
11296,1554,2023-01-24 12:53:29,replay MMA
11297,2024,2023-05-14 05:24:03,replay Joshua
11298,2271,2023-11-20 05:19:25,Rojas
11299,1751,2023-02-04 03:45:28,Turnertown
11300,2748,2023-01-16 18:55:05,interview Joshua
11301,2349,2023-04-02 11:02:44,Champions League
11302,2652,2023-01-19 02:22:37,full match Brady
11303,232,2023-09-14 01:25:35,documentary Darts
11304,2578,2023-01-18 19:18:05,Grand Prix
11305,673,2023-02-20 01:20:16,replay Grand Prix
11306,1043,2023-02-13 14:55:14,highlights Premier League
11307,2632,2023-10-20 02:39:54,highlights Hamilton
11308,2658,2023-03-31 19:47:19,documentary F1
11309,2090,2023-07-21 06:10:56,F1
11310,727,2023-09-30 16:27:21,F1
11311,1794,2023-02-25 11:53:58,full match NFL
11312,1580,2023-04-23 06:42:26,Grand Prix
11313,352,2023-12-03 23:05:19,Darts
11314,1692,2023-04-13 11:51:52,Joshua
11315,765,2023-12-13 17:07:27,documentary NFL
11316,1,2023-12-25 15:21:59,highlights Mahomes
11317,2529,2024-01-13 01:25:41,Champions League 2024
11318,1239,2023-09-15 07:05:36,Hamilton
11319,2190,2023-09-03 01:16:55,documentary Boxing
11320,1943,2023-06-05 01:33:02,replay Football
11321,1823,2024-03-20 12:48:12,Boxing
11322,808,2023-10-07 11:10:03,replay Hamilton
11323,509,2023-02-09 02:27:12,replay NFL
11324,2077,2023-08-03 03:26:44,highlights Mayweather 2024
11325,1622,2024-03-20 01:27:14,documentary NFL
11326,1839,2023-12-06 05:43:56,highlights Reid
11327,2029,2023-09-27 12:53:52,replay Mahomes
11328,783,2023-12-01 06:41:10,interview Champions League
11329,2987,2023-04-12 04:44:11,documentary Boxing
11330,2497,2023-01-05 17:28:38,interview F1
11331,2970,2023-11-19 22:49:42,documentary Super Bowl
11332,1327,2023-11-21 18:06:21,Mayweather
11333,2963,2024-03-25 11:49:08,highlights North Lori
11334,1218,2023-04-03 14:18:34,full match Mayweather
11335,1773,2023-07-16 06:36:17,Verstappen
11336,719,2024-01-15 09:38:44,highlights MMA
11337,2966,2023-12-08 21:19:08,Brady
11338,2366,2023-06-08 04:21:12,interview Super Bowl
11339,840,2024-03-24 07:40:55,documentary Mahomes
11340,2665,2024-02-25 23:13:07,replay F1
11341,2795,2023-07-27 11:59:12,full match Football
11342,2157,2024-02-24 18:43:06,highlights East Christinaborough
11343,1653,2023-08-14 04:05:52,Brady
11344,468,2023-11-08 00:51:21,MMA
11345,416,2023-07-20 12:21:24,replay Premier League
11346,989,2024-01-29 23:41:51,highlights MMA
11347,2558,2023-02-25 07:22:35,interview Tennis 2024
11348,2420,2023-01-22 16:12:54,Football
11349,2784,2023-04-29 07:08:58,full match Hamilton
11350,2500,2024-02-29 17:40:21,documentary World Cup
11351,2767,2023-01-06 14:08:14,Champions League
11352,1645,2023-07-05 21:02:52,replay Eichstätt
11353,1308,2023-01-29 16:32:57,replay F1
11354,2060,2024-01-16 16:30:46,interview Verstappen
11355,435,2023-05-13 16:01:45,full match MMA
11356,487,2023-06-03 09:29:22,interview Grand Prix
11357,2586,2023-08-12 08:02:01,F1
11358,2626,2023-10-15 23:12:31,interview Mayweather
11359,2178,2023-05-11 11:17:21,documentary Tennis
11360,1889,2023-08-29 21:28:26,interview Hamilton
11361,715,2023-06-30 02:16:49,documentary Melvinchester
11362,1764,2023-10-24 15:40:50,highlights MMA 2023
11363,1143,2024-01-19 21:35:21,highlights Premier League
11364,1949,2023-12-21 18:37:55,highlights Joshua
11365,2956,2023-09-04 21:26:36,documentary Boxing 2023
11366,380,2023-12-18 14:53:29,Football
11367,1412,2023-03-16 14:58:29,highlights World Cup
11368,2512,2024-02-15 09:22:52,documentary MMA
11369,2541,2024-01-27 18:18:07,interview NFL
11370,1222,2023-10-17 22:24:48,replay NFL
11371,232,2023-12-27 16:22:25,full match Premier League
11372,1607,2024-02-25 02:55:19,interview Premier League
11373,1138,2023-12-31 18:10:03,Darts
11374,195,2023-01-30 08:48:00,F1
11375,2751,2023-08-24 01:20:25,documentary Champions League
11376,1147,2023-07-04 01:26:42,Football
11377,1686,2023-02-22 15:13:10,Football
11378,989,2023-01-11 01:26:37,documentary Tennis
11379,1753,2023-11-28 07:01:23,documentary Verstappen
11380,4,2024-03-28 02:26:16,documentary Champions League
11381,438,2023-04-04 03:19:30,interview Champions League
11382,1516,2023-02-04 18:39:17,interview Verstappen
11383,878,2023-03-20 22:58:33,highlights Eisenhüttenstadt
11384,2606,2023-06-26 20:55:23,Mayweather
11385,167,2023-08-08 17:56:53,interview Mahomes
11386,228,2023-09-05 06:56:57,NFL
11387,1990,2023-03-04 02:31:46,replay Mahomes
11388,609,2023-06-14 12:50:22,highlights Schmiedecke
11389,1039,2023-03-28 07:12:18,replay Pruschke
11390,712,2023-01-02 12:39:34,interview NFL
11391,605,2023-01-19 07:00:41,documentary Verstappen
11392,2683,2023-04-07 13:06:09,documentary Champions League
11393,1862,2023-12-28 08:12:33,interview Champions League
11394,2726,2023-09-27 11:38:28,full match Mahomes
11395,599,2024-01-08 05:31:03,full match Brady
11396,868,2023-03-09 22:36:40,replay Mayweather 2023
11397,2392,2023-05-15 15:17:01,Hamilton
11398,508,2023-06-25 11:06:21,interview Football
11399,790,2023-10-21 08:09:37,highlights F1 2023
11400,1177,2023-08-25 23:30:52,replay Football
11401,483,2023-09-14 15:14:17,Joshua
11402,2,2023-10-15 02:40:19,full match Darts
11403,333,2024-03-20 02:15:42,full match MMA
11404,2180,2023-02-17 18:28:47,highlights Hamilton
11405,1538,2024-02-12 18:06:20,full match Premier League
11406,2241,2023-05-22 14:52:48,Champions League
11407,292,2023-11-11 17:38:30,F1
11408,2902,2023-10-13 02:45:33,replay Mayweather
11409,835,2024-03-19 14:08:23,highlights Verstappen
11410,280,2023-09-01 08:17:04,interview Grand Prix
11411,2029,2024-03-30 21:23:03,replay Joshua
11412,984,2023-05-13 06:59:07,full match Verstappen 2024
11413,1430,2023-02-28 20:43:25,documentary Schwabmünchen
11414,1136,2024-01-08 04:38:35,highlights Tennis
11415,990,2024-01-18 13:05:32,replay Super Bowl
11416,1205,2024-01-04 21:31:37,MMA
11417,2685,2023-12-19 20:02:53,highlights Boxing
11418,382,2023-10-01 19:06:46,Verstappen
11419,1835,2023-03-01 21:51:09,documentary Darts
11420,406,2023-03-07 04:23:13,documentary Goslar
11421,2801,2024-01-15 08:07:30,documentary Verstappen
11422,1745,2023-06-15 04:39:55,Boxing
11423,965,2023-02-14 22:59:45,documentary Darts
11424,233,2023-08-18 23:36:08,full match Champions League
11425,1981,2024-01-01 16:23:45,Verstappen
11426,2639,2023-02-16 10:24:33,interview East Jacobtown
11427,2736,2023-11-28 11:07:17,Evansland 2024
11428,2308,2023-07-18 07:30:35,highlights Verstappen
11429,311,2023-11-22 13:50:25,full match Darts
11430,1730,2024-01-24 15:05:41,documentary Mahomes
11431,2972,2023-03-06 08:15:50,highlights MMA 2023
11432,2046,2023-01-18 23:51:44,full match Darts
11433,596,2023-09-26 17:37:48,full match MMA
11434,1488,2023-01-26 04:04:25,interview World Cup
11435,741,2023-12-04 09:23:58,replay Verstappen
11436,518,2023-06-02 07:04:39,interview Brady
11437,1377,2023-02-14 18:15:26,documentary Lake Timothytown
11438,64,2023-05-08 01:57:41,Boxing
11439,1941,2023-10-27 12:04:43,highlights Mayweather
11440,69,2023-09-19 21:46:27,World Cup
11441,589,2023-12-07 23:09:38,interview Darts
11442,1398,2023-04-24 22:14:57,interview Joshua
11443,1674,2023-03-31 11:58:33,replay Hamilton
11444,73,2024-01-30 18:00:47,full match F1
11445,1895,2024-01-22 03:50:23,Joshua
11446,527,2023-10-19 11:14:21,replay Joshua
11447,2608,2023-07-19 03:05:33,highlights Brady
11448,1791,2023-06-16 17:49:14,documentary Grand Prix
11449,834,2023-09-16 20:41:00,highlights Brady
11450,913,2023-06-18 02:08:46,Super Bowl
11451,110,2023-10-17 15:41:49,documentary Verstappen
11452,837,2023-03-27 07:03:10,full match NFL
11453,1983,2023-06-20 10:07:28,interview Tennis
11454,462,2024-02-07 17:05:23,Premier League
11455,1695,2023-03-16 18:05:09,Dörr
11456,2948,2023-03-04 02:58:17,Premier League
11457,1388,2024-03-13 19:02:46,documentary Champions League
11458,2736,2023-08-15 14:22:42,highlights Hamilton
11459,2566,2023-06-14 13:10:05,interview F1
11460,1385,2023-12-13 10:10:57,Mayweather
11461,1313,2023-06-09 05:31:40,full match Tennis
11462,133,2023-01-16 01:05:10,replay Boxing
11463,2412,2023-08-05 23:21:16,documentary Darts
11464,2703,2023-05-22 13:36:24,documentary Football
11465,277,2023-12-01 19:05:16,F1
11466,2740,2023-07-19 18:01:05,Joshua
11467,33,2024-03-30 21:02:10,Hamilton
11468,263,2023-07-16 17:52:32,documentary World Cup
11469,1573,2024-03-03 15:48:34,replay Mayweather 2023
11470,2454,2023-09-18 21:35:04,replay Hamilton
11471,2937,2023-12-16 16:32:53,highlights MMA
11472,2775,2023-11-18 07:49:39,highlights Verstappen
11473,2181,2023-04-03 01:51:58,replay World Cup
11474,710,2023-09-07 03:39:27,Mahomes 2024
11475,20,2023-07-27 10:27:55,highlights Tennis
11476,356,2023-08-26 08:45:18,Tennis
11477,268,2023-01-15 10:25:12,Joshua
11478,1950,2024-02-19 04:03:50,highlights Kühnert
11479,1878,2024-02-20 06:01:42,replay Mahomes
11480,1847,2023-03-09 12:46:13,NFL
11481,2766,2024-03-21 20:42:51,highlights Brady
11482,1594,2024-03-11 03:45:41,interview MMA
11483,844,2023-06-23 16:08:04,New Rhysland
11484,1048,2023-11-22 18:18:46,documentary F1
11485,227,2023-04-08 08:37:11,Premier League
11486,2384,2023-03-09 17:17:15,Verstappen 2024
11487,1440,2023-07-03 20:42:56,replay Page
11488,2587,2024-01-20 06:27:13,World Cup
11489,729,2023-04-11 19:49:18,replay Boxing
11490,1568,2023-11-21 20:54:18,replay Grand Prix
11491,1809,2023-03-09 05:09:31,interview Brady
11492,2978,2023-06-28 21:51:44,full match F1
11493,2196,2023-03-17 22:12:09,replay Premier League
11494,1625,2023-03-16 02:19:07,highlights Brady
11495,2695,2023-01-13 06:47:00,full match Verstappen
11496,1855,2023-02-02 23:03:35,interview Champions League
11497,2667,2023-03-26 21:38:56,replay Football
11498,1602,2023-06-27 19:06:50,Bersenbrück
11499,2304,2024-01-20 20:59:02,documentary Darts
11500,1038,2023-09-11 21:28:51,highlights Hamilton
11501,2794,2023-01-31 13:24:49,Kaul
11502,788,2023-07-23 00:16:55,highlights NFL
11503,2069,2023-05-14 16:10:01,highlights Phelps
11504,362,2024-03-15 14:08:43,highlights Champions League
11505,828,2024-03-10 11:58:50,Joshua 2023
11506,1502,2023-03-03 20:41:07,Premier League
11507,2145,2023-11-12 16:48:21,interview South Virginia
11508,2442,2024-01-16 01:23:48,documentary World Cup
11509,412,2023-08-18 23:34:48,documentary Premier League
11510,968,2023-01-27 10:56:09,highlights F1
11511,1894,2023-01-28 07:36:35,interview Hildesheim
11512,2269,2023-08-01 20:52:19,replay Hamilton
11513,2752,2023-03-05 15:52:02,interview Joshua
11514,1270,2024-02-15 06:59:48,Brady
11515,2726,2023-06-17 23:43:22,replay Jenningsburgh
11516,853,2023-09-06 12:38:42,full match F1 2023
11517,591,2023-01-30 14:14:29,highlights Super Bowl 2024
11518,1712,2023-02-04 14:50:43,full match Champions League
11519,2779,2023-11-28 19:57:09,full match MMA
11520,1014,2023-06-28 16:47:55,Mahomes
11521,1569,2023-12-09 00:40:35,Mahomes
11522,2617,2024-01-07 23:00:28,highlights Boxing
11523,1956,2024-03-26 07:14:39,interview Hamilton
11524,2381,2023-07-24 19:55:28,full match F1 2023
11525,1867,2023-06-29 19:38:45,F1
11526,2794,2023-09-24 01:12:11,interview Darts
11527,2273,2023-08-23 04:10:09,highlights Darts
11528,1302,2023-07-09 23:50:14,documentary Darts
11529,1657,2023-11-12 09:02:41,Tennis
11530,1654,2023-02-02 01:53:45,full match Premier League
11531,1696,2023-12-02 16:53:24,interview Smith
11532,2756,2023-04-05 12:29:21,documentary Joshua
11533,820,2023-07-16 17:23:43,interview Verstappen
11534,404,2023-10-02 16:35:26,replay Grand Prix
11535,470,2023-12-02 23:58:55,highlights Mahomes
11536,119,2023-11-06 02:44:58,highlights East John
11537,1937,2023-05-31 06:43:31,interview Super Bowl
11538,749,2023-12-20 20:18:18,full match F1
11539,324,2024-01-25 21:20:05,full match Hamilton
11540,537,2023-03-18 17:51:14,full match Football
11541,1353,2023-06-03 15:02:18,interview Premier League
11542,1627,2023-10-07 20:31:19,F1
11543,2227,2023-10-07 08:15:24,Mahomes
11544,555,2023-07-10 10:43:32,interview World Cup
11545,2837,2023-12-27 03:47:05,documentary Grand Prix
11546,2188,2023-05-21 21:13:04,highlights Grand Prix
11547,1991,2023-08-08 22:40:11,documentary Champions League
11548,846,2023-07-05 13:47:59,documentary Super Bowl
11549,1053,2024-01-10 18:39:46,Hamilton
11550,2055,2024-01-15 18:17:42,full match Mahomes
11551,2913,2023-01-23 13:21:48,full match Darts
11552,2264,2023-06-07 11:27:14,full match F1
11553,2759,2023-04-27 15:46:27,interview Mahomes
11554,175,2024-03-24 05:34:44,full match Hamilton
11555,675,2023-06-13 06:44:03,documentary Darts
11556,511,2023-02-02 14:07:06,highlights MMA
11557,877,2023-06-24 13:20:58,Premier League
11558,1579,2024-03-04 10:59:53,full match Grand Prix
11559,1090,2023-10-30 10:22:33,replay Hamilton
11560,1127,2023-02-20 04:06:07,documentary Brady
11561,1268,2023-09-06 15:56:13,documentary Hamilton
11562,585,2023-01-18 17:43:04,full match Verstappen
11563,633,2023-09-07 05:00:12,documentary Darts
11564,2749,2023-07-02 21:34:19,highlights West Davidmouth
11565,1329,2023-03-28 16:05:08,replay F1
11566,1606,2023-01-15 17:07:40,full match Tennis
11567,2078,2023-08-28 07:03:40,replay Champions League
11568,1398,2023-08-24 01:34:25,replay Brady
11569,2364,2023-06-05 00:39:14,interview MMA 2024
11570,831,2023-07-22 18:51:28,full match MMA 2024
11571,223,2023-09-20 19:04:39,interview Joshua
11572,951,2023-11-27 12:03:16,full match Tennis
11573,2924,2024-02-03 18:25:17,documentary Darts
11574,1998,2023-12-07 11:47:43,full match Grand Prix
11575,1097,2023-07-12 16:21:04,full match Darts
11576,165,2023-08-29 05:05:51,Grand Prix
11577,870,2024-01-18 00:19:36,documentary Football
11578,1454,2024-01-15 17:42:42,interview Joshua
11579,155,2023-07-05 10:24:06,documentary Turner
11580,1125,2023-06-08 13:15:56,replay Mayweather
11581,1914,2023-05-31 05:37:56,full match Brady
11582,181,2024-03-09 01:52:30,documentary MMA
11583,2647,2023-11-05 13:12:34,documentary Premier League
11584,196,2023-11-03 15:58:54,highlights Boxing
11585,2585,2024-03-27 10:11:17,interview World Cup
11586,65,2024-03-16 10:48:58,Darts
11587,530,2023-04-21 08:46:26,Super Bowl
11588,2259,2024-02-19 15:35:52,replay NFL
11589,1334,2023-09-20 01:34:00,replay Seifert
11590,2719,2023-09-29 09:08:57,interview NFL
11591,2357,2023-01-07 08:18:59,highlights Joshua
11592,1452,2023-12-03 20:32:18,replay Hamilton
11593,2434,2023-12-21 08:07:11,Boxing
11594,584,2023-12-17 03:32:50,documentary Verstappen 2023
11595,567,2023-06-29 04:59:21,full match Football
11596,509,2023-04-07 20:28:59,full match Hall
11597,685,2023-07-12 23:00:16,replay Tennis
11598,1274,2024-01-20 05:30:45,interview Rogers
11599,297,2023-05-12 00:11:41,highlights Verstappen
11600,2299,2023-02-03 13:55:33,interview Tennis
11601,192,2023-03-19 12:50:24,Mahomes
11602,938,2024-02-02 02:13:01,full match Hamilton
11603,481,2023-05-24 18:43:16,interview MMA 2023
11604,1305,2024-01-16 00:45:44,Joshua
11605,2444,2023-08-13 10:20:40,full match Hamilton
11606,855,2023-05-23 12:50:44,full match Gardelegen
11607,258,2023-04-10 13:41:56,full match Premier League
11608,422,2024-03-15 12:21:14,highlights F1
11609,1027,2023-03-04 19:24:15,full match Wilkins
11610,1245,2023-04-24 16:35:15,Premier League 2024
11611,2170,2023-08-30 16:04:37,Tennis
11612,1923,2023-03-29 04:13:55,full match Champions League
11613,1706,2023-05-29 07:24:26,South Tom
11614,156,2023-12-08 03:31:54,full match Hildburghausen
11615,838,2023-02-13 15:25:09,MMA
11616,2291,2023-04-25 18:35:25,replay Verstappen 2023
11617,1515,2023-04-02 01:00:06,Darts
11618,2831,2023-01-30 03:43:33,documentary MMA
11619,1671,2023-01-17 15:26:54,full match MMA
11620,1549,2024-01-06 04:15:20,documentary Premier League
11621,306,2023-05-20 09:55:16,full match MMA
11622,2434,2023-10-09 21:59:22,F1
11623,2701,2023-07-30 18:57:34,replay Champions League
11624,2981,2023-01-31 03:36:47,Joshua
11625,1469,2023-09-13 15:12:15,highlights Super Bowl
11626,994,2024-03-22 02:57:36,full match Football
11627,630,2023-04-26 08:50:32,full match Premier League
11628,2655,2024-01-09 16:38:16,replay Premier League
11629,562,2024-02-17 23:34:23,documentary Hamilton
11630,2578,2023-09-05 09:46:51,full match NFL
11631,2821,2024-02-28 00:27:48,interview MMA
11632,2843,2023-01-06 13:22:46,full match Brady
11633,2816,2024-02-10 06:51:37,full match Football
11634,2444,2023-11-11 16:45:38,Gerlach
11635,122,2023-12-05 19:05:08,interview Super Bowl
11636,1103,2023-06-21 02:50:40,documentary Joshua
11637,881,2024-01-17 05:10:14,Brady
11638,52,2023-03-26 13:03:17,full match Brady
11639,450,2024-01-17 03:19:38,documentary Super Bowl
11640,2586,2023-02-04 13:12:39,interview Football
11641,2708,2023-01-14 00:43:05,interview Football
11642,2414,2023-07-29 19:37:48,highlights Nelsonstad
11643,1127,2023-09-15 12:37:54,interview Premier League
11644,439,2023-08-25 22:41:57,full match Hamilton
11645,844,2023-05-18 21:01:42,interview Henck
11646,190,2023-12-19 11:22:56,documentary Champions League
11647,1588,2023-02-16 03:02:08,Champions League
11648,449,2023-04-10 09:42:43,documentary Premier League
11649,643,2024-01-12 19:35:41,replay F1
11650,637,2024-03-04 14:10:46,Mayweather
11651,469,2024-01-26 05:04:16,Football
11652,2917,2023-09-11 15:46:49,World Cup
11653,1548,2024-02-17 18:04:09,replay Joshua
11654,44,2023-03-14 22:10:32,replay Boxing
11655,53,2023-01-29 22:59:45,documentary World Cup
11656,1807,2023-12-18 05:52:28,highlights Ramirez
11657,2907,2024-03-29 06:34:53,highlights Day
11658,658,2024-03-24 21:57:03,interview Tennis
11659,1372,2023-11-09 20:01:13,Joshua
11660,703,2023-09-11 15:09:25,full match Boxing
11661,2130,2023-10-08 05:06:10,documentary Darts
11662,2756,2023-09-20 21:37:58,Grand Prix
11663,1122,2023-07-09 02:55:03,interview F1 2023
11664,1143,2023-05-18 02:59:09,full match Brady
11665,2333,2024-03-28 14:46:50,full match Tennis
11666,995,2023-03-29 12:50:55,replay NFL
11667,561,2023-11-12 06:33:41,interview Verstappen
11668,1267,2023-03-10 10:46:58,replay Mahomes
11669,1729,2023-08-03 00:20:05,replay Verstappen
11670,2496,2023-04-11 09:03:43,interview NFL
11671,1129,2023-03-14 18:19:03,highlights Hamilton
11672,2150,2023-10-30 20:01:29,replay World Cup
11673,2510,2023-02-21 23:33:56,Champions League
11674,2947,2023-03-17 14:48:08,NFL
11675,2485,2023-06-09 03:17:09,highlights Hamilton
11676,1156,2023-07-27 10:33:00,interview Tennis 2024
11677,1405,2024-03-09 12:45:02,interview F1
11678,2171,2023-04-26 23:53:24,full match Hamilton
11679,51,2023-10-02 08:42:20,full match Mahomes 2024
11680,2345,2023-03-12 05:27:51,Champions League
11681,1871,2023-02-02 13:41:54,Boxing
11682,220,2023-02-21 01:16:59,highlights Champions League
11683,2996,2023-07-30 01:37:57,highlights Darts
11684,910,2023-07-17 22:03:00,Brady 2023
11685,608,2024-03-09 19:00:51,full match Roth
11686,1038,2023-12-22 13:52:55,highlights Grand Prix
11687,752,2024-03-28 03:38:13,highlights Grand Prix
11688,1026,2023-06-09 00:43:14,replay Darts
11689,1383,2023-01-26 12:36:15,interview Mayweather
11690,139,2023-03-30 15:19:25,full match West Joan
11691,2835,2023-05-28 19:39:04,Football
11692,1475,2023-06-24 08:33:39,highlights Darts
11693,784,2024-01-18 11:27:46,interview MMA
11694,1196,2024-01-31 04:25:48,World Cup
11695,2217,2023-01-24 17:10:34,highlights Tennis
11696,773,2023-12-28 08:59:54,full match Grand Prix
11697,644,2023-08-11 16:14:08,interview Super Bowl 2024
11698,886,2023-08-16 18:30:12,Champions League
11699,1566,2024-03-15 00:06:57,highlights Boxing 2024
11700,1776,2024-02-14 08:28:03,highlights Mahomes
11701,791,2023-01-23 16:17:52,documentary Grand Prix
11702,2194,2023-11-23 16:35:11,highlights Super Bowl
11703,871,2023-08-15 23:32:06,Brady
11704,2381,2023-02-28 03:33:30,Mahomes
11705,1813,2024-02-13 01:44:20,Hamilton
11706,2064,2023-02-02 21:35:29,Hamilton
11707,2353,2023-11-18 16:31:20,documentary Mahomes 2024
11708,447,2024-01-21 13:50:32,highlights Grand Prix
11709,110,2023-01-18 21:26:02,Verstappen
11710,2748,2023-06-07 02:37:19,documentary Brady 2024
11711,1780,2023-09-01 03:10:37,documentary Tennis
11712,1947,2024-03-22 05:07:47,replay Super Bowl
11713,2289,2023-07-21 15:41:20,highlights MMA
11714,1490,2023-05-23 23:07:47,replay Premier League
11715,1860,2023-10-31 11:57:55,documentary Tennis
11716,391,2023-06-05 03:20:17,documentary Brady
11717,2528,2023-04-04 00:44:05,full match Boxing
11718,252,2023-05-26 07:49:19,highlights Darts
11719,182,2023-07-29 00:33:26,replay Boxing 2023
11720,2930,2023-07-14 13:59:00,F1
11721,1094,2023-05-20 07:06:22,Football
11722,855,2023-10-29 09:13:11,interview Premier League
11723,2499,2023-12-23 19:59:02,interview Premier League
11724,1048,2023-06-09 01:18:34,F1
11725,1415,2023-06-28 15:28:11,Verstappen
11726,2442,2024-03-09 01:42:52,Joshua
11727,2232,2024-02-19 10:22:05,highlights North Lisa
11728,2757,2023-10-23 09:24:55,Mayweather
11729,573,2024-02-28 10:50:59,replay Mayweather
11730,2514,2023-01-31 10:25:50,interview Mayweather
11731,2792,2023-10-21 12:05:07,Joshua
11732,901,2023-03-01 11:21:03,Joshua
11733,2838,2023-05-28 22:42:30,full match Premier League
11734,97,2024-01-28 00:51:32,replay Super Bowl 2023
11735,1313,2024-03-12 19:04:41,full match Mayweather
11736,2703,2024-03-23 22:22:44,highlights MMA
11737,1811,2024-01-27 18:21:34,full match Champions League
11738,451,2023-02-28 15:17:32,replay World Cup
11739,1447,2023-11-02 02:24:00,interview Football
11740,443,2023-12-10 14:35:03,documentary Super Bowl
11741,1104,2023-10-25 01:27:01,replay Darts
11742,1370,2023-12-03 10:09:43,interview MMA
11743,111,2024-01-10 01:39:57,Hein
11744,1991,2024-02-06 01:09:24,Hamilton
11745,2315,2023-12-16 12:47:38,interview Champions League
11746,2468,2023-03-18 00:01:57,documentary Football
11747,2397,2023-01-23 13:04:47,highlights Champions League
11748,1064,2023-01-13 01:04:23,Grand Prix
11749,516,2023-06-12 15:54:42,replay NFL
11750,1416,2023-06-21 17:10:58,documentary Brady
11751,1853,2024-03-03 00:21:44,full match Pottsville
11752,2426,2024-03-09 14:21:30,full match NFL
11753,1759,2023-04-09 17:42:10,interview Murphyburgh
11754,325,2024-01-07 12:21:01,replay Grand Prix
11755,242,2024-03-04 17:33:02,replay Lake Lauraborough
11756,1259,2023-08-11 21:08:02,Champions League
11757,304,2023-06-16 06:28:38,documentary Tennis
11758,2352,2023-05-17 19:22:53,replay Owensville
11759,649,2023-01-18 14:25:15,Brady
11760,1490,2023-03-30 02:47:44,Grand Prix
11761,2008,2023-06-17 12:06:40,Brady
11762,99,2023-04-20 16:58:30,highlights Hamilton
11763,1893,2023-05-05 22:08:35,full match Grand Prix
11764,2640,2024-03-20 14:50:38,documentary Mayweather
11765,2617,2023-03-17 04:22:02,documentary World Cup
11766,298,2023-09-30 01:22:22,interview Mahomes
11767,2596,2023-05-19 17:52:45,interview Premier League
11768,1472,2024-01-15 04:49:45,Tennis 2024
11769,260,2024-01-11 01:38:54,documentary Mayweather
11770,2220,2023-04-12 04:18:00,full match Premier League
11771,558,2024-03-01 10:32:31,interview MMA 2023
11772,1565,2024-03-16 09:29:46,Hamilton
11773,1044,2024-01-31 20:18:04,replay Sangerhausen
11774,2603,2023-01-12 01:10:32,documentary Premier League
11775,215,2023-06-08 11:59:26,highlights Robinson
11776,1571,2023-03-19 13:40:18,interview Darts
11777,2183,2023-12-08 16:59:53,documentary World Cup
11778,1375,2023-01-03 05:26:47,interview Premier League
11779,2929,2023-01-03 10:33:47,highlights Grand Prix
11780,1555,2023-12-23 04:05:17,highlights Brady 2023
11781,1417,2024-02-13 11:19:41,documentary Boxing
11782,2449,2023-12-24 03:49:39,replay NFL
11783,2959,2023-01-06 06:15:36,replay Boxing
11784,220,2023-01-17 19:31:28,highlights World Cup
11785,410,2023-04-29 12:17:54,interview Mayweather
11786,1511,2023-05-07 07:09:46,highlights Boxing
11787,1272,2023-09-21 20:55:53,interview Brady
11788,2823,2023-07-26 15:21:02,Boxing
11789,965,2024-03-07 10:36:55,Hamilton
11790,1853,2024-02-14 22:20:19,Super Bowl
11791,2373,2023-11-12 10:37:29,highlights Trub
11792,436,2023-09-30 09:43:36,Rädel
11793,2702,2023-07-10 07:06:00,Verstappen
11794,2796,2023-05-08 19:38:21,World Cup
11795,31,2023-05-08 19:21:58,MMA 2024
11796,1069,2023-03-08 13:50:05,replay F1
11797,1569,2023-01-16 12:31:46,full match Super Bowl 2024
11798,2447,2023-07-26 00:09:52,Joshua
11799,2784,2023-03-04 08:15:37,Verstappen 2024
11800,2269,2023-07-11 23:21:36,highlights Mayweather
11801,1139,2023-07-10 23:12:11,interview MMA
11802,2852,2023-09-27 14:31:13,interview NFL
11803,498,2023-01-09 23:51:24,full match Mayweather
11804,1914,2024-03-05 19:06:11,Joshua
11805,2343,2023-12-02 14:41:22,highlights Brady
11806,417,2024-02-14 18:16:10,Premier League
11807,874,2023-09-17 02:06:17,full match Mahomes
11808,906,2023-07-05 18:59:08,full match Joshua
11809,876,2023-05-13 10:20:46,highlights Boxing
11810,14,2024-02-20 16:55:03,highlights Mahomes
11811,2738,2024-03-19 12:50:14,full match Premier League
11812,1871,2023-11-02 14:20:29,interview Football
11813,1704,2023-06-14 18:27:54,documentary Brady
11814,474,2023-10-06 18:40:06,replay Paulineside 2024
11815,222,2023-08-31 17:11:57,Beier
11816,348,2023-08-31 13:41:35,replay Darts
11817,2428,2023-08-28 15:24:57,World Cup
11818,1764,2024-01-13 20:39:28,documentary Verstappen
11819,2482,2023-08-24 14:16:38,documentary Mayweather
11820,1442,2023-04-10 21:10:47,Brady
11821,2045,2023-06-23 03:19:50,highlights Darts
11822,1279,2023-02-22 15:28:22,full match Brady
11823,2971,2023-02-17 13:55:20,Mahomes
11824,973,2023-02-27 20:37:06,Darts
11825,122,2024-03-01 08:58:09,Darts
11826,1768,2023-02-28 15:49:26,replay World Cup
11827,1115,2024-02-19 00:45:09,full match Football
11828,326,2023-12-01 23:41:51,Super Bowl
11829,301,2023-03-26 00:55:31,documentary Tennis 2024
11830,1752,2023-04-28 12:08:41,full match Mayweather
11831,634,2024-02-27 00:59:07,interview Grand Prix
11832,301,2023-09-07 01:03:32,documentary Super Bowl
11833,1886,2023-02-28 18:27:10,Grand Prix
11834,1843,2024-02-23 13:55:53,full match Boxing
11835,333,2023-05-11 15:46:12,full match MMA
11836,1174,2023-06-20 01:27:30,interview Mayweather
11837,1956,2023-09-19 10:08:59,highlights Football
11838,304,2023-02-18 09:30:10,documentary Brady
11839,534,2024-03-12 23:39:35,full match F1
11840,1925,2023-09-10 12:14:32,documentary F1
11841,2718,2023-08-30 23:41:06,NFL
11842,2180,2023-04-13 09:51:57,documentary World Cup
11843,734,2023-06-04 01:14:16,highlights NFL
11844,1127,2024-03-15 03:02:17,full match World Cup
11845,1422,2023-10-14 04:53:51,replay Tennis 2023
11846,1874,2023-03-15 22:45:49,Darts
11847,1956,2023-04-08 18:37:01,documentary Champions League
11848,699,2024-02-28 22:46:07,interview Joshua
11849,34,2023-04-29 05:37:52,Port Kieranmouth
11850,897,2023-06-10 08:03:46,Tennis
11851,1753,2023-08-23 11:21:38,full match Football
11852,2384,2024-03-26 17:36:05,full match Williams
11853,185,2024-02-04 22:21:51,Hamilton 2024
11854,1424,2023-07-25 11:44:43,Super Bowl
11855,1937,2024-02-22 19:34:27,interview NFL
11856,1177,2023-01-30 23:15:22,Tennis
11857,570,2023-06-13 22:53:01,documentary Football
11858,520,2024-02-22 03:56:11,highlights MMA
11859,198,2023-11-24 22:09:04,highlights Hamilton
11860,2289,2023-12-08 10:37:27,replay Tennis
11861,1137,2024-01-06 16:23:11,replay NFL
11862,654,2023-02-03 07:16:59,documentary Verstappen
11863,1534,2023-01-31 09:14:43,World Cup
11864,2629,2024-03-20 23:42:34,highlights Premier League 2024
11865,2675,2023-05-03 16:09:01,Premier League
11866,700,2023-09-19 19:14:36,replay Football
11867,2287,2024-03-01 07:48:54,Super Bowl
11868,1797,2023-06-03 12:10:30,Super Bowl
11869,1246,2023-05-24 15:32:58,Grand Prix
11870,2015,2023-12-07 15:25:31,highlights MMA
11871,2147,2024-01-23 14:20:47,replay Brady
11872,1343,2024-01-03 19:22:01,replay MMA
11873,654,2023-10-18 14:42:57,full match Boxing
11874,1041,2023-08-02 00:16:56,replay World Cup
11875,1348,2024-01-05 17:11:36,highlights Brady
11876,951,2024-03-27 07:40:02,highlights MMA
11877,2160,2023-03-16 07:39:23,replay Tennis
11878,294,2023-09-20 00:19:46,full match F1
11879,2200,2023-07-04 05:57:39,Boxing
11880,2075,2024-01-19 16:52:13,interview Darts
11881,2517,2023-03-06 03:26:24,Brady
11882,925,2023-07-27 01:40:34,Tennis
11883,1280,2023-11-20 19:33:05,replay Kirby
11884,1114,2023-05-05 09:04:41,highlights Grand Prix
11885,1749,2023-10-23 16:03:21,interview NFL
11886,1741,2023-11-01 12:09:49,interview Mayweather
11887,925,2023-12-11 06:07:33,documentary Carroll
11888,595,2023-07-23 19:47:57,full match Brady 2023
11889,41,2023-02-20 06:16:32,Mayweather
11890,579,2023-03-22 01:18:39,interview World Cup
11891,2659,2023-06-15 11:35:36,Mayweather
11892,1755,2023-01-27 14:28:51,Grand Prix
11893,2234,2023-06-29 17:59:23,Super Bowl
11894,750,2023-01-30 01:02:07,full match F1
11895,861,2023-01-09 21:38:43,interview Bradley 2023
11896,1263,2023-04-26 09:02:51,World Cup
11897,1195,2023-07-18 01:55:57,Joshua
11898,442,2023-04-02 16:09:28,interview Konstanz
11899,2441,2023-06-19 16:52:17,Joshua 2024
11900,2910,2023-04-18 13:59:00,Football
11901,456,2023-03-12 08:32:36,replay Darts
11902,829,2023-02-15 14:14:10,replay Tennis
11903,1492,2023-12-02 03:36:02,Tennis
11904,2133,2023-03-09 10:30:31,full match Curry
11905,1186,2024-01-15 01:36:12,interview Darts
11906,147,2023-01-24 12:08:50,highlights Hamilton
11907,929,2024-01-19 05:17:48,highlights Grand Prix
11908,665,2024-03-17 06:31:30,full match Tennis
11909,2541,2023-07-20 00:06:30,F1
11910,2060,2023-12-08 11:13:03,replay Super Bowl
11911,1071,2023-07-03 08:06:18,highlights Mahomes
11912,661,2023-10-07 04:59:30,documentary Brady
11913,1289,2024-03-27 14:59:40,Football
11914,2812,2024-02-23 08:29:19,full match MMA
11915,1582,2023-04-27 16:39:58,full match Hamilton
11916,1362,2023-06-05 12:38:51,highlights MMA
11917,6,2023-08-11 19:32:08,full match Boxing
11918,2678,2024-02-06 19:47:35,Joshua
11919,1545,2023-05-17 15:48:40,documentary NFL
11920,1709,2023-07-05 13:12:45,documentary World Cup
11921,1036,2024-03-01 05:16:25,documentary Mahomes
11922,1712,2023-03-10 23:42:17,highlights Super Bowl
11923,2668,2023-02-15 21:10:21,replay Hamilton 2024
11924,1098,2023-01-24 01:12:22,full match Boxing
11925,2677,2023-03-26 09:28:55,Lübben
11926,2468,2023-10-20 02:24:21,documentary Premier League 2023
11927,2133,2023-01-10 00:48:32,F1
11928,2840,2023-05-18 21:23:03,World Cup 2023
11929,92,2023-02-12 21:28:58,full match Mariaview 2024
11930,408,2024-01-17 12:29:30,replay Boxing
11931,2814,2023-12-24 18:42:31,Boxing
11932,868,2023-12-15 00:29:13,replay Premier League
11933,1777,2023-12-02 11:15:31,replay F1
11934,1658,2023-08-27 13:28:54,highlights Mahomes 2024
11935,792,2023-10-11 10:28:38,full match Hamilton
11936,1762,2023-05-26 08:35:15,Champions League
11937,932,2023-09-06 10:36:28,Tennis
11938,2159,2023-11-21 11:34:01,interview Brady
11939,1966,2023-10-04 07:55:06,Brady
11940,2033,2023-03-13 09:13:04,highlights Mahomes
11941,744,2023-07-04 09:21:15,F1
11942,1375,2023-04-07 01:22:46,F1
11943,1318,2023-07-20 22:18:02,F1
11944,433,2023-05-13 19:46:19,replay Premier League
11945,2222,2023-04-05 02:48:28,Super Bowl
11946,482,2024-02-04 17:46:24,interview Tennis
11947,1784,2023-07-31 12:28:28,highlights Mahomes 2023
11948,2009,2023-02-10 23:21:52,Football
11949,1257,2023-10-28 23:31:12,interview Zimmer 2024
11950,875,2023-09-04 19:33:29,highlights Grand Prix
11951,2882,2024-01-17 10:22:48,highlights Power
11952,64,2023-03-26 11:29:02,full match Boxing
11953,623,2023-12-19 07:17:54,Kaylafurt
11954,2046,2024-02-15 07:48:17,NFL
11955,2988,2024-01-05 00:16:22,Hamilton
11956,1803,2023-12-09 00:23:22,replay Joshua
11957,486,2023-02-04 17:18:56,World Cup
11958,2614,2023-05-16 01:27:43,documentary Grand Prix
11959,916,2023-10-01 07:21:56,Mayweather 2023
11960,2650,2023-07-08 03:55:12,highlights Premier League
11961,426,2023-07-04 07:38:33,replay Super Bowl
11962,2827,2023-06-01 20:38:39,replay Grand Prix
11963,865,2023-07-17 14:56:33,full match New Allisonport
11964,132,2023-03-29 20:38:43,interview Boxing
11965,2291,2023-04-22 08:17:43,full match Darts 2023
11966,2587,2023-04-05 23:26:05,replay Grand Prix 2024
11967,1089,2023-11-01 18:35:16,documentary Austin
11968,2109,2023-11-17 17:39:38,Tennis 2024
11969,28,2023-04-17 12:22:19,Hamilton
11970,1206,2024-03-27 21:17:49,Premier League
11971,2720,2023-08-25 05:53:58,Football
11972,469,2023-08-11 01:37:13,full match Hamilton
11973,1479,2023-12-17 06:09:17,replay Champions League
11974,2445,2024-01-10 13:11:15,replay Champions League
11975,2788,2023-09-17 19:18:40,full match World Cup 2023
11976,1827,2023-04-03 12:14:11,documentary Mahomes
11977,1687,2023-10-06 03:49:10,highlights Champions League
11978,2610,2023-11-17 00:03:26,full match Champions League
11979,2191,2023-03-05 18:23:51,replay NFL
11980,1614,2023-11-29 18:45:54,F1 2023
11981,2973,2023-06-12 23:49:38,World Cup
11982,1034,2023-08-27 01:15:04,full match MMA
11983,2012,2024-02-04 00:12:01,replay Super Bowl
11984,76,2023-08-12 16:49:27,full match Mahomes
11985,1807,2023-09-07 10:17:30,Grand Prix
11986,2467,2023-01-24 16:15:19,interview Joshua
11987,1629,2023-10-02 23:13:43,documentary World Cup
11988,1350,2024-01-06 02:44:14,documentary Boxing
11989,2352,2024-02-21 09:00:49,documentary Hamilton
11990,1846,2023-12-02 17:02:31,interview Brady
11991,128,2023-10-27 02:56:09,documentary Super Bowl
11992,2905,2023-11-08 17:55:24,full match Tennis
11993,1393,2023-03-23 20:21:06,interview Brady
11994,392,2023-03-13 05:47:32,Champions League
11995,488,2023-08-05 13:57:48,Boxing
11996,1317,2023-07-20 03:13:54,documentary Super Bowl
11997,777,2023-08-19 07:11:38,Mahomes
11998,2112,2023-02-24 15:47:51,Boxing
11999,761,2023-10-26 15:23:17,interview Mahomes
12000,2594,2023-04-10 21:13:15,Hamilton
12001,307,2024-01-05 20:07:22,MMA
12002,1170,2023-09-07 04:39:30,Hamilton
12003,2040,2024-03-05 03:45:44,highlights Verstappen 2023
12004,517,2024-01-18 01:45:44,interview Football
12005,203,2023-11-17 12:13:01,Champions League
12006,208,2023-10-19 15:12:14,highlights Joshua
12007,2204,2023-08-01 07:22:34,Verstappen 2023
12008,221,2024-02-27 15:22:13,full match Mayweather
12009,1377,2023-09-17 14:00:44,interview Schwandorf
12010,2330,2023-09-16 13:55:43,Super Bowl
12011,808,2023-01-18 07:25:08,Mahomes
12012,2643,2023-02-17 12:10:32,Verstappen
12013,1987,2023-05-18 06:10:06,documentary Tennis
12014,657,2023-01-27 03:39:56,highlights MMA
12015,1834,2023-06-28 14:34:02,interview Hamilton
12016,1095,2023-04-25 03:54:48,replay Champions League
12017,136,2024-01-11 14:15:03,Hamilton
12018,64,2023-06-18 07:27:23,highlights Hamilton
12019,619,2023-11-11 17:29:44,highlights Mayweather
12020,442,2023-06-14 06:27:12,Brady
12021,462,2023-03-02 11:39:52,highlights Verstappen
12022,2134,2023-06-04 22:12:41,interview Tennis 2023
12023,497,2023-03-09 00:20:21,Mayweather
12024,2680,2023-08-18 07:47:51,full match Mayweather
12025,1075,2023-12-09 09:02:03,documentary Premier League
12026,279,2023-04-12 00:03:45,full match Verstappen
12027,1671,2023-06-15 04:52:34,F1
12028,958,2023-10-07 07:43:42,highlights Wilkinsonmouth
12029,1886,2024-03-29 15:02:27,full match World Cup
12030,461,2023-03-04 22:12:13,replay Mahomes
12031,1125,2024-02-08 04:11:50,replay Brady
12032,620,2023-04-14 00:02:47,documentary Joshua
12033,2458,2023-02-24 11:38:12,full match Joshua
12034,894,2023-12-23 08:52:31,highlights Tennis
12035,1555,2023-08-19 19:30:19,documentary Super Bowl
12036,2412,2024-01-04 02:15:43,full match Mahomes
12037,1331,2023-12-22 09:12:23,Grand Prix
12038,1050,2023-09-06 07:03:43,Darts
12039,1944,2023-01-07 12:45:07,Byrne
12040,2008,2023-10-08 20:47:29,interview MMA
12041,1719,2023-10-06 11:18:31,World Cup
12042,1588,2023-01-14 02:17:57,full match Grand Prix
12043,856,2023-03-29 09:26:18,Mayweather
12044,2037,2023-02-11 22:38:21,highlights Darts
12045,1822,2023-02-24 23:44:24,highlights MMA
12046,2787,2023-10-06 19:07:46,full match Champions League 2023
12047,1569,2024-01-29 17:04:22,replay Boxing
12048,132,2023-03-24 12:18:49,replay Darts
12049,2674,2023-12-26 19:18:20,documentary Gardnerborough
12050,1181,2024-03-03 15:29:36,Boxing 2024
12051,664,2023-02-25 20:57:17,Grand Prix
12052,941,2023-04-07 17:54:27,World Cup
12053,1173,2024-02-23 08:12:10,replay Hamilton
12054,2080,2023-04-29 15:52:41,full match Hamilton 2023
12055,2797,2023-09-01 04:33:13,highlights Joshua
12056,2029,2023-05-15 23:02:45,highlights Verstappen
12057,380,2023-07-08 11:11:40,full match World Cup
12058,2927,2023-02-16 02:32:37,Verstappen
12059,658,2024-03-11 11:40:10,Hamilton
12060,2575,2023-02-22 03:25:46,documentary Verstappen 2023
12061,1768,2023-04-03 00:41:19,Reyes
12062,1750,2023-09-20 22:53:38,Verstappen
12063,788,2023-09-10 07:25:11,highlights Premier League
12064,1444,2023-02-18 23:28:35,Verstappen
12065,2638,2023-01-20 01:34:35,Football
12066,1472,2023-03-27 09:26:54,Mahomes
12067,1917,2023-05-16 06:07:23,Tennis
12068,2816,2023-06-13 17:53:22,Super Bowl
12069,341,2023-03-10 17:12:03,documentary Mayweather
12070,411,2024-02-29 10:47:08,Champions League
12071,753,2023-01-06 18:00:14,documentary Koch
12072,1306,2023-05-26 07:35:51,highlights Neilton
12073,147,2023-05-21 21:38:25,interview Kallert
12074,146,2023-02-27 06:49:45,highlights NFL
12075,104,2023-06-04 19:07:26,Olpe
12076,2661,2023-10-02 07:40:50,replay Mahomes
12077,1355,2023-06-20 19:05:42,Hellwig
12078,2005,2023-06-27 09:05:21,interview Premier League
12079,1476,2024-01-17 12:34:50,full match Premier League 2024
12080,424,2023-03-06 18:24:52,highlights Boxing
12081,2673,2023-08-07 19:05:29,Football
12082,327,2023-01-03 23:43:47,highlights Verstappen
12083,2343,2023-10-16 08:24:39,replay Super Bowl
12084,2919,2024-01-28 17:16:00,highlights MMA
12085,339,2023-08-13 18:43:38,full match Higgins
12086,1442,2024-02-15 00:38:13,replay Super Bowl
12087,1787,2023-12-28 06:30:22,interview NFL
12088,504,2023-02-07 01:06:59,full match Grand Prix
12089,2858,2023-08-09 17:19:12,F1
12090,1439,2023-10-06 02:31:50,highlights MMA
12091,1658,2023-10-17 19:38:06,Champions League
12092,2611,2023-09-07 08:11:30,documentary NFL
12093,1562,2024-03-21 04:43:36,Lemgo
12094,2065,2023-12-21 18:32:08,Butte
12095,842,2023-06-15 12:04:34,documentary World Cup
12096,1830,2023-08-07 23:16:19,replay Boxing
12097,731,2023-10-16 18:20:43,interview Bonbach
12098,1333,2023-12-15 06:38:11,documentary Williams
12099,2578,2023-06-21 09:06:44,full match Mahomes
12100,2374,2023-07-17 14:46:02,documentary Fiebig
12101,2848,2023-09-09 03:33:06,documentary Champions League
12102,505,2023-03-14 04:12:30,Premier League
12103,742,2023-09-05 10:32:37,MMA 2023
12104,1891,2023-06-22 17:37:16,replay Darts
12105,2477,2023-04-25 12:12:07,Football
12106,2274,2023-03-30 05:02:31,Boxing
12107,2932,2023-11-08 18:25:22,Tennis
12108,1905,2023-07-15 10:47:17,interview Park
12109,1393,2023-10-20 08:12:52,interview Grand Prix
12110,376,2023-02-14 14:26:57,interview Football
12111,1439,2023-09-03 11:25:10,documentary MMA
12112,1461,2023-08-05 08:01:05,Joshua
12113,470,2023-06-14 15:48:53,interview F1
12114,957,2023-02-10 06:17:57,interview World Cup
12115,2062,2023-06-08 15:24:58,highlights Boxing
12116,739,2023-05-08 10:24:25,highlights World Cup
12117,2259,2023-08-29 03:15:49,Super Bowl
12118,411,2023-01-16 03:03:51,Super Bowl
12119,2525,2023-07-22 17:06:21,full match Mahomes
12120,2337,2023-03-12 17:01:10,interview F1
12121,1939,2023-11-16 04:07:26,Mahomes
12122,1080,2023-02-21 19:48:57,replay Boxing
12123,1583,2023-10-09 18:01:00,replay MMA
12124,33,2024-01-04 22:47:15,interview Brady
12125,2198,2024-03-20 13:16:50,Super Bowl
12126,2674,2023-11-28 09:20:11,Premier League
12127,2376,2023-11-02 12:26:56,replay NFL
12128,1571,2024-03-04 02:37:19,replay Mahomes
12129,2162,2023-11-21 06:23:06,interview Hamilton
12130,2734,2023-03-14 16:24:03,Vargas
12131,929,2023-03-16 17:36:03,highlights World Cup
12132,1031,2023-01-02 05:50:56,full match Grand Prix
12133,857,2023-03-24 05:04:22,interview Grand Prix
12134,371,2024-02-07 04:21:08,highlights Football
12135,2959,2023-12-12 05:45:40,Chapman
12136,1704,2023-09-07 07:21:43,full match Brady
12137,775,2023-06-18 01:01:27,Allen
12138,1930,2023-01-07 13:20:39,replay MMA
12139,2017,2023-12-30 00:35:35,documentary Mahomes
12140,1995,2023-11-17 20:58:02,documentary F1 2024
12141,848,2023-04-04 21:06:10,replay F1
12142,885,2024-01-09 14:10:05,Craig
12143,129,2024-02-10 12:42:12,highlights Verstappen
12144,2476,2024-02-08 18:47:14,highlights World Cup
12145,840,2023-10-01 15:58:11,F1
12146,192,2023-12-04 15:49:34,Joshua
12147,755,2024-01-02 06:12:46,replay Joshua
12148,1834,2023-06-17 19:43:18,documentary Verstappen
12149,2182,2023-01-22 14:47:33,documentary Port Edwardborough
12150,170,2024-02-07 04:44:18,full match Verstappen
12151,433,2023-03-30 21:20:03,replay NFL
12152,1146,2024-01-15 03:45:11,Boxing
12153,1574,2023-08-20 14:22:46,interview Premier League
12154,505,2023-11-29 17:38:41,documentary Mayweather 2024
12155,1243,2023-10-29 15:52:51,highlights Grand Prix
12156,1667,2023-08-27 05:09:30,interview Premier League
12157,1055,2023-09-12 18:30:13,Grand Prix
12158,2023,2023-05-21 21:43:24,Brady
12159,2880,2024-02-01 18:55:53,Premier League
12160,1735,2023-10-25 08:16:17,interview Witzenhausen 2023
12161,2973,2023-05-25 17:11:37,documentary Hamilton
12162,405,2023-03-06 21:08:25,NFL 2023
12163,1638,2023-01-08 15:33:41,highlights Football
12164,1051,2023-07-30 06:12:37,full match Joshua
12165,318,2023-08-26 11:15:43,interview Premier League
12166,404,2024-03-22 12:41:07,highlights South Anneview
12167,787,2023-06-10 03:52:16,interview Premier League
12168,730,2023-12-22 18:39:20,highlights F1
12169,974,2023-01-12 09:13:10,replay Darts
12170,1695,2023-12-27 04:51:17,highlights Verstappen
12171,2075,2023-12-20 18:37:53,full match F1 2024
12172,1796,2023-02-28 09:22:31,Joshua
12173,107,2023-01-15 19:49:10,highlights Mayweather
12174,2162,2023-11-28 01:15:18,full match Boxing
12175,2175,2024-01-20 07:44:03,highlights Blairborough
12176,253,2023-11-22 07:26:56,interview Tennis
12177,2107,2023-05-28 14:37:17,Joshua
12178,669,2024-03-18 04:43:37,interview Mayweather
12179,685,2023-08-30 04:18:47,interview Parsberg
12180,859,2024-03-19 12:00:04,documentary Boxing
12181,60,2023-11-18 09:49:49,replay Mahomes
12182,2645,2023-06-22 02:56:29,documentary Brady
12183,1508,2023-03-13 23:22:11,replay World Cup
12184,2153,2023-10-07 00:26:18,MMA
12185,1149,2023-08-10 18:45:33,highlights Tennis
12186,2422,2023-03-02 05:07:33,full match Football
12187,482,2024-01-17 05:57:33,Mayweather
12188,2989,2023-03-31 02:59:33,full match Amandamouth
12189,1001,2024-01-23 12:18:28,full match Popechester
12190,2612,2024-03-07 18:41:50,full match Davies
12191,2413,2023-08-03 09:17:33,Joshua
12192,892,2023-11-12 19:30:56,Grand Prix
12193,515,2023-03-03 21:54:41,Verstappen
12194,287,2023-11-24 03:29:44,documentary Mayweather
12195,2427,2023-02-14 19:39:08,full match Football
12196,1330,2023-10-24 21:01:55,replay South Michaelbury
12197,2515,2023-06-25 14:30:51,Tennis
12198,2020,2023-02-15 03:54:37,full match Champions League
12199,863,2023-10-09 22:00:40,full match Herbert 2023
12200,1274,2023-11-01 22:22:58,full match Darts
12201,2323,2023-10-01 04:18:46,replay Hewittmouth
12202,1643,2023-11-07 00:01:34,Sherman
12203,1459,2023-04-01 07:31:01,documentary Football
12204,2141,2023-09-01 19:44:42,replay Mayweather
12205,1543,2023-03-30 16:41:34,Tennis
12206,2916,2024-03-27 06:31:18,documentary Hammelburg
12207,2220,2023-09-04 12:10:28,interview Tennis
12208,2311,2023-09-14 12:40:00,full match Champions League
12209,116,2023-04-02 11:27:13,Grand Prix
12210,1690,2023-06-25 02:01:48,documentary Brady
12211,2131,2023-09-24 04:33:39,interview Grand Prix
12212,2103,2024-01-04 18:25:52,F1
12213,2968,2023-10-15 21:04:49,highlights MMA
12214,2414,2023-06-30 07:17:34,replay F1 2024
12215,1468,2023-11-26 04:51:07,documentary Grand Prix
12216,2329,2023-09-21 14:51:17,Boxing
12217,668,2023-05-14 20:59:59,full match Football
12218,662,2024-03-19 22:30:33,full match Verstappen
12219,1135,2023-11-04 18:36:59,interview Mayweather
12220,641,2023-06-14 13:32:00,Verstappen
12221,1632,2024-03-16 22:56:39,replay Mayweather 2024
12222,948,2023-12-24 21:02:15,interview MMA
12223,2562,2023-04-26 03:56:10,F1
12224,2367,2023-04-27 07:29:07,documentary Darts
12225,1950,2024-01-04 06:46:45,Premier League
12226,277,2023-03-13 13:58:19,documentary Joshua
12227,848,2023-12-15 19:56:47,Joshua
12228,1853,2023-12-01 16:54:27,full match World Cup
12229,616,2024-03-30 19:45:17,replay Freising
12230,883,2023-08-07 03:06:48,highlights Hamilton
12231,216,2023-09-11 23:56:34,NFL
12232,974,2024-03-26 01:43:00,Joshua
12233,1931,2023-09-17 06:13:25,documentary Joshua
12234,2326,2023-05-30 01:40:32,replay Verstappen
12235,1829,2023-11-16 20:42:46,Boxing 2023
12236,115,2024-02-11 11:00:47,replay Verstappen
12237,2519,2023-04-23 22:10:58,replay Grand Prix
12238,2037,2023-08-06 01:35:53,replay Tennis
12239,846,2023-11-28 11:35:30,replay F1
12240,15,2024-01-12 21:37:16,Verstappen
12241,1163,2023-05-23 07:59:16,interview Premier League
12242,2361,2023-06-20 09:17:31,Mahomes
12243,368,2023-03-14 13:05:46,highlights Brady 2024
12244,2936,2024-02-22 03:20:58,replay Tennis
12245,1517,2023-11-11 19:35:06,interview Joshua
12246,2272,2023-10-26 19:17:07,full match NFL
12247,468,2024-03-04 10:52:26,full match Brady
12248,2584,2023-11-24 00:00:51,MMA
12249,1410,2023-05-22 00:27:09,documentary Rehau
12250,954,2024-03-26 17:37:18,F1
12251,159,2023-02-21 20:30:18,full match NFL
12252,2787,2024-03-12 00:30:28,highlights Verstappen
12253,59,2023-10-12 06:28:15,highlights Tennis
12254,1277,2024-03-23 15:45:09,highlights Boxing
12255,2450,2023-10-10 08:29:27,West Lucy
12256,664,2023-01-15 16:46:37,interview Popemouth 2023
12257,1541,2023-10-19 06:24:55,Super Bowl
12258,2101,2023-01-15 11:02:27,Darts 2023
12259,1614,2023-02-15 23:11:04,replay MMA 2024
12260,1322,2023-06-25 23:18:30,full match Darts
12261,642,2024-03-02 23:53:18,NFL
12262,2291,2023-02-16 06:48:57,highlights F1
12263,2727,2023-06-04 07:34:00,F1
12264,1475,2023-06-13 15:55:49,highlights Grand Prix
12265,34,2023-12-28 18:53:17,full match Super Bowl
12266,2311,2023-10-30 21:47:32,interview Verstappen
12267,2758,2023-09-09 17:43:05,Joshua 2023
12268,2275,2023-08-23 12:36:23,highlights MMA
12269,2796,2023-10-28 10:02:05,interview NFL
12270,882,2024-02-27 10:00:57,interview Football
12271,134,2023-06-15 05:46:16,interview Grand Prix
12272,1524,2023-03-22 09:30:57,interview Flynn
12273,1435,2024-03-20 03:45:20,replay Hamilton
12274,2821,2023-05-16 15:46:23,highlights Champions League 2024
12275,723,2023-06-30 06:56:45,highlights Boxing 2024
12276,519,2023-08-15 03:41:37,F1
12277,2258,2023-12-19 14:09:27,highlights Grand Prix
12278,2545,2023-12-11 20:34:16,interview F1
12279,135,2023-08-14 17:24:49,Joshua
12280,1995,2023-11-20 18:09:55,documentary Super Bowl
12281,660,2024-01-10 12:50:58,interview Mayweather
12282,689,2023-02-12 19:52:25,interview Darts
12283,563,2023-12-20 04:31:56,replay Brady
12284,2038,2023-12-05 21:46:40,Grand Prix
12285,2398,2023-03-16 10:53:34,highlights World Cup
12286,2203,2024-01-20 19:43:48,highlights Verstappen
12287,1783,2023-12-14 00:30:05,Arnold
12288,1067,2023-03-30 11:13:34,replay World Cup
12289,1998,2023-06-05 02:08:11,Champions League 2023
12290,2899,2023-10-05 21:35:13,MMA
12291,816,2023-06-13 07:51:23,documentary Super Bowl
12292,475,2023-12-16 01:37:42,highlights Jopich
12293,2496,2023-05-13 10:27:55,full match Gregory
12294,887,2023-12-13 08:15:26,Mahomes
12295,230,2023-08-27 02:59:08,Hamilton
12296,1354,2024-01-04 02:39:39,highlights Mayweather
12297,1823,2023-02-24 10:21:26,highlights Tennis
12298,2636,2023-08-24 01:17:03,replay Football
12299,1952,2023-09-04 14:40:07,Premier League
12300,396,2023-11-04 10:50:38,Darts
12301,380,2023-04-27 01:40:50,Darts
12302,2893,2024-02-16 13:28:37,full match Super Bowl
12303,1816,2023-11-16 05:00:18,MMA
12304,1230,2023-03-26 11:16:54,Grand Prix
12305,2815,2024-03-07 23:09:21,Grand Prix
12306,450,2023-02-19 00:02:53,highlights Verstappen
12307,2731,2024-01-15 23:58:49,Super Bowl 2023
12308,2153,2023-07-27 05:37:14,documentary Ingolstadt
12309,255,2023-06-03 22:23:42,full match Wanzleben
12310,1912,2024-02-24 04:41:33,highlights MMA
12311,227,2023-04-24 08:07:16,replay Warmer
12312,1660,2024-02-06 04:47:16,full match Verstappen
12313,669,2023-06-16 21:24:42,highlights Football
12314,115,2023-07-26 19:35:18,documentary Grand Prix
12315,562,2023-09-26 14:19:50,full match F1
12316,1537,2023-03-24 08:10:34,documentary Mayweather
12317,2629,2023-06-03 15:43:11,replay Premier League
12318,540,2023-06-29 18:54:02,replay MMA
12319,1230,2023-02-19 11:33:56,full match Super Bowl
12320,300,2023-06-21 15:56:38,interview F1
12321,2759,2023-06-30 13:08:23,replay F1
12322,583,2023-10-26 08:02:28,replay Joshua
12323,2208,2024-03-01 02:51:07,full match Joshua
12324,321,2023-01-08 07:44:19,replay Mahomes
12325,268,2023-09-27 12:20:31,replay Grand Prix
12326,1460,2023-03-29 16:32:11,full match Verstappen
12327,884,2023-07-29 23:45:52,full match Verstappen
12328,1162,2023-11-25 08:28:59,MMA
12329,1034,2023-04-22 07:00:03,Joshua
12330,273,2023-01-23 16:26:06,documentary F1
12331,2785,2023-10-22 19:49:26,documentary Football
12332,1508,2023-08-07 00:05:25,documentary Mayweather 2024
12333,228,2023-05-23 11:09:37,documentary Barnes
12334,2690,2023-04-17 05:33:55,full match New Williamville
12335,84,2024-02-15 13:39:06,full match Joshua
12336,685,2023-09-10 20:55:08,highlights Eutin
12337,2563,2023-08-26 20:23:21,replay Verstappen
12338,1779,2023-02-13 08:32:34,highlights F1
12339,2293,2023-05-07 00:53:45,highlights Joshua
12340,827,2023-11-22 10:11:36,documentary Football
12341,2452,2023-04-17 15:43:46,Joshua
12342,2993,2024-02-01 07:40:15,full match F1
12343,1712,2023-11-09 15:01:28,highlights Brady
12344,1774,2023-02-14 06:33:20,Grand Prix
12345,555,2023-10-17 00:14:22,interview Tennis 2024
12346,508,2023-07-23 15:33:12,highlights Mayweather
12347,1026,2023-12-11 19:08:07,World Cup
12348,1687,2023-06-15 20:03:42,full match Tennis
12349,420,2023-06-11 04:17:11,Mahomes 2024
12350,2288,2024-03-14 22:41:04,documentary Super Bowl
12351,598,2023-08-04 19:30:49,Malchin
12352,2123,2023-06-16 17:01:25,interview Tennis
12353,1769,2023-07-18 12:33:23,documentary Mahomes 2024
12354,498,2023-11-29 09:08:00,full match Boxing
12355,1731,2024-01-25 09:35:06,Darts
12356,146,2023-01-10 08:46:20,Darts
12357,2362,2023-08-03 19:50:31,Champions League 2024
12358,2827,2023-08-27 19:25:36,highlights Mayweather
12359,440,2023-11-02 01:48:27,full match Premier League
12360,2260,2023-04-22 16:33:40,replay Mahomes
12361,1754,2023-04-09 01:05:21,interview Champions League
12362,895,2023-10-13 00:36:13,highlights Joshua
12363,2908,2023-12-16 17:17:13,documentary Brady
12364,2975,2023-06-01 02:48:41,highlights Super Bowl
12365,1816,2023-02-17 02:04:44,NFL 2024
12366,1600,2023-09-28 15:47:17,highlights MMA
12367,1742,2023-06-29 17:24:00,full match East Jamesshire
12368,2098,2023-07-03 18:15:39,highlights Football 2024
12369,392,2023-12-31 17:54:39,Mayweather
12370,994,2023-01-21 20:56:12,Football
12371,2614,2023-08-24 17:09:52,full match Mahomes
12372,1378,2023-11-22 01:09:06,documentary Tennis
12373,2184,2023-01-16 22:17:40,documentary Joshua
12374,1867,2024-02-01 23:58:21,documentary Super Bowl
12375,995,2024-03-05 05:50:24,Football
12376,2490,2023-08-20 22:58:00,documentary F1 2023
12377,2626,2023-11-11 23:57:13,full match Saulgau
12378,1999,2023-07-25 03:14:48,Verstappen
12379,45,2024-01-31 15:36:52,documentary Edwardsburgh
12380,712,2023-04-24 23:36:52,replay Champions League
12381,1185,2023-08-02 21:03:59,documentary Grand Prix
12382,1383,2023-12-19 01:35:59,Joshua
12383,230,2023-06-13 19:12:28,highlights Ashton
12384,736,2023-07-25 22:34:54,full match Joshua
12385,1898,2023-01-23 23:16:48,full match Verstappen
12386,181,2024-02-13 00:01:26,replay MMA
12387,2636,2023-04-10 15:54:47,documentary F1
12388,761,2024-03-08 02:28:13,interview Boxing
12389,714,2024-01-25 12:51:55,interview Premier League
12390,280,2024-02-04 00:10:59,Premier League 2023
12391,1065,2023-06-05 23:49:06,full match Joshua 2023
12392,2748,2023-03-16 23:11:05,interview Verstappen
12393,2941,2024-01-04 12:16:30,documentary Premier League
12394,1050,2023-10-11 07:44:59,highlights Champions League
12395,2583,2023-08-09 04:16:27,interview Darts
12396,1945,2023-09-25 16:23:26,replay Football
12397,2081,2023-05-04 20:46:38,Verstappen 2024
12398,1414,2023-04-27 14:23:29,full match World Cup
12399,1843,2023-05-06 20:13:36,highlights World Cup
12400,2263,2023-01-03 08:42:59,interview Mahomes
12401,1164,2023-04-16 19:41:08,interview World Cup
12402,1452,2024-01-21 18:08:59,Wright
12403,483,2023-02-26 06:13:15,highlights Boxing
12404,2717,2023-06-03 13:49:46,Verstappen
12405,335,2023-09-23 03:30:10,highlights Football 2023
12406,1603,2023-06-14 15:40:27,Football
12407,2457,2023-06-21 05:33:20,highlights Grand Prix 2023
12408,2198,2024-03-09 21:10:13,replay Super Bowl
12409,1825,2024-01-16 16:33:34,full match Trüb
12410,933,2023-12-14 09:09:10,Grand Prix
12411,37,2023-10-28 13:57:38,NFL
12412,2524,2023-08-13 22:25:11,replay Mahomes
12413,2120,2024-02-28 04:51:11,documentary Joshua
12414,2451,2023-06-10 18:08:59,highlights F1
12415,312,2023-09-10 12:36:16,documentary Football 2023
12416,1551,2023-09-29 11:57:16,Grand Prix
12417,2445,2023-10-29 20:51:44,Wellston
12418,483,2023-12-29 15:36:39,Hamilton
12419,589,2023-10-29 22:42:50,documentary Oconnor
12420,207,2023-12-17 06:02:01,Bender
12421,1215,2023-07-02 14:48:10,highlights Boxing
12422,505,2023-11-20 15:58:06,Premier League
12423,1327,2023-02-05 04:19:21,F1
12424,96,2024-01-11 03:14:50,Champions League
12425,2692,2023-12-19 03:39:43,replay Mayweather
12426,2412,2023-10-13 11:17:44,documentary World Cup
12427,706,2023-08-30 17:40:07,interview Lake Thomasport
12428,2608,2023-09-10 03:57:21,Football
12429,2712,2023-04-01 09:27:36,replay Joshua
12430,1890,2023-06-03 03:43:14,replay NFL
12431,1243,2023-12-10 09:38:02,replay Roht
12432,1055,2023-11-09 00:24:51,replay Football
12433,1396,2023-01-07 11:04:28,interview Brady
12434,1026,2023-12-08 21:40:12,documentary Super Bowl
12435,378,2023-03-05 22:30:14,Super Bowl
12436,433,2023-03-13 06:23:21,F1
12437,2683,2023-09-20 12:43:03,replay Football
12438,1295,2023-12-26 07:44:26,documentary Joshua
12439,322,2023-03-05 15:51:51,documentary Verstappen
12440,726,2023-03-15 19:01:18,replay Tennis
12441,102,2023-04-11 23:04:13,highlights Football
12442,2695,2024-02-27 18:07:29,documentary World Cup 2023
12443,1045,2024-02-11 10:41:51,highlights Darts
12444,1821,2023-08-10 01:50:19,highlights Super Bowl
12445,2806,2024-01-31 13:37:50,full match Tennis
12446,1355,2023-02-27 09:15:09,replay Mahomes
12447,524,2023-10-27 08:54:14,Verstappen
12448,21,2023-11-12 12:17:51,Hamilton
12449,1801,2023-10-26 14:05:59,interview World Cup
12450,2167,2023-09-04 20:50:12,interview Hamilton
12451,725,2023-10-23 02:18:06,Swanson
12452,2838,2023-11-02 21:25:56,Football 2024
12453,1712,2024-02-10 13:19:28,Champions League
12454,1826,2023-05-13 13:26:27,full match Boxing
12455,1361,2024-03-08 11:02:34,interview Tennis
12456,1613,2023-08-09 17:59:09,interview Darts
12457,829,2023-09-30 14:43:40,Hamilton
12458,2102,2023-10-02 13:35:29,full match Champions League
12459,2857,2024-03-04 03:43:55,interview Super Bowl
12460,1337,2023-04-11 01:29:03,full match Verstappen
12461,2420,2023-09-24 11:47:29,replay Alexanderview
12462,1184,2023-04-29 15:46:41,highlights Joshua
12463,2848,2024-02-04 21:45:57,documentary Premier League 2024
12464,1311,2023-01-29 06:57:37,highlights F1
12465,2778,2024-03-22 05:30:37,replay Brady
12466,2991,2023-04-14 10:19:39,Super Bowl 2024
12467,223,2023-01-30 06:32:10,highlights NFL
12468,2711,2023-05-23 12:29:06,highlights Joshua
12469,115,2023-03-18 18:24:10,full match Joshua
12470,1011,2023-01-31 23:37:02,full match Hamilton
12471,2196,2024-02-26 16:35:24,interview Grand Prix
12472,2870,2023-01-03 05:42:11,highlights Williams
12473,2613,2023-07-10 21:29:30,highlights Black
12474,1052,2023-12-11 23:23:59,highlights NFL
12475,437,2024-02-09 06:18:45,highlights Premier League
12476,1241,2024-02-09 09:31:30,full match F1
12477,1217,2023-08-01 03:08:35,interview F1 2024
12478,2443,2023-10-03 17:00:20,documentary Super Bowl
12479,1964,2023-12-19 12:40:22,Verstappen
12480,935,2024-03-13 08:34:47,documentary Darts 2023
12481,493,2023-12-26 15:44:16,highlights Ward
12482,2072,2023-11-02 02:51:03,replay MMA
12483,1535,2023-02-16 20:43:36,interview Verstappen
12484,2503,2023-10-14 11:07:32,replay MMA
12485,1015,2023-07-23 02:57:37,documentary Champions League 2024
12486,1301,2023-04-04 00:54:35,Champions League
12487,401,2023-07-16 03:07:15,interview Super Bowl
12488,1144,2023-07-15 13:51:37,full match Football
12489,2191,2023-02-06 04:36:46,documentary Football 2023
12490,1073,2023-02-03 20:10:19,Nicolaborough
12491,2353,2024-02-01 16:36:33,documentary Super Bowl
12492,277,2023-10-29 10:51:01,interview World Cup
12493,518,2023-11-17 22:03:16,interview Johnson
12494,2808,2024-01-21 11:01:52,MMA
12495,206,2023-05-19 06:04:32,interview Champions League
12496,2153,2023-08-04 00:49:13,Brady
12497,120,2023-04-07 09:52:45,highlights Super Bowl
12498,1765,2023-10-10 08:06:04,documentary Super Bowl
12499,151,2023-08-03 03:25:58,replay Mahomes
12500,950,2023-08-31 09:35:03,interview Rathenow
12501,863,2024-01-31 10:03:04,interview F1
12502,1057,2023-12-17 00:14:17,documentary Joshua
12503,2948,2023-06-25 21:26:23,interview Boxing
12504,1035,2023-04-28 10:06:09,interview Grand Prix
12505,805,2023-11-26 15:04:35,replay Normanside
12506,1391,2023-07-01 12:39:18,highlights World Cup
12507,522,2024-02-22 12:15:17,highlights Barnes
12508,308,2024-03-06 12:54:42,interview Premier League
12509,1746,2023-05-11 00:58:57,replay Hamilton
12510,1972,2023-03-26 13:29:35,documentary Super Bowl 2023
12511,2207,2023-03-05 20:44:21,highlights Joshua
12512,2031,2023-07-03 11:37:54,replay Champions League
12513,666,2023-06-12 12:09:26,highlights Mahomes
12514,647,2024-03-28 15:30:19,Football
12515,1607,2023-11-08 13:55:18,replay World Cup
12516,420,2023-11-24 22:55:12,full match NFL
12517,1631,2023-01-30 04:21:58,Joannachester
12518,1396,2023-05-24 00:55:59,documentary Lake Renee
12519,768,2023-02-20 00:26:35,interview Super Bowl
12520,1935,2023-08-09 00:57:07,replay Super Bowl
12521,511,2023-03-27 20:45:31,documentary Verstappen
12522,2013,2023-08-01 03:57:47,interview Boxing
12523,2144,2023-03-09 07:49:52,highlights Carsten 2023
12524,2190,2023-04-09 18:22:48,interview World Cup 2024
12525,1571,2023-04-25 09:12:29,World Cup
12526,2814,2023-02-18 05:10:16,World Cup
12527,1209,2023-02-06 02:50:51,Tennis
12528,1441,2023-02-04 16:31:02,replay Tennis
12529,2944,2023-01-31 16:43:35,documentary F1
12530,1612,2023-07-27 17:53:35,Verstappen
12531,2163,2023-05-07 13:40:16,interview Football
12532,784,2023-06-22 15:33:22,replay Mayweather
12533,2524,2023-08-28 22:33:47,highlights Vilsbiburg
12534,2293,2024-01-26 15:11:18,replay New Sharonshire
12535,601,2023-09-04 11:01:03,highlights Super Bowl
12536,2166,2023-04-24 05:47:50,highlights Super Bowl
12537,413,2023-12-30 03:31:42,Grand Prix
12538,2789,2023-05-16 21:34:55,highlights Allentown
12539,1160,2024-01-11 00:12:50,full match Brady 2023
12540,2988,2023-11-21 03:03:30,Joshua
12541,2634,2023-08-19 09:51:27,documentary Premier League
12542,2079,2023-12-17 18:38:06,NFL
12543,281,2024-01-24 05:59:13,highlights MMA
12544,700,2023-12-20 02:22:45,highlights Verstappen
12545,686,2023-06-30 16:43:27,highlights Boxing
12546,2186,2023-03-13 02:38:01,highlights Warrenshire
12547,2108,2023-08-08 05:13:32,interview Waldmünchen
12548,1563,2023-09-05 07:30:43,full match Verstappen
12549,2584,2023-07-20 09:03:59,replay Champions League
12550,621,2023-07-28 01:23:35,full match World Cup
12551,458,2023-12-06 08:54:56,replay Verstappen
12552,1091,2024-01-18 21:16:39,interview F1
12553,386,2023-02-20 06:55:27,interview Mahomes
12554,1957,2023-06-03 04:00:34,Grand Prix 2023
12555,2673,2023-06-27 09:39:01,NFL
12556,1027,2023-07-11 21:59:09,full match Boxing 2024
12557,124,2023-11-04 15:16:46,full match Hamilton
12558,2747,2024-03-15 02:04:06,MMA
12559,1148,2023-04-26 15:28:08,documentary Grand Prix
12560,2105,2023-07-25 05:23:29,replay F1 2023
12561,2535,2023-09-06 16:30:08,replay World Cup 2023
12562,2453,2023-10-12 04:57:01,interview MMA
12563,1376,2023-12-19 15:23:46,Football
12564,1713,2023-07-05 19:54:27,highlights Joshua
12565,1639,2023-11-02 19:42:41,interview Hamilton
12566,2934,2023-03-14 06:41:42,highlights Champions League
12567,2861,2024-02-23 09:41:03,Champions League
12568,620,2023-04-25 01:58:47,documentary Hamilton 2023
12569,283,2023-07-18 22:36:53,documentary Brady
12570,2236,2023-01-03 17:56:19,highlights Tennis
12571,218,2023-05-29 13:02:08,Darts
12572,2279,2023-09-08 10:32:57,documentary Mayweather
12573,1596,2023-11-23 11:40:11,full match Mahomes
12574,1617,2023-11-09 10:55:47,highlights Tennis 2024
12575,1858,2023-01-16 16:06:05,documentary Hamilton
12576,2264,2023-02-21 09:48:01,full match NFL
12577,453,2023-12-05 05:30:03,World Cup
12578,537,2024-03-01 00:49:49,Super Bowl
12579,2813,2024-03-17 00:37:05,highlights Darts
12580,958,2023-11-20 10:11:31,full match Mayweather
12581,2146,2023-11-28 13:57:11,highlights Mahomes
12582,1301,2023-06-29 06:50:55,Mayweather
12583,650,2023-07-12 10:42:59,full match F1
12584,672,2023-07-26 03:25:27,full match NFL
12585,2975,2023-04-26 11:27:39,replay Mahomes
12586,2155,2023-02-05 10:44:48,replay NFL
12587,2286,2023-11-10 19:28:46,highlights Hamilton
12588,107,2024-03-30 16:36:11,Darts
12589,1079,2023-03-09 15:36:03,interview Football
12590,1142,2023-11-13 03:12:29,replay Hamilton 2023
12591,105,2024-01-17 04:40:30,documentary Premier League
12592,1379,2023-01-18 17:23:25,highlights Wood
12593,2880,2023-07-20 03:36:51,Tennis
12594,2857,2023-05-24 11:27:54,documentary Verstappen 2023
12595,892,2023-06-17 21:34:21,full match Premier League
12596,1761,2023-04-20 01:10:42,interview Mayweather
12597,1046,2023-09-15 12:31:36,Hamilton
12598,2921,2023-08-18 18:59:54,interview Birnbaum
12599,2643,2023-11-09 11:28:44,documentary Super Bowl
12600,323,2023-09-26 21:24:30,Mayweather
12601,2548,2024-03-25 08:56:38,full match F1 2023
12602,2091,2023-02-25 22:10:11,highlights Football
12603,1977,2023-06-12 13:12:49,NFL
12604,2779,2023-11-19 09:43:46,Tennis
12605,1816,2023-02-11 19:21:04,highlights MMA
12606,1281,2023-11-13 19:22:53,replay Boxing
12607,1862,2023-08-27 13:08:17,full match Brady
12608,2267,2023-02-04 11:22:54,interview Grand Prix
12609,1648,2023-04-21 08:57:36,replay NFL
12610,1580,2024-03-10 18:53:11,documentary MMA
12611,2375,2023-02-21 08:35:04,documentary MMA
12612,1999,2023-01-01 02:14:40,replay Hardin
12613,1812,2024-01-27 15:07:57,highlights Super Bowl
12614,914,2024-01-17 22:55:28,Verstappen
12615,1114,2023-03-25 01:25:50,highlights Tennis
12616,2342,2023-11-23 08:31:16,documentary Tennis
12617,653,2023-01-25 09:23:03,Football
12618,1176,2023-02-22 13:50:58,documentary Verstappen
12619,26,2023-11-23 11:09:44,documentary Long
12620,2056,2024-02-18 05:52:18,interview Super Bowl
12621,202,2023-10-13 18:55:19,full match F1
12622,1766,2023-06-27 07:48:24,MMA
12623,2569,2024-01-15 17:24:46,Tennis
12624,2453,2023-10-02 19:59:29,highlights World Cup
12625,2309,2023-03-24 01:33:09,documentary Darts
12626,2141,2023-11-21 16:28:45,interview Mayweather
12627,2985,2023-01-22 03:04:52,interview Tennis
12628,2482,2023-02-26 11:47:29,highlights Darts
12629,284,2023-05-23 21:52:24,interview Grand Prix
12630,685,2023-09-08 21:13:01,F1 2024
12631,489,2024-03-13 13:47:53,Joshua
12632,850,2024-01-25 01:47:39,replay World Cup
12633,2181,2023-09-02 19:03:08,documentary NFL
12634,1118,2023-12-07 05:04:25,interview Tennis
12635,2239,2023-08-19 11:39:59,interview Boxing
12636,1981,2023-01-08 23:17:18,full match Hamilton
12637,864,2023-01-27 13:22:54,interview Tennis
12638,2543,2023-10-22 21:52:37,Mahomes
12639,2048,2023-10-06 19:03:20,replay Super Bowl
12640,801,2023-10-25 23:11:18,replay Premier League
12641,871,2023-08-14 06:57:39,NFL
12642,2001,2023-05-12 16:45:26,interview Joshua
12643,2343,2023-02-04 10:55:57,Stokesmouth
12644,2600,2024-01-10 06:30:46,highlights Champions League
12645,2356,2023-10-09 09:45:10,Premier League
12646,2817,2024-03-01 23:25:56,documentary World Cup
12647,1581,2023-09-14 05:33:10,full match Boxing
12648,370,2023-03-27 19:45:57,Grand Prix
12649,1697,2024-03-04 06:26:24,Super Bowl
12650,1837,2023-05-20 03:58:31,highlights Boxing
12651,2662,2023-03-14 20:37:59,documentary World Cup 2023
12652,1245,2023-01-11 04:58:22,highlights Tennis
12653,1710,2023-04-13 14:29:27,documentary Joshua
12654,1555,2024-01-22 22:18:35,Mayweather
12655,606,2023-11-22 10:10:08,highlights Darts
12656,2659,2023-03-07 02:36:02,Mayweather
12657,1882,2023-01-11 11:20:11,full match Darts
12658,1913,2024-03-09 22:31:09,Grand Prix
12659,2195,2023-10-13 11:02:59,Tennis
12660,2006,2023-08-04 07:57:40,Mahomes
12661,1152,2023-10-31 03:49:30,replay Brady
12662,2539,2024-03-14 11:59:27,documentary Hamilton
12663,957,2023-03-05 03:04:01,documentary Grand Prix
12664,986,2023-10-03 00:28:02,replay Verstappen
12665,1165,2023-05-22 10:08:51,interview Tennis
12666,2942,2023-04-30 08:31:30,documentary Premier League
12667,2706,2024-02-08 18:52:48,interview Brady 2024
12668,137,2024-02-20 02:17:45,replay Verstappen 2023
12669,2076,2023-02-22 00:04:39,documentary Darts
12670,804,2023-06-15 19:29:25,replay World Cup
12671,2093,2023-01-17 22:39:49,interview Premier League
12672,228,2023-01-12 03:26:08,documentary Champions League
12673,1040,2023-11-15 19:51:19,Football
12674,1159,2023-12-15 23:00:58,documentary Mayweather
12675,297,2024-03-21 15:18:31,replay MMA
12676,249,2023-10-13 17:44:49,full match Verstappen
12677,1550,2023-05-11 04:29:54,Grand Prix
12678,1024,2023-09-28 08:19:00,full match Brady
12679,2627,2023-04-03 11:45:41,interview Boxing
12680,517,2024-02-04 14:39:26,interview MMA
12681,461,2023-04-29 19:55:57,highlights Champions League
12682,792,2024-03-17 20:13:28,documentary Tennis
12683,2994,2023-04-01 12:38:26,documentary Premier League
12684,369,2023-08-07 11:00:14,highlights Mayweather
12685,1238,2023-11-25 08:57:24,highlights Super Bowl
12686,2657,2023-07-14 07:56:22,full match Grand Prix 2024
12687,1278,2024-03-03 12:42:31,replay Boxing
12688,1456,2023-01-19 22:18:06,Mayweather
12689,2902,2023-02-17 05:02:27,replay Joshua
12690,2521,2023-03-27 00:08:21,Mayweather
12691,2667,2023-04-21 18:22:16,replay Champions League
12692,2357,2023-10-16 02:53:33,replay Joshua 2023
12693,1904,2023-05-24 14:28:15,interview Tennis
12694,619,2023-10-13 18:38:19,interview Hamilton
12695,1653,2023-03-14 12:17:28,Grand Prix
12696,2465,2023-11-18 06:53:30,documentary Boxing
12697,843,2023-04-20 16:53:27,Darts 2024
12698,1695,2024-01-06 04:57:26,Champions League
12699,2085,2023-10-21 22:54:35,replay Schroeder
12700,108,2023-06-25 19:26:30,interview MMA
12701,1482,2024-01-12 16:25:55,Mayweather
12702,1432,2023-04-19 04:05:30,MMA
12703,489,2023-03-08 15:02:01,documentary MMA
12704,952,2023-08-21 00:38:25,documentary Joshua
12705,1302,2023-09-26 16:44:12,replay Tennis
12706,377,2024-03-19 18:49:10,interview Anthonyville
12707,976,2023-11-08 23:39:58,full match Meganburgh 2023
12708,1296,2023-07-05 20:17:29,interview Hamilton 2024
12709,1156,2023-11-30 01:55:29,replay Boxing
12710,73,2023-03-05 15:26:01,highlights Tennis
12711,1580,2023-04-08 07:57:45,highlights F1
12712,1610,2023-06-03 06:54:43,highlights Champions League
12713,1452,2023-06-17 05:04:31,Mayweather
12714,724,2023-11-15 11:00:41,Premier League
12715,204,2023-09-19 12:39:23,Super Bowl
12716,1415,2023-05-24 17:27:58,interview F1
12717,1892,2024-01-08 10:45:34,full match Premier League
12718,1791,2023-08-11 20:15:01,highlights Mahomes
12719,2584,2023-02-18 03:45:38,interview NFL
12720,2014,2023-06-08 10:45:02,replay F1
12721,1026,2023-02-19 16:47:18,documentary F1
12722,2227,2023-09-18 17:50:57,full match Football 2024
12723,439,2023-11-20 18:31:07,interview Darts
12724,2376,2023-07-20 22:12:48,replay World Cup
12725,117,2023-11-30 07:12:17,interview Grand Prix
12726,521,2024-02-20 09:29:36,Hamilton
12727,2033,2023-08-15 23:03:20,replay West Sandrafurt 2024
12728,660,2024-03-23 05:24:57,highlights Verstappen
12729,2077,2023-09-19 17:55:32,highlights Joshua
12730,1792,2023-01-26 10:23:57,Football
12731,1657,2024-01-30 21:11:05,interview Grand Prix
12732,445,2023-04-08 21:56:01,replay Premier League 2023
12733,1364,2024-01-07 06:51:01,Hodgesview
12734,2676,2024-01-26 22:18:14,World Cup 2023
12735,1607,2023-01-30 17:59:47,full match Verstappen
12736,1455,2023-03-12 12:28:19,full match Hamilton
12737,535,2023-08-21 15:51:06,replay MMA
12738,2044,2023-01-29 17:08:21,Boxing
12739,2343,2024-02-19 16:51:59,replay Hettner
12740,205,2023-05-02 07:51:41,documentary Football
12741,1399,2023-01-22 00:23:20,World Cup
12742,1410,2023-03-01 03:58:12,Darts
12743,2751,2024-03-02 01:24:20,Mayweather
12744,2018,2023-06-03 11:10:53,full match NFL
12745,1415,2023-04-24 13:23:01,highlights Staude
12746,708,2023-08-16 03:05:08,Super Bowl
12747,1711,2023-11-25 05:08:31,World Cup
12748,1375,2023-11-08 01:47:48,highlights Weller
12749,2374,2023-03-04 12:56:53,replay Super Bowl
12750,1095,2023-05-27 22:33:26,replay NFL
12751,799,2023-01-10 14:30:17,interview Mahomes
12752,1291,2023-07-28 16:22:06,Tennis
12753,1071,2023-05-16 15:55:20,NFL
12754,1159,2023-11-25 01:51:37,Boxing
12755,1572,2023-12-11 20:32:15,highlights NFL
12756,2051,2023-04-02 21:42:23,replay Grand Prix
12757,1507,2023-01-09 01:05:15,Brady
12758,536,2023-12-02 16:43:21,highlights Konstanz
12759,2768,2023-08-31 19:56:03,Super Bowl
12760,1755,2023-11-21 13:53:31,full match Darts
12761,2690,2023-12-06 06:40:11,highlights Boxing
12762,1770,2023-11-02 16:19:44,documentary Brady
12763,918,2023-10-03 00:02:01,highlights Mayweather
12764,1550,2024-03-30 09:31:59,documentary Verstappen
12765,651,2023-02-21 13:25:55,Mayweather
12766,2271,2023-01-09 07:08:31,full match World Cup
12767,2824,2023-05-29 07:52:25,World Cup
12768,76,2024-02-25 16:44:56,Darts
12769,1017,2023-07-21 22:18:57,highlights Grand Prix
12770,2085,2023-03-22 10:18:57,highlights Mahomes
12771,2382,2023-01-08 14:27:22,replay Darts
12772,663,2023-07-21 18:47:24,documentary Darts
12773,720,2023-03-16 16:23:18,highlights MMA
12774,1629,2023-08-19 08:51:29,highlights Football
12775,2879,2024-03-27 19:06:21,interview Super Bowl
12776,2148,2023-02-03 02:46:40,interview Mayweather
12777,834,2023-11-10 20:21:22,full match Tennis
12778,539,2023-08-19 08:07:03,highlights Darts
12779,2296,2023-04-21 16:50:09,F1
12780,2837,2024-02-02 18:12:23,full match World Cup
12781,1564,2023-08-23 08:16:27,documentary Premier League
12782,2207,2023-02-19 00:07:22,full match Premier League
12783,2176,2023-04-01 03:31:49,replay Grand Prix
12784,2280,2023-06-21 02:02:29,Darts
12785,2795,2023-04-21 13:24:42,interview Football
12786,634,2023-12-17 02:50:29,replay Mahomes
12787,1311,2023-07-01 23:46:02,highlights Joshua 2023
12788,448,2023-01-18 13:46:50,replay Super Bowl
12789,1391,2023-04-13 01:44:25,interview East Vincent
12790,622,2023-07-23 03:35:50,full match Darts
12791,2986,2023-10-11 08:07:23,Darts
12792,998,2023-05-19 16:13:01,replay Tennis
12793,1350,2023-10-13 18:42:12,Verstappen
12794,929,2024-01-12 14:05:32,interview Kulmbach
12795,637,2023-01-09 03:00:10,Hamilton
12796,582,2023-02-07 23:18:21,documentary Rowleychester
12797,2707,2023-01-17 17:15:09,interview Brady
12798,2034,2023-02-20 02:14:23,highlights World Cup 2024
12799,2213,2023-07-19 08:12:04,documentary Boxing
12800,2523,2023-05-25 16:06:59,highlights Tennis
12801,2830,2024-01-22 04:35:45,replay Brooks
12802,496,2023-08-22 05:52:56,documentary Verstappen
12803,200,2023-07-28 04:32:23,full match Super Bowl 2024
12804,1264,2023-09-29 13:46:33,documentary Champions League
12805,1804,2024-03-28 17:48:54,replay Boxing
12806,1409,2023-09-25 03:02:32,Mayweather
12807,2703,2024-01-01 19:19:51,highlights Tennis
12808,2587,2023-03-16 10:20:10,Mahomes
12809,2788,2023-07-17 14:53:12,full match Mayweather
12810,2653,2023-02-16 06:01:44,interview MMA
12811,1168,2023-02-02 03:22:32,Super Bowl
12812,2911,2023-05-17 01:05:47,interview F1
12813,2332,2024-02-08 23:09:06,interview Premier League
12814,2418,2024-03-05 07:29:40,documentary Joshua
12815,68,2024-01-13 03:13:46,highlights Boxing 2023
12816,2037,2023-08-08 01:42:16,documentary Mahomes
12817,520,2023-10-22 20:51:06,highlights Boxing
12818,1518,2024-03-23 10:11:38,full match Super Bowl
12819,688,2023-07-18 20:28:24,replay Verstappen
12820,2078,2023-05-01 10:02:29,documentary Smith
12821,495,2024-02-19 00:08:44,documentary Mayweather
12822,1171,2023-10-28 12:29:56,Hamilton
12823,2227,2023-09-12 07:11:01,documentary World Cup
12824,578,2023-06-15 08:15:44,full match Premier League
12825,1969,2023-03-02 15:00:27,highlights NFL
12826,1512,2023-09-24 00:58:28,replay Joshua
12827,2614,2023-09-23 06:23:35,Verstappen
12828,689,2024-03-09 18:42:43,full match Champions League
12829,1997,2023-05-05 10:28:11,Grand Prix
12830,2464,2024-03-06 02:25:17,interview Football 2023
12831,689,2023-10-19 06:30:12,replay Mayweather
12832,1440,2024-02-19 08:57:04,highlights Darts
12833,9,2023-04-19 04:52:11,interview World Cup
12834,2398,2024-01-11 19:46:17,highlights Brady
12835,135,2023-02-02 10:03:07,Joshua
12836,1220,2023-08-02 23:08:06,highlights Grand Prix
12837,2378,2023-11-29 20:53:31,highlights Verstappen
12838,2073,2023-10-11 11:26:07,interview Champions League
12839,617,2023-07-12 21:32:45,MMA
12840,138,2023-01-10 05:29:55,documentary Collier
12841,1235,2023-01-16 16:57:30,interview Super Bowl
12842,2805,2023-03-11 15:54:52,interview Super Bowl
12843,1483,2023-08-03 05:00:39,interview Tennis
12844,1171,2023-11-01 16:49:13,highlights Champions League
12845,805,2023-09-17 21:22:07,full match Joshua
12846,2778,2023-10-29 07:14:19,replay Mahomes
12847,2263,2023-05-23 20:02:00,Walters
12848,667,2023-12-23 01:52:02,interview Verstappen
12849,18,2024-02-24 23:55:53,highlights Tennis
12850,861,2023-05-26 22:48:15,interview Verstappen
12851,1371,2024-03-30 06:24:25,full match Champions League
12852,1555,2023-04-22 01:00:33,full match Hamilton 2023
12853,1076,2023-06-30 08:08:10,full match Mahomes 2024
12854,2521,2024-03-14 08:42:37,documentary Joshua
12855,420,2023-10-03 18:21:01,highlights Mayweather
12856,335,2023-08-28 18:32:07,highlights Mayweather
12857,2112,2023-05-06 00:28:03,NFL
12858,651,2024-03-26 08:43:51,full match F1
12859,1704,2023-07-07 20:27:59,Hamilton
12860,653,2023-10-12 18:47:20,documentary Football 2023
12861,2808,2023-09-02 05:05:53,highlights World Cup
12862,22,2023-03-19 00:12:19,Champions League
12863,441,2023-07-03 17:45:49,full match Premier League
12864,460,2023-12-28 02:41:28,NFL
12865,2122,2023-01-05 13:44:01,Mayweather
12866,2347,2024-02-18 04:16:40,replay Mahomes
12867,528,2023-01-20 15:05:38,MMA
12868,2771,2024-01-09 00:45:31,highlights Mahomes
12869,2221,2023-04-12 22:22:50,full match Champions League
12870,1592,2023-08-04 20:35:48,full match Mendez
12871,2125,2023-08-16 20:10:09,highlights F1
12872,2191,2023-12-05 16:21:01,interview Mayweather
12873,2379,2024-03-24 16:24:16,full match Brady
12874,1101,2023-11-18 00:16:29,Tennis
12875,1974,2023-11-05 15:05:01,replay Football
12876,2474,2023-03-15 05:18:20,Champions League
12877,2551,2024-01-26 11:20:37,replay Premier League
12878,2079,2023-07-06 04:35:49,replay Mayweather
12879,1711,2023-04-03 18:38:37,documentary Mahomes
12880,1351,2023-09-12 01:03:10,Mayweather
12881,923,2023-12-17 22:49:12,replay West Brianchester
12882,499,2023-12-02 00:20:50,documentary World Cup
12883,2111,2023-03-30 09:50:46,documentary World Cup
12884,50,2023-08-01 05:37:38,highlights Tennis
12885,1401,2023-07-09 06:39:08,Mayweather
12886,2326,2023-05-24 23:07:00,documentary Football
12887,400,2023-11-13 02:57:14,highlights Eisenhüttenstadt
12888,1857,2023-11-25 07:49:27,interview F1
12889,1589,2023-02-02 04:34:48,Mahomes
12890,1091,2023-02-07 10:07:18,full match F1
12891,2801,2024-03-12 20:50:27,full match Mayweather
12892,550,2023-06-20 06:52:15,interview Riley
12893,1118,2024-03-04 20:30:35,documentary Lane
12894,1443,2023-09-15 14:20:24,Mayweather
12895,795,2023-02-12 16:41:05,Darts
12896,2561,2024-03-04 11:39:59,highlights Grand Prix
12897,2744,2023-10-02 11:41:15,documentary Boxing
12898,953,2023-11-15 20:32:47,highlights Super Bowl
12899,659,2023-09-20 12:35:11,highlights Premier League
12900,181,2024-03-01 23:09:43,replay Tennis
12901,2554,2023-07-19 23:14:51,documentary Mahomes
12902,1831,2023-05-13 09:18:24,documentary Mahomes
12903,2388,2023-11-27 05:01:01,replay Prenzlau
12904,2289,2023-09-09 21:08:03,Darts
12905,2192,2023-07-06 05:09:47,interview Champions League
12906,538,2023-08-23 14:55:52,Champions League
12907,2964,2023-12-10 20:49:42,interview Mahomes
12908,248,2023-09-03 01:27:59,highlights Premier League
12909,2081,2023-05-21 16:57:16,full match Mahomes
12910,584,2023-08-31 22:08:59,Champions League
12911,2503,2023-09-23 19:20:06,full match Mayweather
12912,1313,2024-01-14 23:22:04,highlights F1
12913,2794,2024-02-15 18:08:51,Football
12914,29,2023-05-27 09:09:47,Football
12915,1367,2023-05-08 22:51:43,replay NFL
12916,2883,2024-01-08 09:51:01,highlights MMA
12917,779,2023-06-02 15:49:15,F1
12918,1446,2023-02-26 21:59:58,full match Ansbach
12919,1328,2024-02-03 18:04:54,documentary World Cup
12920,32,2023-06-11 16:19:46,highlights Oderwald
12921,1516,2023-11-15 02:32:21,documentary Champions League 2024
12922,378,2024-02-19 22:11:49,interview Grand Prix
12923,247,2023-01-04 07:54:04,full match MMA
12924,1794,2023-05-27 16:28:04,replay MMA
12925,1664,2023-12-19 17:44:58,documentary Hamilton
12926,2641,2023-06-02 02:12:51,highlights World Cup
12927,832,2023-01-19 20:35:08,interview Tennis 2024
12928,1464,2023-11-01 05:42:05,Hamilton
12929,583,2023-07-06 03:55:21,highlights Hamilton
12930,934,2023-04-15 05:19:06,Mayweather
12931,1007,2023-03-09 23:25:39,Boxing 2023
12932,2467,2024-02-06 21:15:43,full match NFL
12933,967,2023-06-14 15:35:03,full match Barlow
12934,1568,2023-11-11 14:41:28,documentary Tennis
12935,2421,2023-04-20 20:45:46,Darts 2023
12936,2590,2024-03-23 10:58:36,Premier League
12937,2953,2024-02-29 08:05:42,Mahomes
12938,2751,2023-12-27 10:06:25,full match Mahomes
12939,2807,2024-01-03 15:09:40,Mayweather
12940,321,2024-01-12 02:12:26,replay Joshua
12941,663,2024-03-22 06:09:06,Mayweather
12942,1002,2023-05-20 11:43:19,replay Flantz 2024
12943,96,2023-11-13 00:24:55,documentary Boxing
12944,2849,2023-08-01 02:25:29,full match Mayweather
12945,2972,2024-01-31 22:33:00,replay Premier League 2023
12946,1021,2023-02-15 08:43:36,full match Zimmermanbury
12947,2729,2023-10-04 02:32:23,Mayweather
12948,2784,2023-06-20 19:29:09,interview Grand Prix
12949,542,2023-11-29 14:01:59,highlights East Cameron
12950,394,2023-11-03 05:17:38,full match Lake Jonathan
12951,2300,2023-07-26 06:57:30,interview Verstappen
12952,1853,2024-01-02 17:13:55,documentary Premier League 2023
12953,1157,2023-10-27 05:56:47,highlights Football 2024
12954,819,2023-05-10 14:46:44,replay F1
12955,1184,2024-01-08 10:44:30,documentary Premier League
12956,1027,2024-02-09 16:11:29,highlights Mahomes
12957,254,2023-03-25 18:46:25,Boxing
12958,1628,2023-07-14 05:18:53,Champions League
12959,1932,2024-03-29 05:15:46,full match F1
12960,2462,2023-04-19 23:45:18,documentary Grand Prix
12961,31,2023-08-30 07:58:11,highlights Brady
12962,648,2023-01-12 11:56:55,full match F1
12963,2553,2023-10-29 02:17:52,highlights Mayweather
12964,1493,2023-11-19 05:49:49,replay Mayweather
12965,1695,2024-01-23 14:10:51,replay Verstappen
12966,1419,2024-02-15 19:17:46,F1
12967,1049,2023-05-17 05:52:49,interview Hamilton
12968,2866,2023-07-23 00:12:07,interview Brady
12969,917,2024-02-07 05:42:33,MMA
12970,1724,2023-09-01 22:58:23,full match Verstappen
12971,128,2023-03-02 05:18:55,interview F1
12972,2090,2024-01-24 19:50:38,full match Hamilton
12973,2799,2024-03-11 10:48:17,full match Super Bowl
12974,1036,2023-01-23 11:10:55,Hamilton
12975,1484,2023-05-13 23:50:29,full match Mahomes
12976,1230,2023-01-31 14:45:42,replay Mahomes
12977,766,2023-11-08 19:46:47,documentary NFL 2023
12978,945,2023-07-28 13:50:02,NFL
12979,1726,2023-06-24 11:52:39,F1
12980,824,2023-07-17 11:50:06,Darts
12981,2484,2024-01-21 00:29:12,interview Joshua
12982,2424,2024-01-14 09:35:28,replay Boxing
12983,1373,2023-07-17 22:47:59,highlights Grand Prix 2023
12984,928,2024-01-30 03:42:51,Bell
12985,2861,2023-02-21 19:33:14,full match Brady
12986,178,2023-10-05 20:33:04,NFL
12987,1647,2023-05-05 15:32:53,replay Boxing
12988,781,2023-08-09 07:23:18,Joshua
12989,1314,2023-06-10 20:03:48,Premier League
12990,2060,2023-10-26 12:53:07,MMA
12991,106,2024-02-09 07:03:42,Grand Prix
12992,2423,2023-03-11 10:29:46,replay F1
12993,747,2023-05-07 15:45:52,highlights Brady 2024
12994,2374,2023-09-15 00:33:21,Super Bowl
12995,1009,2023-07-04 16:29:23,Hamilton
12996,2245,2023-02-19 14:12:29,interview Football
12997,2924,2023-09-09 17:42:41,replay Tennis
12998,971,2023-12-18 16:06:05,full match Joshua 2024
12999,394,2023-11-28 13:32:07,Football
13000,204,2023-01-11 03:34:09,documentary Brady
13001,1038,2023-09-10 21:27:08,Super Bowl
13002,587,2023-10-16 16:35:18,interview Joshua
13003,1721,2023-07-01 13:57:44,documentary Premier League
13004,2360,2023-01-25 19:39:38,highlights Boxing
13005,2982,2023-08-13 16:43:12,replay Verstappen
13006,323,2024-03-30 21:10:11,Mayweather
13007,1238,2024-01-15 01:54:22,full match Champions League
13008,111,2023-04-22 17:31:00,F1
13009,1948,2023-12-23 21:39:37,documentary Football
13010,1634,2023-12-17 00:41:19,Boxing
13011,298,2023-02-20 08:34:01,full match World Cup
13012,2842,2023-09-17 20:20:51,full match Joshua
13013,804,2023-03-11 14:25:16,documentary Brady
13014,751,2023-03-22 23:30:43,highlights Mahomes
13015,254,2024-02-08 12:01:36,Football
13016,1794,2024-01-31 02:04:44,highlights Boxing
13017,1294,2023-03-21 06:13:07,interview Mayweather
13018,1687,2024-03-19 21:26:04,highlights Verstappen
13019,1484,2023-07-17 04:23:03,full match Wilkinson 2024
13020,1304,2023-06-20 20:49:55,replay Mahomes
13021,953,2023-02-17 05:52:29,Mayweather
13022,30,2023-02-03 17:17:36,documentary Conradi
13023,1496,2023-03-18 09:37:30,highlights F1
13024,2514,2023-10-13 16:32:06,full match Verstappen
13025,1987,2024-02-07 14:06:37,Joshua
13026,1773,2024-02-06 12:38:53,interview Joshua
13027,2859,2023-08-09 14:26:38,interview Boxing
13028,2409,2024-02-19 21:34:36,interview MMA
13029,148,2023-10-26 05:23:26,full match Boxing 2023
13030,2109,2023-06-05 09:14:33,Boxing
13031,617,2024-03-21 19:36:40,full match Darts 2024
13032,1864,2023-01-21 23:14:33,highlights Joshua
13033,1185,2024-03-10 09:04:42,replay Champions League
13034,766,2023-08-12 19:22:23,Grand Prix
13035,936,2024-02-13 03:39:20,Mayweather
13036,2296,2023-07-12 15:59:21,full match Darts
13037,2732,2023-03-01 10:13:57,interview Uelzen
13038,323,2023-06-03 04:47:20,highlights Super Bowl 2023
13039,1412,2023-01-23 07:02:05,highlights Börner
13040,2863,2023-11-20 20:44:21,replay MMA
13041,1468,2023-01-26 18:26:21,Boxing
13042,143,2023-09-06 09:01:36,replay MMA 2023
13043,2667,2023-11-29 17:03:31,documentary Tennis
13044,246,2024-02-27 13:29:55,World Cup
13045,2132,2023-02-24 06:46:15,documentary Verstappen
13046,2073,2023-03-26 21:08:43,Super Bowl
13047,1773,2023-05-05 06:47:56,Premier League
13048,312,2023-05-04 06:07:23,replay Darts
13049,2877,2023-05-22 13:37:00,highlights Football
13050,1881,2023-06-23 03:14:29,replay Grand Prix
13051,180,2023-07-13 05:47:41,Pirmasens
13052,654,2023-09-15 00:55:24,Darts
13053,1199,2023-12-09 15:23:13,replay F1
13054,490,2024-01-01 12:22:20,South Kimberly
13055,1355,2023-04-25 09:49:46,Mayweather 2024
13056,2038,2024-03-07 15:14:14,replay Sebnitz
13057,315,2023-06-30 20:45:36,full match Champions League
13058,2171,2024-03-02 21:03:24,documentary Ring
13059,2358,2023-02-03 10:23:18,full match MMA
13060,2605,2023-10-15 17:29:22,highlights Mahomes
13061,144,2023-01-18 21:15:14,interview Tennis
13062,2338,2024-03-13 05:23:01,interview MMA
13063,717,2023-05-24 14:54:14,replay Boxing
13064,2773,2024-02-28 05:35:53,full match Super Bowl
13065,1459,2024-01-05 20:52:00,Mayweather
13066,1390,2023-03-27 05:27:22,Hamilton
13067,492,2023-08-11 00:08:49,Hamilton 2023
13068,840,2024-01-04 00:16:04,highlights Siering 2023
13069,1673,2023-12-11 20:50:04,replay NFL
13070,1487,2023-05-03 04:19:03,documentary Mahomes
13071,1537,2023-01-25 02:45:53,Brady
13072,917,2024-03-20 11:09:43,documentary Mayweather
13073,539,2023-12-24 16:05:51,interview World Cup
13074,1213,2024-01-08 10:57:45,Darts
13075,2622,2023-05-09 13:59:13,full match Champions League
13076,667,2023-09-10 14:54:40,World Cup
13077,2397,2024-02-24 00:52:54,highlights Mahomes
13078,1746,2023-02-24 03:04:02,replay Tennis
13079,2903,2024-02-09 19:15:38,Brown
13080,410,2023-05-30 01:59:20,New Elizabeth
13081,1223,2023-05-13 13:34:59,replay Joshua
13082,909,2023-06-05 19:53:09,interview Verstappen
13083,2958,2023-10-24 01:00:13,documentary NFL
13084,400,2023-08-28 16:15:09,World Cup
13085,850,2023-05-06 09:15:33,documentary World Cup
13086,873,2024-02-02 10:57:06,highlights Tennis
13087,2527,2024-01-17 20:12:06,full match Roht 2023
13088,214,2024-03-27 22:04:27,highlights F1 2024
13089,2264,2024-01-13 14:01:50,Premier League
13090,2130,2023-02-10 01:17:55,replay Brady
13091,492,2023-12-12 07:38:52,full match Brady
13092,2789,2023-11-08 03:40:14,highlights Verstappen
13093,449,2023-10-09 00:04:53,replay Football
13094,1435,2023-06-06 04:41:23,documentary Premier League
13095,1804,2024-01-28 18:53:11,full match Tennis
13096,2471,2023-07-01 04:37:14,interview Hamilton
13097,2576,2023-04-27 19:12:03,highlights Mahomes
13098,177,2023-11-24 11:40:58,replay Johann
13099,1724,2023-05-17 13:44:15,highlights Football 2023
13100,2420,2023-02-18 10:16:45,Mahomes
13101,2906,2024-02-22 19:54:59,documentary Brown
13102,2545,2023-02-16 11:43:45,replay Mahomes
13103,1221,2023-07-13 06:37:51,Mayweather
13104,2645,2024-02-15 17:04:01,interview East Erikastad
13105,1276,2023-10-22 13:04:57,Boxing 2023
13106,2151,2024-01-11 23:36:30,Super Bowl
13107,628,2023-06-20 01:08:24,Champions League
13108,2163,2023-09-14 01:41:29,replay Verstappen
13109,1165,2023-05-24 18:18:13,Champions League
13110,2699,2023-06-30 12:51:47,Mayweather
13111,1423,2023-01-18 21:58:41,Champions League
13112,2385,2023-02-13 22:30:48,documentary Boxing
13113,2414,2023-06-07 07:19:37,highlights MMA
13114,2201,2023-04-20 14:15:59,replay Verstappen 2023
13115,2954,2023-10-26 01:09:06,full match Super Bowl
13116,2113,2023-11-16 14:56:05,MMA
13117,2210,2023-10-29 09:07:07,Barth
13118,1640,2023-12-12 17:07:05,Brady
13119,2921,2023-08-01 16:33:45,interview Hughes
13120,2404,2023-12-09 10:00:36,interview Boxing
13121,956,2024-01-12 16:09:21,full match Tennis
13122,2304,2023-05-10 00:35:50,replay Harloff
13123,1885,2023-08-13 02:47:18,replay Boxing
13124,2992,2023-02-17 03:20:50,replay Football
13125,2036,2024-03-25 14:17:22,replay Premier League
13126,1037,2023-03-30 03:45:32,documentary Boxing
13127,848,2024-02-08 10:53:29,full match Super Bowl
13128,2055,2023-04-19 23:46:20,full match Premier League 2024
13129,499,2023-02-06 06:34:24,interview Joannestad 2023
13130,2722,2023-02-08 01:29:50,highlights MMA
13131,2559,2023-01-11 08:04:51,Verstappen
13132,2842,2023-11-11 19:53:08,World Cup
13133,2572,2023-03-30 06:57:25,full match F1
13134,2361,2023-01-14 13:07:59,MMA
13135,606,2023-08-13 22:12:09,MMA
13136,2882,2023-03-23 18:27:06,interview Tennis
13137,926,2023-06-27 22:46:08,Super Bowl
13138,1601,2023-02-22 14:51:53,full match NFL 2023
13139,2068,2023-02-23 03:34:38,documentary Boxing
13140,1336,2023-07-18 01:58:54,highlights Hamilton
13141,1804,2023-07-20 02:44:58,full match Brady
13142,703,2024-02-11 13:58:41,Joshua
13143,577,2023-12-25 05:47:51,interview Mayweather
13144,927,2023-10-29 08:20:32,interview Super Bowl
13145,1173,2023-04-05 07:48:04,interview Stark
13146,1628,2023-11-06 20:55:28,documentary World Cup 2023
13147,1513,2023-11-20 21:39:31,Tennis
13148,99,2023-08-26 18:38:04,replay NFL
13149,1874,2024-03-24 17:07:56,highlights Super Bowl
13150,1342,2023-04-30 14:43:58,interview Mayweather
13151,1028,2023-11-04 12:07:27,Jonesfurt
13152,2947,2023-02-18 11:08:08,interview NFL
13153,448,2023-04-05 04:15:20,NFL
13154,2632,2023-12-06 06:11:55,documentary Mahomes
13155,405,2023-10-18 18:48:22,documentary World Cup
13156,1984,2023-04-21 04:29:35,interview MMA 2023
13157,2131,2023-09-05 17:52:11,Verstappen
13158,2859,2023-04-25 22:57:43,Premier League 2024
13159,297,2023-07-21 12:45:16,documentary Darts
13160,734,2023-02-27 05:19:42,full match Premier League
13161,1679,2024-02-08 15:35:49,Verstappen
13162,2565,2023-07-16 10:37:19,documentary Football
13163,1004,2023-08-28 07:34:01,interview Premier League
13164,2191,2023-04-27 00:08:43,documentary Darts
13165,1128,2023-12-20 19:34:46,interview Simmons
13166,2906,2023-12-08 11:26:25,replay F1
13167,1080,2023-10-25 04:47:02,documentary NFL
13168,37,2023-05-03 09:56:27,interview MMA
13169,2100,2023-10-30 07:39:52,interview Hamilton
13170,422,2024-03-26 05:14:37,Tennis
13171,1329,2023-01-26 06:48:25,replay Premier League
13172,280,2024-02-18 08:37:20,documentary Freising
13173,1919,2023-03-31 07:47:00,documentary MMA
13174,2152,2024-03-09 21:27:48,Joshua
13175,1103,2023-11-05 19:45:31,Smith
13176,1384,2023-09-14 03:09:34,highlights MMA
13177,1537,2023-06-04 09:14:36,interview Football
13178,2038,2023-04-06 20:14:59,highlights Boxing 2023
13179,2505,2024-02-10 17:02:05,interview Stewart
13180,140,2023-03-21 13:43:39,replay Tennis
13181,555,2024-03-20 01:30:31,highlights Joshua
13182,1425,2024-02-10 18:31:16,interview Boxing
13183,1374,2024-03-21 18:46:21,highlights Grand Prix
13184,2713,2023-03-26 03:12:58,replay Verstappen
13185,808,2024-01-01 20:11:16,interview Forbes
13186,767,2023-08-18 20:54:00,Mahomes
13187,2600,2023-06-11 17:11:44,highlights Joshua 2023
13188,2308,2023-08-09 00:45:49,Chavez
13189,712,2023-04-29 13:05:01,Champions League
13190,2450,2023-12-06 13:17:06,Verstappen
13191,691,2024-01-09 00:18:01,Davidson
13192,18,2024-01-03 21:45:49,interview Tennis
13193,971,2023-06-30 08:08:50,Football
13194,1380,2024-01-14 18:52:56,documentary Mayweather
13195,2052,2024-03-14 04:36:53,Mayweather
13196,668,2023-05-10 06:05:28,interview Boxing
13197,2680,2023-01-18 19:37:26,interview Football
13198,1524,2023-05-10 07:47:58,highlights Grand Prix
13199,2757,2024-02-03 07:57:02,documentary Boxing
13200,2573,2023-08-16 08:56:59,documentary Mahomes
13201,547,2024-03-24 02:55:03,replay Darts
13202,2757,2023-12-19 02:20:27,documentary Mahomes
13203,1231,2023-07-04 19:14:55,replay Premier League
13204,1781,2023-10-14 05:03:43,Hamilton
13205,2003,2023-05-09 13:56:07,interview Joshua
13206,1216,2023-09-25 07:14:01,Premier League
13207,749,2023-09-12 19:28:14,highlights Hamilton
13208,680,2023-03-21 07:35:32,Mahomes
13209,2381,2024-02-24 22:10:42,Ortiz
13210,2096,2023-07-17 18:34:05,documentary NFL
13211,2918,2024-02-02 19:10:05,Lewis
13212,797,2023-05-27 14:50:41,documentary MMA
13213,223,2023-02-25 06:10:03,highlights Brady
13214,376,2024-01-16 16:47:26,highlights Premier League
13215,2156,2023-02-11 13:49:32,Darts
13216,1901,2024-01-22 10:25:04,Premier League
13217,2318,2023-07-13 23:30:05,Darts
13218,2214,2023-09-15 06:37:53,interview Mayweather
13219,615,2024-03-09 09:15:17,interview Verstappen
13220,866,2023-02-12 16:37:59,documentary Rochlitz
13221,1352,2023-11-01 21:56:31,interview Mahomes
13222,2122,2023-10-08 19:38:08,highlights F1
13223,1301,2023-10-02 14:43:56,highlights Darts
13224,1027,2024-02-10 21:08:09,full match MMA
13225,2941,2023-12-19 13:56:31,Darts
13226,1988,2023-02-17 02:18:27,replay Gallagher
13227,271,2024-03-12 15:57:43,highlights Tennis
13228,1171,2023-12-20 22:25:05,replay F1
13229,1102,2024-01-19 00:46:09,replay NFL
13230,2383,2023-10-15 03:34:06,Champions League
13231,1954,2023-05-18 17:46:42,Hamilton
13232,2270,2024-01-17 11:03:43,highlights Hamilton
13233,900,2023-03-10 08:08:53,documentary World Cup
13234,1097,2024-03-14 10:42:32,MMA 2024
13235,2690,2023-10-16 23:17:42,documentary Hamilton
13236,534,2024-03-03 12:34:40,documentary Stone
13237,2505,2024-01-04 00:18:18,documentary Tennis
13238,1346,2023-03-22 01:54:01,full match New Susan
13239,481,2023-07-06 13:30:31,full match Football
13240,507,2023-02-13 02:21:22,documentary Tennis
13241,2007,2023-09-02 10:55:08,highlights World Cup
13242,2243,2024-03-29 04:16:05,highlights F1
13243,1837,2024-03-11 15:27:58,documentary Hamilton
13244,1901,2023-03-12 18:06:08,interview Curtisland
13245,2925,2023-08-06 04:27:04,Grand Prix
13246,22,2023-04-16 09:01:08,Champions League
13247,970,2023-01-22 19:09:23,replay Darts
13248,1545,2023-10-11 08:46:38,documentary World Cup
13249,484,2024-01-14 14:45:15,highlights Hamilton
13250,1446,2023-04-18 17:24:30,highlights Mahomes
13251,212,2023-02-19 23:22:14,interview MMA
13252,668,2023-09-10 06:32:54,documentary Joshua
13253,1882,2023-07-21 14:26:02,Mayweather
13254,1246,2023-10-21 14:49:54,Champions League
13255,490,2023-02-14 04:02:27,Grand Prix
13256,2816,2023-03-29 13:08:46,Football 2023
13257,941,2024-01-16 06:52:15,interview Darts
13258,2700,2023-01-23 08:04:05,documentary Mayweather
13259,943,2024-01-19 23:41:32,full match Hamilton
13260,1724,2023-10-02 23:10:54,Premier League 2023
13261,2720,2023-01-01 12:11:08,full match Grand Prix
13262,2881,2023-10-04 02:17:43,Hamilton
13263,489,2024-01-10 23:13:06,highlights Grand Prix
13264,135,2023-12-02 17:19:25,highlights Football
13265,610,2023-11-14 18:49:10,Mahomes
13266,1246,2023-01-07 04:21:10,full match Brady
13267,991,2023-07-14 05:59:43,documentary Joshua
13268,183,2023-09-30 14:26:12,full match Mahomes
13269,1516,2023-12-27 17:07:21,highlights Grand Prix
13270,2614,2023-10-08 23:32:29,highlights Grand Prix
13271,919,2023-05-18 05:45:54,full match Tennis
13272,1703,2023-11-12 05:19:18,full match Football 2024
13273,2351,2023-06-05 15:41:33,replay Moore
13274,2512,2023-09-12 16:15:36,replay Mahomes 2024
13275,393,2023-08-28 20:52:22,documentary Football
13276,1236,2023-11-08 15:52:36,full match World Cup
13277,282,2023-09-02 10:05:27,full match Darts
13278,2700,2024-01-26 19:37:12,replay Premier League
13279,507,2023-07-06 22:23:10,highlights Santos
13280,2653,2023-01-30 16:58:20,full match Super Bowl
13281,2510,2024-02-15 19:30:13,replay World Cup
13282,2628,2023-06-04 02:13:23,highlights Boxing
13283,1928,2023-01-11 15:29:56,full match World Cup
13284,1726,2023-03-04 02:18:47,full match Boxing
13285,1863,2023-07-01 06:14:13,full match Mayweather
13286,933,2023-02-15 05:49:32,NFL
13287,220,2023-11-10 08:16:25,East Karenview
13288,2231,2023-04-08 22:43:16,full match Joshua
13289,171,2023-01-03 09:49:31,Super Bowl
13290,1334,2023-06-21 18:41:33,interview Brady
13291,2924,2023-10-28 23:56:45,full match F1
13292,2484,2024-01-03 08:51:54,documentary Premier League
13293,2642,2023-07-07 09:03:25,interview Brady
13294,889,2023-10-24 16:25:00,Mayweather
13295,2399,2023-03-30 08:18:08,Super Bowl
13296,734,2024-03-18 07:52:17,highlights Verstappen
13297,510,2024-02-28 15:08:39,highlights Joshua
13298,2378,2023-05-12 16:29:18,Hamilton
13299,1349,2023-06-27 08:26:21,interview MMA
13300,1590,2023-08-02 16:46:08,Brady
13301,2279,2023-08-22 17:13:31,highlights Super Bowl
13302,1409,2024-01-14 13:46:51,highlights Verstappen
13303,2316,2023-03-07 16:25:13,Mahomes
13304,1330,2024-02-10 23:10:49,full match Football
13305,1067,2023-07-30 22:42:07,Grand Prix
13306,1562,2024-01-20 00:47:49,replay Joshua
13307,2689,2023-04-28 23:38:27,NFL
13308,1067,2023-06-12 02:10:47,Champions League 2024
13309,336,2023-05-23 04:36:59,full match Hamilton
13310,1862,2023-03-04 11:06:12,Nabburg
13311,729,2023-02-12 02:29:19,documentary Martinezburgh
13312,342,2023-06-09 03:18:46,full match Super Bowl
13313,1280,2023-12-11 06:02:05,Hamilton
13314,602,2023-09-08 15:44:45,interview Verstappen
13315,1575,2023-01-30 22:25:16,documentary Joshua
13316,2976,2023-01-24 08:42:45,full match Darts
13317,2104,2023-08-01 02:41:20,replay World Cup
13318,1040,2023-10-17 05:11:21,full match Verstappen
13319,1511,2023-03-11 08:20:33,highlights Verstappen
13320,458,2023-02-15 05:38:17,highlights Mahomes
13321,897,2023-04-24 12:31:00,full match Premier League
13322,622,2024-01-06 12:16:37,documentary Hamilton
13323,2143,2023-03-09 15:35:15,highlights Premier League
13324,2263,2024-02-27 06:45:50,Joshua
13325,2710,2023-04-04 17:57:02,highlights Mahomes
13326,143,2023-07-11 22:30:13,highlights Mahomes
13327,895,2023-12-19 10:33:08,Football
13328,1274,2023-01-27 02:22:44,interview Joshua
13329,1351,2024-03-06 19:11:04,documentary Super Bowl
13330,388,2023-04-07 13:04:30,full match South Callum
13331,2151,2023-06-25 23:43:28,documentary World Cup
13332,1939,2023-06-03 09:34:35,replay Cole
13333,2560,2023-08-14 00:06:01,highlights World Cup
13334,2045,2023-06-17 22:37:49,documentary Brady
13335,2658,2023-11-02 13:31:13,Verstappen
13336,1610,2023-09-01 07:19:55,Joshua 2023
13337,1688,2023-07-09 00:17:09,documentary Burke 2024
13338,2988,2023-04-20 17:43:53,Tennis
13339,598,2023-12-25 16:26:29,NFL 2024
13340,373,2024-02-23 03:19:26,Mayweather
13341,1539,2023-01-12 02:20:03,full match Super Bowl
13342,576,2024-02-09 20:27:37,replay Darts
13343,1989,2024-03-29 04:03:05,Mahomes 2024
13344,1739,2023-03-21 07:15:05,highlights Premier League
13345,1583,2024-02-22 12:47:42,interview F1
13346,1861,2023-04-17 02:51:15,replay Mayweather
13347,2426,2024-01-09 11:21:54,full match Football
13348,1571,2023-08-01 07:54:50,documentary Verstappen
13349,2410,2023-08-23 06:11:29,replay Verstappen
13350,2118,2023-06-19 07:05:37,documentary MMA
13351,2361,2023-04-08 03:32:36,interview Champions League
13352,111,2023-07-18 19:19:06,Football
13353,2104,2023-12-14 02:47:52,interview Football
13354,2893,2023-05-31 13:09:52,interview NFL
13355,1576,2024-03-14 17:47:14,highlights World Cup
13356,2940,2023-03-16 09:23:37,highlights Wirth
13357,1909,2023-01-29 20:18:58,full match Darts
13358,2788,2023-05-30 06:58:09,NFL
13359,1884,2023-12-11 16:44:19,full match Hamilton
13360,608,2023-08-28 13:38:26,highlights Mayweather
13361,1789,2023-09-25 18:12:26,highlights Tennis
13362,1829,2024-01-04 21:57:40,interview Mayweather
13363,2107,2023-02-01 13:59:31,Champions League
13364,2719,2023-08-25 19:49:53,full match Grand Prix
13365,2759,2023-08-10 16:20:34,highlights Darts
13366,2294,2024-02-22 00:18:59,full match Grand Prix
13367,2590,2023-02-20 20:25:15,interview Premier League
13368,2078,2023-06-17 00:09:11,interview Mayweather 2023
13369,493,2023-12-23 09:13:06,interview Brady
13370,604,2023-06-16 07:27:24,interview Davis
13371,2436,2023-12-04 08:23:28,F1
13372,2921,2023-07-21 11:22:01,full match NFL
13373,1144,2023-12-30 01:49:47,Hamilton
13374,1750,2023-03-20 11:10:26,Brady
13375,2406,2023-09-04 22:13:30,full match Champions League
13376,76,2023-05-30 10:12:19,Hamilton
13377,740,2023-11-30 03:23:20,MMA
13378,2398,2023-03-03 10:15:54,MMA 2024
13379,2986,2023-11-18 22:40:56,highlights Brady
13380,2323,2023-08-23 03:24:27,documentary Mayweather
13381,1905,2024-02-12 04:15:56,documentary Hamilton
13382,664,2023-05-16 15:07:50,full match Super Bowl
13383,1118,2023-09-22 17:29:35,World Cup
13384,1281,2024-03-15 08:39:34,full match Grand Prix
13385,2497,2023-10-08 04:10:43,interview Hamilton
13386,857,2023-04-03 01:01:48,Brady
13387,444,2023-04-09 03:59:32,documentary Hamilton
13388,595,2024-03-12 07:38:18,documentary Mahomes
13389,1939,2023-04-29 19:07:31,highlights Hamilton
13390,190,2023-09-21 06:46:17,full match Hamilton 2023
13391,2457,2023-12-20 06:52:09,replay Pölitz
13392,1825,2023-04-13 04:55:37,replay Champions League
13393,2409,2023-09-28 12:26:25,full match Football
13394,1501,2023-09-25 20:36:47,highlights Boxing
13395,1320,2023-02-09 10:51:03,Grand Prix
13396,2836,2023-07-04 13:58:19,documentary Weihmann
13397,1294,2024-01-28 02:55:22,Premier League
13398,2253,2023-07-25 03:52:55,Boxing
13399,1096,2023-07-30 01:08:52,replay Super Bowl 2023
13400,1311,2023-08-06 19:11:07,Lyons
13401,2234,2023-02-10 01:59:39,replay Premier League
13402,497,2023-11-12 07:48:05,Champions League
13403,2419,2023-11-22 19:45:47,interview Mahomes
13404,2542,2023-03-08 04:32:51,replay Tennis
13405,1280,2023-12-22 00:21:14,full match Tecklenburg
13406,1903,2023-05-03 04:51:55,documentary Mahomes
13407,1521,2023-05-16 22:06:59,documentary Tennis
13408,1367,2023-09-18 05:58:56,replay Darts
13409,2428,2023-04-07 10:01:22,interview Hamilton
13410,2688,2024-01-02 10:45:44,Hamilton
13411,1624,2023-02-05 10:56:33,Super Bowl
13412,890,2023-12-12 22:47:48,MMA
13413,325,2024-01-02 03:07:04,replay North Markshire
13414,1753,2023-12-20 12:35:50,Darts
13415,2782,2023-01-29 12:29:38,replay F1
13416,140,2023-11-20 21:32:49,interview Joshua
13417,1376,2024-03-06 10:34:51,Grand Prix
13418,332,2023-08-08 14:04:26,replay Joshua
13419,1433,2023-04-29 14:20:08,interview MMA
13420,2670,2023-07-26 08:21:30,interview Premier League
13421,2415,2023-04-11 11:45:49,World Cup
13422,317,2024-03-03 14:48:37,replay World Cup
13423,2982,2023-01-20 06:11:35,Tennis
13424,1645,2024-02-02 14:58:56,NFL
13425,561,2023-01-19 07:41:32,highlights World Cup
13426,2552,2023-04-20 19:00:43,full match Darts
13427,1607,2023-08-29 08:30:41,Mahomes
13428,2163,2023-01-19 19:55:23,Boxing
13429,911,2023-08-31 10:47:05,interview Joshua
13430,1616,2023-01-20 00:16:35,King 2023
13431,2560,2023-06-01 08:59:20,highlights Stevenberg
13432,2736,2023-09-15 14:56:03,documentary Super Bowl
13433,498,2023-12-11 14:32:07,highlights Boxing
13434,2909,2023-06-26 09:29:29,Champions League 2023
13435,1470,2023-10-06 21:26:11,documentary World Cup
13436,587,2023-06-19 07:45:50,World Cup
13437,1158,2023-07-14 23:55:27,replay Verstappen
13438,1715,2023-01-21 23:49:18,replay Super Bowl
13439,2301,2023-11-27 09:20:36,replay F1
13440,2134,2023-10-30 08:24:32,interview Champions League
13441,908,2023-08-22 15:55:20,documentary Darts
13442,2521,2024-03-24 12:49:28,documentary World Cup
13443,1023,2023-04-12 00:25:32,full match MMA
13444,147,2023-04-04 08:29:19,interview Brady
13445,2359,2023-07-17 02:59:04,Benson
13446,2711,2023-11-08 11:54:31,Hamilton
13447,2787,2023-07-16 09:18:04,Champions League
13448,295,2023-09-30 03:08:07,documentary Boxing
13449,153,2023-12-24 08:10:43,NFL
13450,929,2023-09-11 23:43:30,documentary Johnson
13451,651,2023-05-12 19:33:48,Brady
13452,2027,2023-12-29 15:23:35,interview Grand Prix
13453,2872,2024-02-12 19:05:02,full match Champions League
13454,1034,2023-03-26 23:12:41,NFL
13455,185,2023-03-06 22:44:42,full match Grand Prix
13456,2883,2023-10-08 14:05:47,interview Super Bowl
13457,1416,2023-02-26 06:59:21,Hamilton
13458,1904,2023-01-24 10:13:32,Hamilton
13459,2045,2023-03-31 16:31:55,MMA
13460,2384,2023-03-03 09:55:41,documentary Mayweather
13461,2656,2024-01-23 14:52:17,full match Allenview
13462,779,2023-07-14 21:33:43,interview Johnson
13463,2544,2023-03-08 06:55:15,Super Bowl
13464,126,2023-10-22 06:58:22,documentary Darts
13465,2227,2023-11-01 06:06:50,replay Hamilton
13466,235,2023-06-12 13:20:57,full match Grand Prix
13467,1883,2023-02-16 17:31:51,replay Boxing
13468,1839,2023-01-10 23:01:17,Boxing
13469,1672,2024-03-28 11:46:42,Tennis
13470,2674,2023-12-29 19:46:58,documentary MMA 2023
13471,2297,2023-06-24 01:31:55,highlights World Cup
13472,467,2023-02-16 02:15:11,documentary Football
13473,382,2023-04-08 08:29:39,interview Verstappen
13474,2320,2023-11-08 06:59:16,Boxing
13475,930,2023-08-26 21:50:40,documentary World Cup
13476,1159,2023-11-01 11:18:50,Mayweather
13477,338,2023-03-20 13:27:04,replay Champions League 2023
13478,2722,2023-10-27 23:10:58,full match Hamilton
13479,2622,2023-02-01 08:51:08,highlights Premier League 2024
13480,1398,2023-05-10 00:49:42,replay Brady
13481,1907,2023-02-27 21:25:44,NFL
13482,1217,2023-03-05 16:32:52,highlights Mahomes
13483,479,2024-01-24 22:59:28,Mayweather
13484,1658,2023-01-07 12:19:56,replay Mayweather
13485,2403,2023-05-30 00:06:37,Gibbs
13486,2584,2023-04-12 08:52:33,documentary East Alantown
13487,1138,2023-06-10 07:44:45,Super Bowl
13488,1637,2023-10-27 13:25:18,NFL 2024
13489,1174,2023-04-28 20:11:34,Premier League
13490,2493,2023-10-22 02:04:56,interview Joshua
13491,2501,2023-06-04 03:38:39,documentary Boxing
13492,408,2023-10-31 03:16:56,Premier League
13493,467,2023-06-13 01:50:59,Super Bowl
13494,2326,2024-01-14 20:17:18,highlights Joshua
13495,1473,2024-02-05 20:20:19,NFL
13496,2656,2023-04-05 11:28:00,Hamilton
13497,1860,2023-07-28 22:27:03,Mahomes
13498,518,2023-12-10 21:44:36,documentary Hohenmölsen
13499,1043,2023-02-20 07:54:39,full match Hernandezshire
13500,610,2023-02-27 03:31:15,Brady
13501,1566,2023-07-07 19:57:46,highlights Hamilton
13502,2325,2023-12-25 03:41:14,F1
13503,1934,2023-09-24 08:31:29,documentary MMA
13504,1309,2023-08-04 08:11:07,interview Mahomes
13505,2790,2023-11-01 13:22:09,interview Mayweather
13506,2888,2024-02-13 07:46:42,interview Verstappen
13507,515,2023-01-01 03:55:18,highlights World Cup
13508,143,2024-01-15 19:39:09,full match Darts
13509,1827,2023-05-16 16:56:01,NFL
13510,2348,2024-03-10 00:57:27,World Cup
13511,375,2023-01-14 23:11:30,World Cup
13512,692,2023-10-13 20:24:30,highlights World Cup
13513,1697,2023-12-19 04:06:23,replay MMA
13514,220,2023-11-18 09:13:31,highlights Hornig
13515,2034,2023-10-08 22:41:24,replay F1
13516,2895,2023-10-17 01:18:50,full match Mahomes
13517,2891,2023-12-13 00:44:19,replay Joshua
13518,1517,2023-03-07 20:09:49,highlights Darts
13519,2586,2023-08-19 17:07:21,replay Hamilton
13520,2465,2023-12-07 21:57:18,replay Tennis
13521,1676,2024-03-28 03:00:35,Mahomes 2024
13522,2092,2023-01-12 21:38:26,interview Super Bowl
13523,1761,2023-02-25 01:43:40,documentary Darts
13524,402,2024-02-05 20:21:06,replay Champions League
13525,380,2023-02-08 10:47:03,highlights World Cup
13526,399,2023-09-26 23:57:32,highlights Boxing
13527,336,2023-11-04 12:18:33,replay Darts
13528,2898,2023-06-29 05:18:56,interview Champions League
13529,133,2023-07-29 17:44:01,full match Bennett
13530,718,2024-02-22 05:07:52,Grand Prix
13531,2601,2023-01-01 17:03:35,full match Premier League
13532,2800,2023-07-30 09:00:55,documentary NFL
13533,2724,2023-10-04 09:57:53,highlights MMA
13534,2058,2023-05-11 23:29:14,Joshua
13535,250,2023-12-29 15:43:46,Tennis 2023
13536,1044,2023-11-12 15:56:41,interview World Cup
13537,1438,2023-04-24 18:03:09,full match Joshua
13538,416,2023-08-14 06:10:37,World Cup
13539,563,2023-05-23 20:46:12,documentary South Andrew
13540,609,2023-08-07 06:38:10,interview Darts
13541,1819,2024-03-11 13:26:15,documentary Hamilton
13542,2315,2023-12-22 03:58:59,documentary Darts
13543,114,2023-07-02 08:18:37,highlights MMA
13544,2610,2023-02-04 18:03:07,MMA
13545,264,2023-10-20 05:08:11,Football
13546,2381,2023-12-12 03:40:36,interview Tennis
13547,2606,2023-02-13 00:11:04,documentary Boxing
13548,1974,2023-02-21 23:17:57,documentary World Cup
13549,809,2023-07-15 11:14:23,replay Tennis
13550,2904,2023-06-19 06:53:40,full match Parkermouth
13551,2756,2023-12-03 13:15:38,full match Mayweather
13552,1025,2023-01-08 05:54:35,documentary Football
13553,797,2023-12-25 15:03:07,documentary Boxing
13554,1065,2023-09-20 01:29:31,full match Mayweather
13555,1103,2024-02-11 22:43:22,full match World Cup
13556,2006,2024-02-25 11:40:00,full match Joshua
13557,2945,2023-02-11 01:12:05,full match Football
13558,997,2023-12-13 12:34:11,full match Football
13559,557,2024-03-06 00:29:13,Hamilton
13560,2092,2023-11-07 23:08:41,documentary Super Bowl
13561,326,2023-11-15 20:50:14,highlights Brady
13562,1856,2023-08-13 05:14:29,replay Premier League
13563,2414,2023-07-23 21:37:02,World Cup 2023
13564,111,2023-10-18 21:31:09,interview Tennis
13565,501,2023-03-03 20:36:44,interview F1
13566,1167,2023-07-15 05:20:44,Premier League
13567,394,2023-10-29 04:18:50,full match World Cup 2023
13568,871,2023-08-27 01:34:22,Grand Prix
13569,2293,2023-01-01 00:38:36,highlights Tennis
13570,1758,2023-06-23 07:23:54,Hamilton
13571,96,2023-03-13 23:30:26,Mahomes
13572,115,2024-02-15 18:12:31,documentary Verstappen
13573,1307,2024-03-22 00:07:43,World Cup
13574,113,2023-06-21 20:56:05,interview MMA
13575,289,2023-06-21 15:26:28,Boxing
13576,1940,2023-08-28 17:07:49,replay Boxing
13577,2559,2023-05-19 18:46:39,documentary Brady
13578,516,2023-06-15 07:04:34,Verstappen
13579,221,2023-09-05 13:20:45,Football 2024
13580,85,2023-05-25 20:08:08,F1
13581,2983,2023-05-02 21:44:12,documentary Hamilton
13582,1401,2024-01-18 05:40:12,interview Tennis
13583,2804,2023-02-03 00:38:52,replay Champions League
13584,268,2023-12-21 12:45:05,highlights MMA
13585,150,2023-06-18 20:46:17,Football
13586,2044,2023-12-20 10:04:01,World Cup
13587,155,2023-04-16 01:49:06,replay NFL
13588,733,2023-08-16 01:47:37,highlights Football
13589,2357,2024-01-21 22:20:14,interview Brady
13590,2039,2024-02-17 11:59:15,interview Football
13591,416,2023-03-30 23:29:22,replay Super Bowl
13592,455,2023-01-22 11:26:30,World Cup
13593,2283,2023-10-23 17:35:20,highlights Hamilton
13594,773,2023-08-31 11:22:04,replay Premier League
13595,1082,2023-03-10 08:31:14,Grand Prix
13596,2914,2023-08-17 11:46:36,documentary Grand Prix 2024
13597,1807,2023-12-18 17:52:00,Mahomes
13598,2169,2023-08-06 14:42:23,replay Mahomes
13599,1315,2024-01-06 01:43:41,Joshua
13600,1344,2024-01-30 11:00:45,replay Mahomes
13601,1759,2023-12-25 15:21:43,Football
13602,641,2023-04-24 10:24:17,full match Premier League
13603,892,2023-11-17 06:33:52,Joshua
13604,1624,2023-04-23 08:45:30,interview NFL
13605,1265,2024-02-22 09:37:26,interview Joshua 2024
13606,943,2023-09-06 18:05:24,full match Tennis
13607,2288,2023-08-10 06:33:16,full match Tennis
13608,302,2023-04-14 00:16:16,replay Mahomes
13609,78,2023-02-16 18:02:36,highlights Reyesview
13610,2430,2023-10-07 19:06:12,highlights Tennis
13611,1659,2023-04-13 21:23:57,interview F1
13612,835,2024-01-02 00:56:50,highlights Champions League 2024
13613,140,2023-12-12 17:58:29,documentary Grand Prix
13614,1221,2023-03-16 12:02:02,Verstappen
13615,775,2023-01-16 02:10:56,documentary Mahomes
13616,1759,2023-08-30 05:39:24,replay NFL
13617,2071,2023-03-17 19:57:01,Grand Prix
13618,1295,2023-05-25 08:11:32,replay Darts
13619,945,2023-11-11 00:46:41,interview Gute
13620,1428,2023-09-28 07:39:41,highlights Mcgrath
13621,1404,2023-09-28 12:23:54,interview Taylor
13622,2332,2023-04-03 12:32:43,highlights World Cup
13623,1069,2023-03-19 06:52:18,Verstappen
13624,1656,2024-03-17 23:50:40,replay Hamilton
13625,411,2023-11-15 17:15:39,replay MMA 2023
13626,2925,2023-05-21 07:59:47,interview Boxing 2024
13627,2773,2023-08-05 16:06:03,highlights Boxing
13628,184,2023-06-22 19:02:38,documentary Howarth
13629,1360,2023-07-31 19:59:07,Hamilton
13630,133,2024-01-29 03:47:46,highlights NFL 2024
13631,1354,2023-08-29 05:16:01,Hamilton
13632,805,2023-08-25 16:27:57,Verstappen 2023
13633,749,2024-01-11 07:58:13,Verstappen
13634,663,2024-03-23 22:28:23,documentary Mahomes 2024
13635,2206,2023-04-06 16:41:37,documentary Premier League
13636,1548,2023-05-23 04:35:38,Juliemouth
13637,2705,2023-11-10 06:19:29,replay MMA
13638,1799,2023-03-25 12:52:21,full match NFL 2023
13639,2248,2023-05-17 07:09:28,full match NFL
13640,1405,2024-03-19 15:20:18,replay Boxing
13641,1814,2023-05-22 17:16:44,F1
13642,2589,2024-01-12 17:04:32,full match Brady 2024
13643,1716,2023-09-12 05:04:19,Joshua
13644,1353,2023-02-13 06:23:11,MMA
13645,265,2023-10-18 20:56:02,replay Football
13646,1888,2024-02-12 10:09:15,World Cup
13647,1748,2024-01-08 01:25:41,Verstappen
13648,2811,2023-08-24 20:51:24,interview F1
13649,2942,2023-01-24 07:37:36,World Cup
13650,340,2024-01-29 14:33:25,highlights Brady
13651,599,2023-10-09 22:34:17,documentary Mayweather
13652,2243,2024-01-03 09:38:27,World Cup
13653,2848,2023-01-04 12:20:34,full match Joshua
13654,345,2023-03-30 15:01:29,documentary Super Bowl
13655,2914,2023-07-06 22:15:48,documentary Champions League
13656,951,2024-03-09 14:31:25,Mayweather
13657,1195,2023-11-05 23:57:40,full match Brady
13658,2567,2023-10-12 11:36:41,interview NFL
13659,2672,2024-02-01 04:57:56,Super Bowl
13660,1351,2023-04-06 20:41:50,documentary Ward
13661,964,2023-05-19 03:39:35,interview Brady
13662,2706,2023-06-02 01:58:12,interview Hamilton
13663,530,2023-05-01 12:35:17,Joshua
13664,1757,2023-08-19 11:30:33,MMA 2024
13665,2097,2023-06-23 12:39:38,highlights Super Bowl
13666,418,2024-03-26 14:38:27,Lehmann
13667,569,2023-04-13 14:05:33,documentary NFL
13668,277,2024-02-25 07:20:35,Football
13669,320,2023-04-13 13:00:57,highlights Hamilton
13670,1191,2023-01-09 04:30:04,interview MMA
13671,366,2024-03-01 16:11:06,interview Hamilton
13672,2465,2023-08-02 02:07:55,full match Football
13673,637,2023-07-02 18:40:33,full match MMA 2023
13674,734,2023-03-25 16:27:08,documentary Champions League
13675,2815,2023-01-03 02:27:37,documentary Mayweather
13676,1881,2023-03-06 22:48:05,replay Premier League
13677,2908,2023-03-05 21:14:14,full match Champions League
13678,1376,2023-06-17 05:02:31,highlights Joshua
13679,522,2023-03-11 10:27:52,documentary Masonshire
13680,400,2023-07-27 06:54:11,interview Verstappen
13681,121,2023-05-23 01:43:40,interview Grand Prix
13682,50,2023-07-31 09:18:12,full match Football
13683,1902,2023-01-01 08:29:20,replay Verstappen
13684,2123,2023-03-09 18:14:13,documentary Mahomes
13685,2478,2024-03-07 06:53:24,highlights Joshua
13686,319,2023-12-26 06:42:45,Tennis
13687,385,2023-07-15 19:58:00,documentary Mahomes
13688,55,2024-01-10 00:34:05,Boxing
13689,538,2023-02-03 02:09:05,replay F1
13690,2079,2023-04-22 17:30:34,Premier League
13691,617,2023-05-23 17:25:39,interview Brady
13692,2831,2023-03-30 01:36:05,Premier League
13693,603,2023-12-05 09:08:38,interview Hamilton
13694,808,2023-09-25 13:47:21,documentary Football
13695,178,2023-06-22 14:28:33,highlights NFL
13696,673,2023-01-23 17:02:50,replay NFL
13697,207,2023-11-28 22:27:52,documentary Atzler
13698,416,2023-09-18 23:36:36,interview Berchtesgaden
13699,1520,2023-12-15 10:52:00,full match Tennis
13700,487,2023-02-02 03:26:14,replay Joshua
13701,2268,2023-04-10 19:35:51,replay Verstappen
13702,2970,2023-09-11 00:27:43,Hamilton 2023
13703,1109,2023-07-17 01:29:22,full match Joshua
13704,1142,2023-08-25 07:48:06,Super Bowl
13705,2449,2023-12-14 14:14:07,full match World Cup
13706,1123,2023-02-12 14:17:00,interview World Cup
13707,271,2023-03-15 02:32:04,replay Ronaldside
13708,666,2023-02-05 17:30:34,documentary Darts
13709,2804,2024-02-13 23:54:00,full match MMA
13710,2351,2023-09-02 23:57:03,highlights World Cup
13711,2996,2023-02-14 06:23:53,Mayweather
13712,2909,2023-09-06 04:33:24,Brady 2024
13713,257,2023-11-27 08:08:32,replay Darts
13714,1854,2023-03-22 05:11:12,highlights World Cup
13715,2325,2023-07-28 17:34:07,Champions League 2023
13716,2614,2023-11-10 19:23:34,highlights Grand Prix
13717,2857,2023-05-09 03:24:28,replay Grand Prix
13718,1137,2023-11-01 01:18:57,replay Champions League
13719,859,2023-09-14 18:19:03,interview F1
13720,1408,2023-06-29 04:37:30,highlights Joshua
13721,1250,2023-08-09 00:28:25,documentary Premier League
13722,199,2023-06-28 21:41:55,full match Champions League
13723,2441,2024-01-16 20:45:12,highlights F1
13724,1993,2023-01-15 06:36:42,full match Reid
13725,2951,2023-06-08 13:03:38,Premier League
13726,1682,2023-03-20 04:08:16,highlights Tennis
13727,765,2024-03-08 17:36:07,documentary Super Bowl
13728,2849,2023-07-18 15:53:48,full match Boxing
13729,1021,2023-02-10 10:59:22,Hamilton
13730,700,2023-08-13 21:27:48,highlights Tennis
13731,991,2023-11-29 14:45:58,interview F1
13732,1293,2023-12-14 03:56:26,Boxing
13733,750,2023-07-06 14:43:01,replay Football
13734,1471,2023-01-26 13:26:24,full match Premier League 2024
13735,2605,2023-06-16 06:31:44,replay Boxing
13736,2597,2023-12-25 12:03:53,highlights Super Bowl
13737,1007,2023-01-13 05:55:51,highlights Premier League
13738,2745,2024-01-28 20:33:32,Champions League
13739,288,2023-10-05 17:18:49,F1
13740,1684,2023-07-23 23:21:29,Football 2023
13741,2245,2023-10-20 04:26:52,replay NFL 2024
13742,2329,2023-08-29 11:44:00,interview Super Bowl
13743,796,2023-05-09 17:06:29,documentary Super Bowl
13744,38,2023-11-29 16:44:21,interview Verstappen 2024
13745,113,2023-12-18 01:24:49,full match Mahomes
13746,65,2023-11-01 00:13:02,highlights Darts
13747,1109,2023-04-24 21:28:55,full match NFL
13748,813,2024-02-21 23:11:35,replay Premier League
13749,924,2023-05-17 09:51:28,replay Premier League
13750,2568,2023-09-02 10:18:17,highlights MMA
13751,2425,2024-01-13 16:12:46,World Cup
13752,2314,2023-03-07 00:29:21,Brady
13753,1694,2023-05-11 14:57:32,Verstappen
13754,156,2023-04-10 09:01:55,full match Premier League
13755,657,2024-03-02 20:36:51,MMA 2023
13756,2438,2023-08-22 00:34:23,full match Verstappen
13757,235,2023-03-27 00:03:11,interview NFL
13758,11,2023-10-21 04:02:32,highlights Champions League
13759,1982,2023-10-08 16:56:36,Mahomes
13760,1048,2023-02-10 03:31:52,documentary Mahomes
13761,1451,2024-03-08 06:21:44,highlights F1 2023
13762,1076,2024-03-29 23:22:47,F1
13763,1127,2023-05-08 19:16:25,highlights Boucsein
13764,1370,2023-03-30 00:41:40,replay Hamilton
13765,1623,2023-07-10 21:13:31,interview Groß-Gerau
13766,538,2024-01-09 03:23:11,documentary MMA
13767,1055,2023-06-15 20:05:30,full match MMA
13768,863,2023-10-26 06:23:13,highlights Verstappen
13769,190,2023-01-02 17:28:05,replay Taylor
13770,1315,2023-04-19 22:13:40,Boxing
13771,2174,2023-04-01 20:25:32,highlights Football 2024
13772,259,2023-04-29 11:23:04,highlights World Cup
13773,1852,2024-02-18 16:35:58,interview Hamilton
13774,2157,2023-08-11 08:24:26,full match Champions League
13775,1227,2023-03-21 05:08:00,interview MMA
13776,1619,2023-05-03 20:20:14,documentary Mayweather
13777,2083,2024-03-12 09:36:00,highlights Champions League
13778,981,2023-09-22 03:10:27,full match Mahomes
13779,719,2023-05-15 02:45:47,highlights New Kathryn
13780,73,2024-01-18 10:04:42,full match Football
13781,2199,2023-03-25 05:11:58,full match World Cup
13782,356,2024-02-18 02:36:40,highlights Verstappen
13783,2534,2023-06-20 05:51:56,Hamilton
13784,932,2023-03-28 12:37:17,replay West Russell
13785,396,2023-07-24 19:37:56,interview Clarke
13786,1417,2023-11-01 20:55:21,replay World Cup
13787,587,2023-12-30 10:07:11,replay Darts
13788,2333,2024-01-28 03:13:36,Grand Prix
13789,1541,2024-01-10 06:42:23,documentary Tennis
13790,360,2023-07-12 02:27:24,full match Darts
13791,68,2023-08-30 18:43:42,Flores
13792,624,2023-01-31 14:49:47,full match Joshua
13793,1078,2023-12-23 09:18:52,documentary Brady
13794,2172,2024-02-05 06:13:31,Zirme
13795,323,2023-04-07 01:05:01,replay Grand Prix
13796,141,2023-05-04 06:32:51,Football
13797,1427,2023-11-14 00:22:05,replay Verstappen
13798,822,2023-07-25 10:46:07,Super Bowl
13799,677,2024-03-25 11:03:58,replay Joshua
13800,445,2023-05-24 14:47:38,highlights Super Bowl
13801,1524,2023-02-17 15:55:59,replay F1 2023
13802,978,2023-07-06 08:25:30,full match Brady
13803,2049,2023-04-13 02:11:46,interview Snyderhaven
13804,2785,2023-07-29 22:20:25,Mayweather
13805,364,2023-02-09 07:25:04,documentary World Cup 2024
13806,2951,2024-02-10 00:50:26,replay MMA 2023
13807,407,2023-03-02 10:02:11,documentary MMA
13808,1031,2024-03-21 08:07:04,Champions League
13809,2834,2023-08-29 01:18:28,South Robin
13810,237,2023-06-07 00:03:47,replay Darts
13811,232,2023-04-26 19:55:04,replay Elliott
13812,2482,2023-04-13 05:21:12,documentary Mayweather
13813,2323,2023-08-03 20:40:00,interview Champions League
13814,2495,2023-09-15 06:24:44,interview NFL
13815,2769,2023-08-03 01:07:38,highlights Tennis
13816,1943,2023-10-29 20:27:40,documentary F1
13817,167,2024-01-27 03:35:32,replay Grand Prix 2023
13818,742,2023-02-09 07:41:52,Verstappen
13819,2913,2024-01-27 11:10:54,NFL
13820,1997,2023-07-27 22:06:16,interview Mahomes
13821,2539,2023-09-17 12:08:48,interview Mayweather
13822,1566,2024-03-15 07:04:00,World Cup
13823,2632,2023-10-31 09:05:14,highlights Lake Cameron
13824,591,2023-04-26 10:57:48,highlights Football
13825,2467,2024-03-28 03:48:56,Tennis
13826,1928,2023-03-06 02:07:45,Verstappen
13827,2584,2023-10-17 02:43:09,Wilms
13828,1955,2023-09-11 02:38:40,documentary Verstappen
13829,595,2023-12-02 23:50:41,NFL
13830,2359,2023-02-28 12:29:50,Tennis
13831,1285,2023-08-29 12:22:46,Joshua 2024
13832,469,2023-03-06 02:02:10,highlights F1 2024
13833,1082,2023-08-14 22:03:46,Mayweather
13834,1255,2023-04-18 20:06:54,interview F1
13835,2018,2023-03-23 07:50:55,interview Hamilton 2024
13836,1991,2023-03-29 11:51:30,Brady
13837,2908,2024-03-17 10:17:37,documentary Ahaus
13838,2512,2023-10-20 03:31:46,replay Premier League
13839,371,2023-09-25 22:42:28,NFL
13840,1637,2023-08-18 09:44:44,full match World Cup
13841,347,2023-09-14 02:41:58,interview Brady
13842,641,2023-08-25 18:49:51,Boxing
13843,1318,2023-03-17 07:16:11,interview Darts
13844,2110,2023-06-22 11:59:48,full match Tennis
13845,2181,2023-12-06 01:36:42,MMA
13846,2238,2023-10-13 21:06:15,interview Mahomes
13847,838,2023-08-11 15:41:03,Mahomes
13848,1676,2023-11-07 11:49:12,Premier League
13849,2881,2023-06-24 15:20:47,Pinneberg
13850,349,2023-02-09 22:01:51,Mayweather
13851,161,2023-05-13 16:11:53,highlights F1
13852,960,2023-07-01 05:41:37,documentary Grand Prix
13853,520,2023-11-22 19:09:29,Boxing
13854,1000,2023-07-26 01:47:00,highlights MMA
13855,1852,2023-03-13 03:30:38,Hamilton
13856,1958,2023-07-23 06:54:58,highlights Boxing
13857,184,2023-08-04 19:08:22,documentary World Cup
13858,1810,2023-03-17 15:31:58,highlights Grand Prix 2023
13859,651,2023-03-20 01:09:04,highlights Tennis
13860,414,2023-09-05 01:02:08,NFL
13861,1597,2023-12-06 17:03:24,NFL
13862,2378,2023-10-13 12:31:42,documentary Champions League
13863,1227,2023-01-26 15:59:59,documentary Verstappen
13864,2859,2023-07-25 10:20:08,Tennis
13865,258,2023-12-05 04:58:46,highlights Hamilton 2024
13866,826,2023-03-29 04:48:13,highlights NFL
13867,309,2023-09-06 10:28:16,Hamilton
13868,2944,2023-09-05 08:21:24,replay Premier League
13869,2097,2023-03-31 10:38:00,Mahomes 2023
13870,2494,2023-04-07 08:10:46,interview Premier League 2024
13871,1952,2023-11-30 20:27:12,Darts
13872,192,2024-01-13 21:37:48,documentary Football
13873,2906,2023-09-17 21:12:02,Boxing
13874,518,2023-06-26 16:34:55,replay Mahomes
13875,1716,2023-03-12 16:13:28,Boxing
13876,416,2023-12-22 22:31:37,Darts
13877,2633,2023-06-16 07:29:04,Verstappen
13878,2280,2023-02-20 22:54:36,full match Football
13879,2961,2023-08-20 14:11:37,interview Verstappen
13880,2645,2024-01-19 17:48:09,full match Hamilton
13881,2864,2023-07-10 13:57:28,interview Champions League
13882,1957,2023-02-07 12:16:45,full match Brady
13883,899,2023-11-02 07:47:40,interview Football
13884,2790,2023-06-28 01:51:35,interview Super Bowl
13885,403,2024-02-13 06:36:15,highlights Grand Prix 2023
13886,117,2023-07-07 17:14:01,highlights World Cup
13887,1676,2023-09-14 17:18:02,Tennis
13888,2773,2024-03-24 15:08:13,Mayweather
13889,2372,2023-04-18 14:13:40,documentary Premier League
13890,1624,2023-12-27 02:19:23,interview Super Bowl
13891,430,2023-11-11 00:27:06,highlights Champions League
13892,2731,2023-04-28 05:58:05,full match F1
13893,2628,2023-10-06 07:02:15,interview Jones
13894,271,2023-11-20 19:05:33,Champions League
13895,729,2023-06-27 21:43:34,documentary Football
13896,661,2023-06-03 20:32:58,highlights Premier League
13897,524,2024-01-19 03:04:02,replay Darts
13898,1093,2023-07-04 15:19:47,interview Metz 2024
13899,182,2023-10-04 16:58:17,Brady
13900,2798,2023-05-29 04:30:11,Premier League
13901,430,2024-03-16 09:57:07,full match Verstappen
13902,2046,2023-07-23 04:32:06,replay Super Bowl
13903,1975,2023-10-22 10:54:17,highlights Champions League
13904,807,2024-01-18 00:10:20,full match East Ritaburgh
13905,2726,2023-11-14 02:04:58,interview Joshua
13906,1307,2023-07-09 08:28:33,highlights Grand Prix 2023
13907,1560,2024-02-22 16:10:25,interview Mayweather
13908,2759,2023-05-19 10:25:09,interview Premier League
13909,1071,2023-09-17 22:05:11,NFL
13910,1759,2024-02-24 04:01:41,replay World Cup
13911,223,2024-01-12 05:02:27,replay World Cup
13912,1452,2023-06-25 05:12:57,documentary Tennis
13913,2020,2023-03-09 06:33:32,interview Diaz
13914,2026,2023-09-13 07:36:47,Grand Prix
13915,1583,2023-11-11 04:13:52,highlights Tennis
13916,2923,2023-11-27 10:39:00,replay Joshua
13917,1672,2023-05-14 15:56:06,highlights Boxing
13918,1359,2024-01-18 05:07:16,replay F1 2024
13919,1561,2023-03-17 20:35:59,full match World Cup
13920,2803,2023-12-08 17:51:57,interview Premier League
13921,2057,2024-01-04 14:38:45,documentary Mahomes
13922,2664,2023-11-05 21:14:36,interview Boxing
13923,2088,2023-07-08 22:12:06,documentary Joshua
13924,1566,2023-08-12 15:38:16,Brady
13925,76,2023-07-02 05:43:08,Joshua
13926,2224,2024-03-11 04:53:25,Mayweather
13927,1423,2023-10-10 10:52:26,full match Premier League
13928,1286,2023-07-26 12:38:54,Premier League
13929,463,2023-09-08 11:24:38,highlights NFL
13930,840,2023-07-04 03:18:47,Super Bowl
13931,2447,2023-06-17 19:32:14,Darts
13932,1915,2023-06-21 23:21:08,full match F1
13933,279,2024-02-29 10:02:56,highlights Champions League
13934,2077,2024-02-14 22:37:04,interview Champions League
13935,514,2023-06-26 21:21:32,interview Mayweather
13936,1817,2023-10-11 16:03:55,documentary Joshua
13937,1920,2023-02-03 11:21:36,documentary Super Bowl
13938,1923,2023-08-03 03:02:49,interview Darts
13939,1852,2023-05-11 11:53:19,MMA
13940,1788,2023-05-27 15:18:13,full match Mahomes
13941,858,2023-07-20 06:34:19,Hamilton
13942,415,2023-05-09 22:48:08,highlights Mahomes
13943,344,2023-01-27 01:06:02,highlights Verstappen
13944,2930,2023-02-04 19:24:10,Football
13945,2132,2023-03-14 03:48:54,interview World Cup
13946,621,2023-08-14 04:28:39,Darts
13947,268,2023-09-10 01:30:16,full match Joshua
13948,2129,2023-11-13 02:42:09,Darts
13949,263,2024-01-27 09:31:44,replay Champions League
13950,2952,2023-02-03 03:09:40,Joshua
13951,260,2024-02-19 01:00:47,interview Football
13952,2627,2023-04-07 20:08:27,interview Joshua
13953,940,2023-09-25 08:49:21,Football
13954,846,2024-02-28 10:30:07,Murray
13955,2235,2023-12-06 09:15:34,Brady
13956,2526,2023-11-24 03:26:15,full match Brady 2023
13957,342,2023-09-12 06:57:42,replay MMA
13958,245,2023-03-07 10:13:42,documentary Champions League
13959,289,2023-04-09 06:58:42,highlights Super Bowl
13960,1922,2023-06-13 11:13:34,documentary Super Bowl
13961,1755,2024-01-02 04:03:50,documentary Champions League
13962,97,2023-06-23 16:38:22,replay Grand Prix
13963,1778,2024-01-02 14:47:29,replay Verstappen
13964,2280,2023-08-30 20:16:10,highlights World Cup
13965,2719,2023-05-21 19:21:33,Mayweather
13966,1882,2023-03-09 00:43:40,NFL
13967,1226,2023-11-17 01:52:37,documentary Mahomes
13968,1179,2024-03-02 14:11:27,highlights Brady
13969,1925,2024-01-03 15:52:22,interview F1
13970,2672,2024-03-16 12:28:18,full match Boxing
13971,2758,2023-06-07 09:13:24,highlights Football
13972,906,2024-03-12 12:57:32,documentary MMA
13973,2487,2023-02-21 02:50:34,highlights Mahomes
13974,380,2024-03-14 01:42:37,highlights Champions League
13975,2878,2023-07-18 02:26:08,documentary Premier League
13976,646,2023-01-30 20:05:34,documentary NFL 2023
13977,1397,2024-02-09 14:16:12,replay Tennis
13978,2717,2023-03-16 19:52:54,full match Brady
13979,803,2023-10-31 05:26:11,full match Football
13980,2012,2023-05-28 12:21:09,interview Hamilton
13981,2835,2023-07-25 04:41:38,MMA
13982,2235,2024-02-01 17:00:06,replay Joshua
13983,19,2023-02-08 09:01:26,highlights Grand Prix
13984,354,2023-04-27 19:02:58,Grand Prix
13985,461,2023-08-01 05:27:08,Super Bowl
13986,1717,2023-01-01 03:16:49,highlights Boxing
13987,2459,2023-12-20 04:16:34,highlights Verstappen
13988,1102,2023-07-10 05:55:25,Boxing
13989,2240,2023-01-29 17:49:31,World Cup 2023
13990,2877,2023-10-28 06:47:50,replay Joshua
13991,1831,2023-08-17 02:15:18,documentary World Cup
13992,2033,2023-07-12 19:39:38,interview Tennis 2023
13993,1716,2023-07-22 14:38:53,interview Port Carlyfort
13994,2030,2023-02-16 10:25:35,full match Schwarzenberg
13995,353,2023-04-14 09:25:56,documentary F1
13996,1076,2023-05-29 09:15:30,highlights Mayweather
13997,268,2023-04-07 14:21:22,interview World Cup
13998,2618,2024-01-28 21:31:12,documentary Grand Prix
13999,2184,2023-10-27 12:50:56,full match F1
14000,1452,2023-04-10 22:37:26,Grand Prix
14001,1987,2023-07-08 11:52:49,full match MMA
14002,812,2023-06-26 05:21:20,Super Bowl
14003,2165,2023-07-31 21:51:17,Tennis
14004,2754,2023-01-23 23:37:17,interview Verstappen
14005,1260,2023-05-01 22:24:22,Brady
14006,1605,2024-03-29 08:59:49,Brady
14007,2203,2023-06-09 06:31:28,Hamilton
14008,2687,2024-03-07 05:55:23,interview World Cup
14009,2375,2023-11-01 02:25:07,highlights Kelly
14010,2583,2023-07-06 01:02:47,Tennis
14011,2937,2023-07-21 19:47:31,Super Bowl
14012,2685,2023-12-12 02:29:30,interview World Cup
14013,1057,2023-05-02 18:06:53,documentary Darts
14014,271,2023-09-10 23:29:14,highlights Super Bowl
14015,1224,2023-02-06 15:33:20,F1
14016,366,2023-02-25 08:42:22,replay Mayweather
14017,2751,2023-07-17 03:33:25,highlights World Cup
14018,965,2023-11-07 16:09:44,Mayweather
14019,1803,2024-03-19 18:48:31,NFL
14020,2138,2023-04-30 10:29:45,documentary Grossfurt
14021,769,2023-03-29 01:29:19,F1
14022,1685,2023-12-24 23:59:18,Verstappen
14023,1229,2023-10-05 11:38:24,F1
14024,1572,2023-02-02 12:00:00,documentary MMA
14025,2621,2023-09-01 13:02:33,full match Bradleyburgh
14026,1517,2023-12-10 23:05:14,replay NFL
14027,2001,2023-02-21 10:56:05,F1
14028,1876,2024-01-11 16:21:49,documentary F1
14029,1206,2023-11-27 16:59:30,highlights Verstappen
14030,403,2023-10-21 23:51:55,MMA
14031,670,2024-03-08 11:13:10,documentary MMA
14032,2579,2023-04-27 13:32:26,replay Hamilton
14033,2687,2023-04-05 18:33:29,documentary F1
14034,879,2023-02-18 14:15:00,interview Hamilton
14035,2401,2024-01-29 23:20:10,interview Hamilton 2024
14036,1152,2023-05-17 14:44:25,Tennis
14037,1716,2024-01-12 09:44:58,Boxing
14038,934,2023-03-24 12:38:54,replay Joshua
14039,2112,2024-01-11 05:54:56,full match Verstappen
14040,2960,2024-01-21 16:46:27,documentary Grand Prix
14041,2261,2023-07-25 18:27:20,Super Bowl
14042,1650,2024-03-22 13:45:58,documentary Hamilton
14043,511,2024-03-20 04:36:01,Boxing
14044,150,2023-05-09 11:26:50,full match Mayweather
14045,501,2023-05-20 05:15:24,highlights Grand Prix
14046,532,2023-12-12 23:11:07,full match East Rachelshire
14047,1311,2023-11-28 12:17:05,replay Mayweather
14048,493,2023-07-14 21:57:03,interview Joshua
14049,234,2023-01-12 06:18:27,Brady
14050,1383,2023-06-17 10:40:01,interview Joshua
14051,1519,2023-06-18 21:18:59,replay Mayweather
14052,2314,2023-04-05 12:43:39,interview Hamilton 2023
14053,1251,2023-11-20 10:46:27,replay Mahomes
14054,49,2024-01-14 11:18:41,World Cup
14055,2607,2024-03-10 08:04:22,interview Brady
14056,2023,2023-01-20 01:35:37,MMA
14057,1825,2023-08-02 05:21:02,highlights MMA
14058,958,2023-05-25 17:17:49,full match F1
14059,954,2023-10-16 23:59:37,documentary Mayweather
14060,223,2023-07-11 15:38:26,interview Joshua
14061,1960,2023-02-24 17:15:51,Boxing
14062,2565,2024-01-28 04:07:27,interview Darts
14063,1674,2024-03-22 04:22:33,Tennis
14064,1815,2023-12-03 02:52:43,highlights Verstappen
14065,226,2024-02-08 12:15:01,highlights Brady 2023
14066,1466,2023-07-22 13:53:46,replay NFL
14067,76,2023-07-10 00:03:47,Joshua 2024
14068,2591,2023-08-20 17:15:45,documentary Boxing
14069,1705,2023-09-30 04:10:34,documentary Mayweather
14070,1369,2023-02-22 10:38:17,replay Champions League
14071,1554,2023-11-06 02:09:36,interview Tennis
14072,2405,2023-02-12 02:50:08,Joshua
14073,1759,2023-01-28 10:55:16,Premier League
14074,1823,2023-11-06 18:43:47,replay Football
14075,1805,2023-09-11 18:07:17,highlights Darts
14076,717,2023-02-23 23:35:19,World Cup
14077,2933,2023-03-10 21:59:04,Grand Prix
14078,1460,2023-10-22 03:29:59,full match Boxing
14079,2322,2023-02-09 14:53:51,full match Darts
14080,1991,2023-03-31 15:39:51,interview Hamilton
14081,1256,2023-11-19 02:48:05,replay Super Bowl
14082,1725,2023-11-24 18:30:06,documentary World Cup 2024
14083,2790,2023-06-28 23:42:06,highlights North Kathleenfort
14084,1784,2023-07-29 05:06:31,full match Tennis
14085,2823,2023-02-28 09:49:18,interview Super Bowl
14086,1525,2024-03-25 10:37:19,F1
14087,1592,2023-06-10 20:42:48,Football
14088,1183,2023-10-10 04:10:01,highlights Brady
14089,2656,2023-01-04 01:45:36,documentary MMA
14090,342,2023-08-21 17:52:34,interview Boxing
14091,747,2023-12-04 03:16:05,interview Grand Prix
14092,2931,2023-11-07 13:43:34,documentary MMA 2024
14093,2802,2024-03-15 17:11:04,highlights Premier League
14094,2323,2023-06-27 09:31:55,full match Tennis
14095,2529,2023-10-02 07:27:08,full match Mahomes
14096,1568,2023-07-13 10:30:51,full match Verstappen
14097,2001,2023-03-15 13:37:40,interview Tennis
14098,2727,2023-03-22 11:31:10,Verstappen
14099,619,2023-04-06 22:49:50,full match Tennis 2024
14100,2824,2023-05-29 23:24:48,highlights Joshua 2023
14101,878,2023-12-09 09:44:08,Mayweather
14102,1571,2023-02-08 07:53:51,documentary Football
14103,2397,2023-05-30 08:37:51,documentary MMA
14104,2026,2023-02-14 05:52:28,highlights Hamilton
14105,2988,2023-08-12 09:02:19,highlights Joshua
14106,1296,2024-03-11 16:49:15,interview Grand Prix
14107,1626,2024-02-02 19:04:12,full match Brady
14108,939,2023-03-07 06:18:48,highlights Darts
14109,2288,2023-10-13 22:43:35,interview Super Bowl
14110,1911,2023-09-19 04:10:31,interview Premier League 2023
14111,282,2023-07-27 13:27:46,full match MMA
14112,2489,2023-12-21 06:21:12,highlights Champions League
14113,2748,2023-01-27 08:15:26,full match Mayweather 2023
14114,1452,2023-05-13 08:39:36,highlights Premier League
14115,2369,2023-09-12 21:52:57,full match Hamilton
14116,1843,2023-03-04 19:49:02,Brady
14117,203,2024-01-12 15:19:59,highlights Champions League
14118,1865,2023-05-26 21:50:07,replay Super Bowl
14119,571,2023-09-02 15:51:25,full match Joshua
14120,1467,2023-07-05 20:39:35,Verstappen
14121,1305,2023-05-31 16:27:18,Patriciaton
14122,2856,2023-10-18 00:39:52,highlights Football 2024
14123,65,2023-06-08 12:34:48,interview Joshua 2024
14124,2249,2023-03-20 16:38:26,full match Super Bowl
14125,1654,2023-02-04 00:13:05,highlights Joshua
14126,1198,2023-03-15 19:14:23,Ingramland
14127,2834,2024-03-25 07:34:27,interview Brady
14128,2150,2024-03-18 20:33:20,Super Bowl
14129,1738,2023-07-15 04:08:47,Tennis
14130,1960,2024-03-14 12:41:13,interview NFL
14131,2451,2023-12-04 23:42:12,interview Champions League
14132,830,2023-01-07 22:28:23,Verstappen
14133,1996,2023-02-27 08:13:24,highlights Verstappen
14134,2901,2023-07-03 12:51:32,Joshua
14135,1439,2023-11-11 22:50:12,MMA
14136,1612,2023-05-31 01:08:24,F1
14137,476,2023-05-20 06:26:02,interview Joshua
14138,1232,2023-03-21 09:57:07,Mahomes
14139,2234,2023-08-18 20:24:19,interview Mahomes
14140,1039,2023-07-21 02:24:54,highlights Mende
14141,8,2023-08-01 03:04:13,replay Boxing
14142,2593,2023-03-18 08:23:45,MMA
14143,2712,2023-10-24 17:05:53,replay Hamilton
14144,140,2024-03-04 08:38:28,full match Boxing
14145,2562,2023-06-01 10:45:29,full match Grand Prix
14146,2213,2023-09-10 16:05:30,documentary Mahomes
14147,1907,2023-10-18 14:33:40,interview Joshua
14148,286,2023-03-15 02:51:52,interview Verstappen
14149,1161,2023-05-13 19:44:42,replay Hildesheim
14150,1439,2023-02-04 18:26:30,full match F1
14151,2500,2024-01-30 06:43:19,documentary Champions League
14152,1304,2023-09-09 09:05:16,full match Tennis
14153,1263,2023-06-11 17:31:03,Premier League
14154,1696,2023-11-04 07:32:04,highlights Mayweather
14155,2621,2023-08-21 17:15:25,World Cup
14156,110,2024-03-26 08:18:44,highlights Football
14157,2687,2023-04-05 22:28:30,NFL
14158,2256,2023-08-22 13:10:41,MMA 2024
14159,2531,2023-03-02 12:30:26,highlights F1
14160,2558,2023-07-06 15:00:54,full match Premier League 2023
14161,2935,2024-01-24 11:25:22,interview Hamilton
14162,667,2023-12-18 19:02:18,interview Brady
14163,2022,2023-06-17 14:27:28,replay MMA
14164,549,2024-01-23 01:28:11,documentary MMA
14165,357,2023-09-29 05:59:10,documentary Premier League 2023
14166,867,2023-05-21 19:22:02,interview Weller
14167,54,2023-07-30 14:26:12,documentary Hamilton
14168,931,2023-03-03 07:19:10,documentary Juncken 2024
14169,7,2023-12-30 03:36:30,highlights Tennis
14170,1985,2024-01-13 20:54:40,interview Tennis
14171,1161,2023-01-01 18:38:07,replay World Cup
14172,312,2024-02-18 17:07:08,highlights Champions League
14173,17,2023-01-02 14:50:16,replay Verstappen
14174,1568,2023-05-11 01:39:12,Johnfurt
14175,1924,2023-07-20 13:23:48,Grand Prix
14176,2095,2023-07-31 13:11:48,interview NFL
14177,73,2023-01-30 14:55:59,full match World Cup
14178,1909,2024-01-27 21:31:53,full match Boxing
14179,1629,2023-05-23 13:22:55,Darts
14180,1599,2023-11-12 19:51:23,full match Darts
14181,1883,2024-02-05 20:44:00,Mayweather
14182,1583,2024-01-26 09:35:46,documentary Premier League
14183,2699,2023-01-15 02:02:34,interview Tennis
14184,1907,2023-09-02 07:09:02,Boxing
14185,264,2023-11-23 03:31:38,Grand Prix
14186,1991,2023-03-10 08:51:40,replay Joshua
14187,1332,2023-07-11 21:10:30,interview Joshua
14188,2685,2024-03-30 17:32:51,full match F1
14189,2216,2023-01-03 05:11:05,Gibbs
14190,2281,2023-09-25 20:33:14,full match Plath
14191,945,2023-02-26 23:38:24,Darts
14192,478,2023-07-25 04:44:56,Verstappen
14193,1753,2023-11-06 13:17:08,replay Mahomes
14194,1208,2023-08-10 04:35:26,documentary Hamilton
14195,2878,2024-01-10 08:34:57,Darts 2023
14196,1973,2024-03-10 11:37:16,Champions League
14197,2446,2023-10-15 06:18:01,interview Boxing
14198,2577,2024-02-09 01:45:47,highlights Mahomes
14199,1247,2024-03-26 07:02:58,full match Verstappen
14200,2185,2023-09-27 13:16:25,full match Thomas
14201,2131,2023-01-31 17:31:42,Tennis
14202,813,2024-02-04 08:50:18,highlights Mahomes
14203,938,2023-10-07 15:26:47,replay NFL
14204,1136,2024-03-22 22:35:15,replay NFL
14205,2323,2023-01-10 21:44:55,interview World Cup
14206,2638,2024-03-07 22:52:05,full match Super Bowl
14207,2524,2023-09-13 04:11:44,Wilmsen
14208,141,2023-12-28 01:28:32,Joshua
14209,192,2024-01-28 13:12:22,F1
14210,353,2023-07-13 00:29:31,interview Hamilton 2023
14211,1960,2023-11-22 19:44:33,documentary East Howardton
14212,197,2023-09-18 11:04:07,interview Darts
14213,2191,2023-07-11 00:50:28,interview Verstappen
14214,2351,2023-08-04 11:43:59,Hamilton 2023
14215,1922,2024-03-20 14:34:58,full match Champions League
14216,388,2023-10-30 13:40:38,highlights Boxing
14217,748,2023-11-26 01:46:46,highlights Spencer
14218,1517,2023-05-12 06:21:46,replay Football
14219,576,2023-04-29 07:18:32,documentary Hamilton
14220,931,2023-02-12 00:25:52,documentary Hamilton
14221,1256,2024-02-07 17:24:08,F1
14222,2455,2023-11-08 15:24:45,documentary Mayweather
14223,1163,2023-06-17 23:10:02,World Cup
14224,1431,2023-03-20 11:00:21,interview Freudenstadt
14225,179,2023-04-05 14:15:54,Grand Prix
14226,1818,2023-12-28 08:16:57,full match Hamilton
14227,490,2024-01-08 13:07:28,F1 2024
14228,2902,2023-03-10 05:35:36,full match Grand Prix
14229,1828,2023-02-15 15:23:43,documentary MMA
14230,2436,2023-10-17 12:30:03,highlights Champions League
14231,2871,2023-06-21 01:32:54,documentary Premier League 2023
14232,511,2023-06-24 13:02:13,full match Lake Alice
14233,1022,2023-04-17 04:55:45,Boxing
14234,2434,2023-11-13 00:46:41,full match Hamilton
14235,2323,2023-12-17 16:13:33,interview NFL
14236,1353,2023-06-22 09:25:26,highlights World Cup
14237,1966,2023-03-26 20:20:32,Premier League
14238,898,2023-04-03 01:18:04,documentary Goddard
14239,1111,2023-10-30 05:18:20,interview Football
14240,2691,2023-07-14 22:22:56,Super Bowl
14241,578,2023-05-15 15:10:22,interview Tennis
14242,2863,2023-11-30 07:03:45,interview Hamilton
14243,1596,2023-09-09 04:08:16,Brady
14244,2040,2023-05-07 22:24:01,interview Super Bowl
14245,1977,2023-10-12 23:48:38,full match MMA
14246,459,2023-02-25 14:10:23,interview F1
14247,1228,2023-08-13 23:04:12,documentary NFL
14248,1546,2023-04-29 06:34:21,Brady 2024
14249,2044,2024-03-17 03:11:26,full match Tennis 2024
14250,1782,2023-03-01 11:46:31,replay Tennis
14251,880,2023-03-27 11:10:52,documentary Harrison
14252,700,2023-01-17 01:04:40,full match Super Bowl
14253,1865,2023-10-28 07:41:21,NFL
14254,2702,2023-10-06 04:56:12,full match NFL
14255,1084,2023-11-02 05:34:12,documentary Williams
14256,1678,2024-03-02 04:38:55,Tennis
14257,1782,2023-03-28 15:33:17,Green
14258,203,2023-03-29 12:01:00,Football
14259,2092,2023-10-13 05:17:46,Premier League
14260,2875,2024-01-14 19:03:24,documentary Brady
14261,60,2023-11-05 13:53:56,highlights Verstappen 2024
14262,2046,2024-03-28 13:21:08,full match F1
14263,2061,2023-09-30 04:12:00,interview East Brian
14264,1814,2023-12-24 21:15:20,interview Premier League
14265,2252,2023-03-17 15:28:26,documentary Champions League
14266,1706,2023-11-22 07:36:49,Boxing
14267,1387,2023-02-17 07:02:10,documentary Champions League
14268,1481,2023-01-14 23:23:20,interview Mayweather 2024
14269,1545,2024-01-27 22:46:10,documentary World Cup
14270,1796,2023-09-10 03:45:06,full match Mayweather
14271,1139,2023-07-25 01:01:32,replay Joshua
14272,543,2023-09-17 03:39:12,interview F1
14273,1399,2023-11-09 12:37:59,highlights Grand Prix
14274,1293,2023-05-30 11:32:10,highlights Mayweather
14275,1204,2023-08-17 14:08:12,Brady
14276,481,2023-11-20 17:03:22,replay Grand Prix
14277,2645,2023-01-29 16:12:14,highlights Mahomes
14278,2882,2024-01-19 03:20:54,replay F1
14279,465,2023-12-13 00:54:58,Boxing
14280,2020,2023-10-06 02:25:03,full match Verstappen
14281,1433,2023-05-26 15:29:13,Mahomes 2024
14282,2523,2023-09-20 15:33:52,full match Boxing
14283,2320,2023-01-08 05:28:28,documentary MMA
14284,747,2024-01-26 01:35:45,documentary Darts
14285,815,2023-10-04 15:15:11,Grand Prix
14286,2037,2023-07-15 04:34:23,full match F1
14287,2582,2023-04-06 07:51:27,interview Tennis
14288,1028,2023-12-07 03:44:46,Champions League
14289,1058,2023-09-28 16:09:42,replay Football 2024
14290,2911,2023-10-31 04:07:39,documentary Brady
14291,2817,2023-08-18 21:09:06,Verstappen
14292,1272,2023-06-27 05:49:23,documentary Mahomes
14293,2660,2023-08-13 20:35:49,replay Verstappen
14294,560,2023-08-11 04:08:49,replay F1
14295,322,2023-06-04 03:12:21,Tennis
14296,2794,2023-08-22 20:13:53,replay Premier League 2023
14297,505,2023-03-16 03:48:38,Brady
14298,274,2024-03-07 02:43:05,full match Joshua
14299,649,2023-07-22 00:50:23,full match Williamstad
14300,2263,2023-05-12 03:48:11,documentary NFL
14301,2051,2023-01-09 08:37:25,highlights New Joyceland
14302,2809,2023-12-13 14:13:37,highlights NFL
14303,1323,2023-03-26 18:04:48,highlights Mayweather
14304,1950,2023-06-12 10:58:42,highlights Grand Prix
14305,394,2023-05-24 11:34:47,replay Hamilton
14306,203,2023-05-22 18:13:27,interview Premier League
14307,2862,2023-03-18 18:10:09,full match NFL 2024
14308,103,2023-08-13 16:01:55,Super Bowl
14309,527,2023-08-17 17:20:23,F1
14310,1648,2023-11-20 02:14:19,replay NFL
14311,2226,2023-01-05 01:36:30,highlights World Cup
14312,1698,2023-04-10 16:59:22,replay Premier League
14313,2727,2024-01-31 19:09:16,highlights NFL
14314,2005,2023-06-19 15:23:40,replay Football
14315,2730,2023-10-14 23:50:43,Mahomes
14316,1665,2024-03-04 11:28:04,Joshua
14317,210,2024-01-11 13:51:55,Joshua
14318,289,2024-02-11 17:40:44,documentary Verstappen 2023
14319,976,2023-07-19 05:44:16,replay Super Bowl
14320,2504,2023-10-14 02:00:22,documentary Joshua
14321,1266,2024-03-05 11:53:44,interview Hamilton
14322,1046,2024-03-27 15:49:06,interview Brady 2024
14323,2122,2023-06-02 05:13:58,documentary Boxing
14324,2742,2023-10-29 19:32:12,highlights Premier League
14325,2875,2023-11-05 12:17:36,highlights Tennis
14326,1481,2024-01-24 03:24:53,Tennis
14327,543,2024-03-27 14:04:47,Tennis 2023
14328,2555,2023-02-10 00:40:46,MMA
14329,937,2023-05-13 23:34:21,Premier League 2023
14330,2402,2023-06-19 18:54:51,F1
14331,410,2023-09-23 15:49:32,Mahomes
14332,2796,2023-05-09 18:50:42,Verstappen
14333,1589,2023-11-15 05:01:09,full match Football
14334,1489,2024-03-03 12:25:19,Brady
14335,444,2023-05-23 13:08:15,highlights Super Bowl
14336,2643,2023-01-16 22:34:28,Brady
14337,207,2024-02-18 23:30:47,full match Boxing
14338,611,2023-09-07 15:31:03,World Cup
14339,2173,2024-02-24 21:57:14,Boxing
14340,2656,2023-10-11 05:27:14,World Cup
14341,988,2023-01-16 08:35:56,documentary Verstappen
14342,2384,2023-02-17 12:29:25,interview World Cup
14343,1671,2023-03-07 11:08:27,Mahomes
14344,2263,2023-03-20 17:37:05,documentary F1 2024
14345,1032,2024-02-01 23:14:45,full match Football
14346,265,2023-02-11 15:13:58,documentary Super Bowl 2024
14347,765,2023-11-10 19:10:28,NFL
14348,1168,2023-01-13 07:02:22,Verstappen
14349,1829,2023-08-06 07:21:09,World Cup 2024
14350,1296,2023-08-31 07:17:47,Mahomes
14351,82,2023-08-05 20:46:15,highlights MMA
14352,617,2023-11-09 01:47:12,Football
14353,2760,2023-09-06 14:24:53,highlights MMA
14354,2079,2024-02-02 12:09:50,full match Mayweather
14355,13,2023-12-31 07:49:39,Boxing
14356,2597,2023-09-05 19:39:26,replay Mahomes
14357,1600,2023-12-15 19:44:07,World Cup
14358,1164,2023-09-09 18:20:34,replay Champions League
14359,2254,2023-09-18 11:24:29,interview Grand Prix
14360,580,2023-03-27 15:26:19,Super Bowl
14361,2627,2023-12-23 18:06:26,replay Verstappen
14362,1375,2024-01-07 18:43:51,interview Grand Prix 2024
14363,1940,2023-12-10 09:15:07,Boxing 2023
14364,2258,2023-07-16 21:11:50,highlights Premier League
14365,1530,2023-11-09 23:41:44,documentary Boxing
14366,911,2023-03-02 06:12:05,Brady
14367,132,2023-01-23 05:09:03,full match Tennis
14368,605,2023-07-10 09:36:00,Joshua
14369,772,2023-11-29 20:27:32,documentary Weeks
14370,561,2023-12-09 18:57:02,Grand Prix
14371,1898,2023-05-29 19:39:56,highlights Mayweather
14372,1429,2023-05-30 15:51:56,replay Boxing
14373,1032,2023-09-02 09:02:35,Premier League 2024
14374,1866,2023-08-10 15:12:22,highlights Mahomes
14375,220,2023-12-12 23:59:23,documentary Grand Prix
14376,502,2023-06-08 07:11:57,replay Champions League
14377,353,2023-01-31 14:28:06,documentary Mahomes
14378,592,2024-02-29 18:49:00,Hamilton
14379,764,2023-06-18 13:05:41,documentary Champions League
14380,116,2023-05-12 11:27:51,highlights Mayweather
14381,2066,2024-01-20 14:43:18,interview Champions League
14382,978,2023-09-16 18:29:27,interview Boxing 2023
14383,1972,2024-03-11 04:18:25,interview Premier League
14384,2686,2023-01-15 08:07:01,Mayweather
14385,2961,2023-09-24 23:57:32,Super Bowl
14386,2770,2024-03-12 11:37:11,full match Perezville 2024
14387,2818,2023-03-05 19:21:33,interview Joshua
14388,2945,2023-08-04 19:22:52,full match Mayweather
14389,1678,2023-02-24 06:25:19,Joshua
14390,1923,2023-10-22 08:37:27,documentary Football
14391,174,2023-03-28 23:00:19,full match Mahomes
14392,278,2023-07-03 13:37:05,replay Darts
14393,1209,2023-11-04 18:44:13,documentary Verstappen
14394,927,2024-01-27 05:11:06,documentary Grand Prix
14395,1000,2023-09-04 23:20:11,documentary Darts
14396,1679,2024-03-08 03:43:48,NFL
14397,1842,2023-07-30 11:35:43,Perry
14398,1130,2023-02-16 22:43:00,interview F1
14399,2664,2024-03-08 19:39:31,full match Martin 2023
14400,2537,2024-01-17 13:56:03,highlights Hamilton
14401,1581,2023-04-16 17:09:21,North Tracey
14402,1562,2023-09-06 14:43:21,interview Hamilton
14403,801,2023-02-07 20:31:26,replay Stahr
14404,452,2024-03-26 02:56:02,full match West Marktown
14405,23,2023-01-12 16:53:01,documentary Super Bowl
14406,1158,2023-12-12 04:14:19,interview Brady
14407,704,2023-05-06 01:17:48,interview F1
14408,1312,2024-02-09 08:06:15,Tennis
14409,247,2023-12-02 23:39:38,interview World Cup 2023
14410,1698,2023-08-05 09:15:54,highlights Champions League
14411,971,2024-01-27 02:54:32,replay Tennis
14412,1047,2023-07-15 22:24:01,interview Darts
14413,2976,2023-05-22 12:23:39,replay Mayweather
14414,611,2024-03-26 09:18:38,full match Football
14415,2118,2023-02-22 10:41:36,Fliegner
14416,2441,2024-03-19 10:23:02,Brady
14417,596,2024-03-12 20:15:54,replay Mahomes
14418,7,2023-10-11 18:32:39,interview Kambs
14419,2634,2024-02-07 17:43:44,highlights World Cup
14420,2380,2024-03-09 20:19:37,interview NFL
14421,1192,2023-05-29 21:34:36,Joshua
14422,1308,2023-03-07 20:13:28,Gilbert
14423,1948,2023-10-28 12:17:12,highlights Port Cherylside
14424,2910,2024-01-27 01:09:37,interview Joshua
14425,2378,2023-05-03 20:34:12,highlights Mayweather
14426,2696,2023-05-20 03:44:08,Mayweather
14427,2414,2023-03-20 15:43:34,highlights Super Bowl
14428,1451,2023-01-09 13:12:32,Premier League
14429,592,2023-04-01 03:11:09,highlights Super Bowl
14430,555,2023-01-29 16:41:56,Boxing
14431,1793,2023-11-03 01:28:21,full match Football
14432,2887,2023-12-19 14:33:24,Verstappen
14433,1088,2023-11-28 02:17:23,full match Mahomes
14434,1193,2023-04-04 15:36:04,documentary Super Bowl 2024
14435,606,2023-11-27 07:51:05,highlights Hamilton
14436,2005,2023-03-01 00:11:05,F1 2023
14437,975,2023-12-30 01:32:27,interview Grand Prix
14438,1597,2023-11-13 16:14:56,Darts
14439,14,2023-04-04 12:56:22,MMA
14440,268,2024-03-16 00:17:49,Hamilton
14441,1138,2023-05-07 06:03:28,interview NFL
14442,797,2023-12-12 15:33:41,documentary Tennis
14443,1804,2024-01-15 10:47:33,full match Tennis
14444,819,2024-01-11 12:41:19,interview Brady
14445,803,2023-11-01 15:31:05,interview Boxing
14446,53,2023-01-10 22:30:37,replay Super Bowl
14447,2575,2023-11-01 01:16:29,Boxing 2024
14448,2611,2023-02-08 23:00:22,highlights Ribnitz-Damgarten
14449,630,2024-01-08 12:29:47,full match Tennis
14450,1345,2023-01-05 06:24:20,highlights Darts
14451,319,2024-01-13 07:37:49,replay Brandonborough
14452,16,2024-02-03 02:49:03,replay Super Bowl
14453,2946,2023-06-29 01:43:57,highlights World Cup
14454,2555,2023-12-04 03:34:33,Super Bowl
14455,1799,2023-09-30 15:11:33,highlights World Cup
14456,2602,2023-02-14 13:19:09,Hamilton
14457,2284,2023-06-08 00:49:12,interview Eisenberg
14458,1125,2024-01-16 13:56:30,Champions League
14459,508,2023-10-03 08:28:28,replay World Cup
14460,695,2023-04-24 12:11:48,highlights F1
14461,762,2024-02-29 17:08:44,documentary F1
14462,2537,2023-02-07 18:05:34,highlights MMA
14463,521,2024-02-20 11:16:02,highlights Flowers 2023
14464,2904,2023-07-19 17:14:14,Champions League 2024
14465,823,2024-02-09 19:55:57,interview Tennis
14466,2086,2023-01-16 05:40:24,Football
14467,2674,2023-01-28 20:50:18,replay Joshua 2024
14468,2792,2023-01-11 13:40:03,highlights Mahomes
14469,828,2023-09-15 23:58:04,Verstappen
14470,1035,2023-07-30 19:05:46,documentary Darts
14471,313,2023-02-12 06:52:40,NFL
14472,2220,2023-10-24 02:01:24,interview South Joyce
14473,2144,2023-09-28 05:19:14,Darts
14474,2096,2024-03-23 12:35:07,highlights MMA
14475,2967,2023-07-15 10:43:40,documentary Super Bowl
14476,1257,2024-01-21 17:48:25,Mayweather
14477,2008,2023-06-16 21:41:07,NFL
14478,1808,2024-01-30 00:13:34,replay NFL
14479,1752,2023-03-03 21:14:31,replay Super Bowl 2023
14480,2649,2023-02-06 07:02:52,interview Verstappen
14481,1337,2023-09-10 04:10:06,full match Long
14482,977,2023-12-31 20:22:35,replay Mayweather
14483,2888,2023-05-14 01:55:15,Patel 2023
14484,1806,2023-02-28 00:32:18,full match F1
14485,2239,2023-03-04 12:10:28,NFL
14486,1558,2023-12-04 07:53:18,Grand Prix 2024
14487,433,2023-10-07 02:03:47,replay Foxtown
14488,117,2023-07-12 23:31:42,Boxing
14489,95,2023-01-28 02:50:09,full match World Cup
14490,1159,2023-12-12 15:54:26,full match World Cup
14491,1496,2023-01-29 13:54:34,full match Grand Prix
14492,1755,2023-09-17 01:28:36,interview Verstappen
14493,770,2023-01-16 08:29:12,highlights NFL
14494,2510,2024-02-03 11:32:05,documentary Wesack
14495,2993,2023-07-08 03:27:14,highlights Grand Prix
14496,17,2023-05-31 16:48:30,highlights Super Bowl
14497,2817,2023-03-20 02:46:51,replay Liuhaven
14498,256,2023-05-24 01:36:55,interview Tennis 2023
14499,1013,2023-02-23 16:31:39,documentary Football
14500,1354,2023-08-08 14:57:13,full match Darts
14501,323,2023-08-25 00:46:01,documentary Brady
14502,712,2023-08-25 09:33:34,Joshua
14503,2094,2024-01-22 22:19:40,Tennis
14504,1843,2024-01-13 19:22:47,highlights Brady
14505,1459,2023-01-07 00:49:16,Boxing
14506,2957,2023-06-26 23:43:59,World Cup
14507,2794,2024-03-25 14:19:50,interview Premier League
14508,474,2023-01-28 12:16:25,documentary Mahomes
14509,2063,2024-01-30 09:19:18,highlights World Cup
14510,1666,2023-09-29 23:25:35,replay Verstappen
14511,2049,2024-02-17 22:56:18,highlights Darts
14512,832,2023-09-14 06:26:52,Mahomes
14513,1810,2023-10-02 13:12:14,interview Mayweather
14514,855,2023-08-06 15:42:55,highlights Mahomes
14515,2626,2024-03-15 01:38:24,interview Joshua
14516,1684,2023-07-07 17:51:30,full match World Cup
14517,1653,2024-01-13 16:17:29,interview World Cup
14518,107,2023-04-14 15:13:42,Verstappen
14519,2378,2023-11-03 17:35:43,interview Grand Prix
14520,471,2024-03-12 04:05:16,replay Premier League
14521,1208,2023-03-31 21:04:11,full match Brady
14522,427,2023-05-19 21:14:20,full match NFL
14523,2391,2023-02-13 14:35:35,documentary World Cup
14524,2931,2023-02-12 06:42:12,Hamilton
14525,510,2024-02-04 07:18:12,replay World Cup 2023
14526,976,2023-11-13 12:35:15,replay F1
14527,2189,2023-10-09 02:31:21,documentary Mahomes
14528,2075,2023-07-06 22:01:41,documentary Hamilton
14529,458,2023-08-08 01:46:36,interview Verstappen
14530,460,2023-06-06 07:54:16,replay Premier League
14531,2579,2023-07-13 02:45:30,replay Grand Prix
14532,2647,2024-01-28 00:50:18,documentary Mahomes
14533,2143,2023-04-16 17:31:49,full match Dennisfurt
14534,2467,2023-11-30 08:29:13,replay Champions League
14535,2916,2023-09-11 21:46:55,documentary Premier League
14536,2163,2023-12-21 11:48:05,documentary NFL
14537,2289,2023-04-22 22:54:09,documentary World Cup
14538,820,2023-10-07 00:56:16,highlights Super Bowl
14539,2834,2023-07-15 10:49:07,highlights Joshua
14540,1310,2023-05-16 20:19:45,highlights Noack
14541,2908,2024-03-11 06:47:59,NFL
14542,2378,2023-12-23 11:49:26,F1
14543,1357,2023-11-11 21:43:28,highlights MMA
14544,1883,2023-03-26 21:45:08,Brady
14545,1302,2024-03-01 07:31:26,Boxing
14546,1760,2023-05-31 01:06:44,Super Bowl
14547,2428,2023-06-06 03:06:23,replay Champions League
14548,718,2023-05-12 04:35:33,Butler 2023
14549,86,2023-06-07 21:44:18,highlights Super Bowl
14550,1711,2023-02-01 14:27:15,replay Boxing
14551,2574,2023-05-27 01:50:17,Joshua
14552,2487,2023-05-28 19:05:00,F1
14553,1725,2023-09-06 16:09:41,full match Hamilton
14554,256,2023-04-05 22:54:27,full match Grand Prix
14555,1416,2023-08-19 05:40:11,World Cup
14556,2172,2023-11-11 15:30:08,interview Boxing
14557,1128,2023-04-15 05:33:10,highlights Joshua
14558,1578,2023-04-19 06:19:40,full match Mahomes
14559,1128,2023-08-10 13:04:55,documentary Grand Prix
14560,2604,2023-02-07 05:56:59,Grand Prix
14561,1690,2023-08-05 18:25:56,replay Brady
14562,2641,2023-12-13 20:21:08,World Cup
14563,447,2023-09-28 21:02:57,documentary Mahomes
14564,2636,2024-03-26 10:00:20,full match Mayweather
14565,1937,2023-05-15 18:25:32,highlights Joshua
14566,557,2024-03-01 02:45:01,full match F1
14567,159,2023-09-30 04:36:40,full match Joshua
14568,2378,2023-09-26 17:21:01,highlights Brady
14569,409,2023-03-03 15:41:50,documentary Football
14570,255,2023-02-28 01:34:09,Super Bowl
14571,2297,2024-01-14 08:19:17,highlights Boxing 2023
14572,2534,2023-04-14 19:00:00,documentary NFL
14573,1804,2023-03-08 23:38:40,replay Super Bowl
14574,2725,2023-05-05 22:09:24,full match Boxing 2023
14575,880,2023-03-04 00:32:56,Mahomes 2023
14576,868,2023-02-15 23:43:07,documentary Champions League
14577,2443,2023-10-30 09:21:46,Super Bowl
14578,2986,2024-01-20 12:02:29,full match Mahomes
14579,2343,2024-01-18 13:58:42,full match Boxing
14580,2649,2023-12-15 09:48:57,Football
14581,2698,2023-06-26 08:26:42,full match Sweeney
14582,1244,2023-04-14 03:22:32,interview Super Bowl
14583,2302,2023-02-16 04:35:27,Mahomes
14584,1100,2023-04-19 15:47:10,interview F1
14585,1786,2024-02-19 13:32:51,interview Premier League
14586,282,2023-01-21 16:09:00,Greifswald
14587,1686,2023-06-12 12:01:46,full match Football 2023
14588,2702,2023-01-14 10:56:13,Champions League
14589,1837,2023-12-11 16:34:23,replay Joshua
14590,185,2023-05-29 13:38:48,NFL
14591,1293,2023-03-02 09:27:45,Mayweather
14592,1427,2023-11-04 15:23:07,replay Super Bowl
14593,1817,2023-02-28 14:38:53,replay Verstappen
14594,2028,2023-12-21 18:28:33,Mahomes
14595,151,2024-01-23 15:17:34,interview Boxing 2023
14596,432,2023-10-14 22:23:10,documentary MMA
14597,1901,2024-01-27 06:24:18,Darts
14598,2354,2023-01-07 02:36:37,full match World Cup
14599,2818,2023-04-19 05:52:41,Verstappen
14600,1466,2023-09-15 17:21:14,highlights Premier League
14601,2048,2023-06-24 18:48:44,replay Grand Prix
14602,1813,2023-04-02 06:25:50,interview Darts
14603,2575,2023-12-04 00:58:35,Super Bowl
14604,2897,2024-01-03 15:30:51,documentary MMA
14605,2032,2023-06-11 20:59:17,highlights F1
14606,2925,2023-08-27 09:02:09,NFL
14607,573,2024-02-23 10:17:56,highlights Boxing
14608,1410,2023-03-23 10:46:08,highlights Super Bowl
14609,2592,2023-05-07 00:59:39,documentary NFL 2023
14610,1382,2023-12-24 19:00:21,interview Brady
14611,2313,2023-10-16 08:39:29,replay Joshua
14612,898,2024-02-07 20:11:47,MMA
14613,353,2023-02-07 22:01:15,highlights Tennis
14614,1697,2023-06-23 05:57:23,full match Grand Prix
14615,917,2023-01-06 10:49:38,documentary South Samanthaton
14616,1156,2024-01-24 11:03:36,Boxing
14617,2528,2023-05-28 16:56:13,full match Schüler
14618,2457,2024-03-12 06:28:59,documentary Football
14619,1457,2023-11-12 12:58:18,Brady
14620,1843,2023-06-14 05:01:11,documentary Brady
14621,2036,2023-08-16 01:06:09,interview Brady 2023
14622,177,2023-09-11 11:22:57,Zahn
14623,540,2023-04-20 03:37:10,highlights Super Bowl
14624,2386,2023-07-04 08:46:45,replay Football
14625,1129,2023-10-17 21:39:43,MMA
14626,2595,2023-09-27 18:04:55,documentary Hamilton
14627,795,2023-01-20 10:58:42,full match Mahomes
14628,2642,2024-02-19 00:57:41,documentary Champions League
14629,2655,2024-02-26 06:05:39,documentary Tennis
14630,2852,2023-02-26 03:11:37,replay Patberg
14631,2743,2023-05-24 17:50:24,MMA
14632,790,2023-03-17 00:57:58,replay Hallfort
14633,2949,2023-08-18 14:46:12,replay Joshua
14634,1420,2024-01-04 11:33:47,highlights Verstappen
14635,316,2023-08-18 17:20:17,interview Champions League
14636,2086,2023-10-24 17:35:34,Hughes
14637,1726,2023-09-06 10:23:56,Mayweather
14638,2012,2023-07-22 18:28:32,replay Mayweather
14639,2574,2023-05-06 01:43:06,interview West Nicholaston
14640,1149,2023-07-02 23:08:54,Harrisville
14641,2886,2023-07-05 14:14:37,replay Darts
14642,1712,2023-03-26 18:01:29,highlights Mahomes
14643,2135,2023-04-29 14:13:23,Brady
14644,1809,2023-01-06 00:08:34,interview Joshua
14645,264,2023-12-24 20:06:15,highlights Mayweather
14646,1684,2024-02-02 10:05:39,replay Brady
14647,2988,2023-10-30 12:14:27,documentary Brady
14648,922,2023-09-13 13:20:54,interview Darts
14649,1726,2024-03-25 12:31:46,documentary Super Bowl
14650,218,2023-04-08 02:56:44,interview Tennis 2024
14651,1321,2023-09-15 17:13:16,full match Joshua 2024
14652,1602,2023-03-18 01:51:17,World Cup
14653,268,2024-01-07 17:25:23,full match Joshua
14654,1672,2023-07-23 01:20:20,replay NFL 2024
14655,44,2023-09-10 22:27:25,interview Darts
14656,752,2023-03-28 18:07:10,Tennis
14657,613,2023-01-14 07:11:01,MMA
14658,802,2023-02-04 13:31:07,interview Shawstad
14659,2024,2024-02-10 06:50:57,MMA
14660,1040,2023-05-03 10:39:23,World Cup 2024
14661,131,2024-02-23 07:03:38,full match Boxing
14662,683,2023-11-25 18:10:40,interview Bailey
14663,2666,2023-08-05 14:38:52,full match MMA 2023
14664,1398,2023-04-26 00:25:49,Boxing
14665,1849,2023-04-28 21:30:45,Kallert
14666,2693,2024-02-08 09:26:13,highlights Grand Prix
14667,556,2023-03-16 23:26:59,documentary Mayweather 2023
14668,538,2023-02-06 17:34:16,Grand Prix
14669,1994,2023-12-24 18:14:43,Mans
14670,2007,2023-01-07 15:16:32,highlights Joshua
14671,2052,2023-03-21 07:59:49,full match Brady
14672,1376,2023-10-27 02:13:08,documentary Super Bowl
14673,1365,2023-04-22 06:20:18,replay World Cup
14674,522,2023-02-22 17:35:29,full match Tennis
14675,1012,2023-12-02 15:27:36,interview Darts
14676,1884,2024-02-11 10:54:52,interview Klemt
14677,75,2023-03-23 15:11:33,highlights Darts
14678,1424,2023-06-02 00:20:35,highlights NFL
14679,1763,2024-01-25 11:49:47,NFL
14680,2498,2023-06-23 11:44:09,Boxing 2024
14681,1682,2024-02-18 03:25:20,highlights Davies
14682,838,2023-07-12 12:48:15,replay Hamilton
14683,1292,2023-09-29 22:09:03,interview World Cup
14684,713,2024-02-03 12:07:01,Grand Prix
14685,2361,2024-01-28 20:50:11,replay Joshua
14686,2618,2023-09-05 21:10:00,replay Super Bowl 2023
14687,1955,2024-01-31 19:53:14,replay Grand Prix
14688,1749,2023-07-05 11:32:00,replay Verstappen
14689,2594,2023-09-06 04:56:00,highlights Verstappen 2024
14690,2212,2024-01-14 17:31:52,documentary Hamilton
14691,2883,2023-11-27 22:28:51,highlights Mahomes
14692,438,2023-09-30 20:48:21,interview Verstappen
14693,1305,2023-11-08 09:42:16,North Amybury
14694,611,2023-06-12 17:04:40,World Cup
14695,241,2023-08-21 22:56:06,replay NFL
14696,1610,2023-06-14 12:20:06,highlights Football
14697,560,2023-03-17 16:13:35,interview Super Bowl
14698,1794,2023-01-28 15:59:43,Grand Prix
14699,367,2023-03-09 12:06:08,full match World Cup
14700,1457,2023-03-20 10:28:19,Football
14701,2774,2024-03-13 04:19:31,full match Brady
14702,2023,2023-08-20 06:11:59,highlights Football
14703,182,2023-01-28 21:52:37,documentary Boxing
14704,212,2023-06-06 18:05:15,World Cup
14705,577,2023-08-04 09:52:49,Boxing
14706,935,2023-03-22 14:18:24,highlights Darts 2023
14707,1640,2023-10-13 02:50:58,interview Lee
14708,2983,2023-01-26 13:51:22,Premier League 2023
14709,2211,2023-03-14 12:56:25,documentary Champions League
14710,2013,2023-12-27 16:43:18,NFL
14711,1168,2023-04-29 11:05:00,interview Joshua
14712,1515,2023-05-18 18:36:49,Mahomes
14713,2594,2023-11-13 03:37:13,highlights Boxing
14714,979,2024-02-22 12:08:50,interview MMA
14715,1440,2023-08-31 13:33:00,full match Verstappen
14716,1071,2023-05-22 00:41:55,full match Premier League
14717,994,2023-06-07 05:11:46,highlights Suhl
14718,5,2023-07-03 16:36:00,highlights Boxing
14719,362,2023-07-03 01:52:35,highlights Mahomes 2024
14720,2560,2023-11-11 16:21:41,highlights Super Bowl
14721,2050,2023-12-26 04:39:32,documentary Mahomes
14722,262,2023-08-08 17:19:01,interview Joshua
14723,2987,2024-01-08 09:35:26,Mayweather
14724,684,2023-10-09 08:28:17,MMA
14725,805,2023-09-13 05:39:51,documentary Mahomes
14726,1249,2023-11-21 22:39:33,documentary F1
14727,1630,2023-01-05 12:56:32,F1
14728,2949,2023-08-26 07:06:24,documentary Boxing 2024
14729,2486,2023-10-29 14:06:30,documentary Tennis
14730,250,2023-01-21 05:13:30,replay NFL
14731,220,2023-06-27 20:59:09,full match Tennis 2024
14732,2945,2023-11-06 11:54:10,interview Brady
14733,1003,2023-06-25 16:59:31,Douglas
14734,510,2024-02-05 14:29:06,documentary Champions League
14735,1815,2023-07-03 22:44:12,interview Premier League
14736,1635,2023-02-10 20:12:25,highlights Mayweather
14737,1074,2023-06-25 14:49:45,highlights Mahomes
14738,2790,2023-03-04 09:57:14,replay Football
14739,2612,2024-02-13 16:27:44,full match Verstappen
14740,1362,2023-04-20 02:53:09,documentary Football
14741,1710,2023-05-03 17:14:22,interview Darts
14742,659,2023-06-10 02:29:11,documentary Football
14743,2425,2023-08-25 15:33:07,documentary MMA
14744,1632,2024-02-18 03:29:51,full match MMA
14745,880,2023-09-12 12:18:16,full match World Cup
14746,879,2024-02-17 12:51:44,interview Super Bowl
14747,125,2023-06-15 17:40:05,Super Bowl
14748,242,2024-02-21 18:41:07,replay Hamilton
14749,2969,2023-07-17 03:51:45,replay Tennis
14750,203,2023-07-02 00:14:46,Premier League
14751,2710,2023-04-07 23:11:34,full match Tennis
14752,2222,2023-10-12 07:09:51,full match Football
14753,1024,2023-02-27 20:45:34,interview Grand Prix
14754,1905,2023-08-12 10:41:25,NFL 2023
14755,1276,2023-03-06 03:09:30,replay Joshua
14756,929,2023-07-22 12:03:50,Boxing
14757,1575,2024-01-07 17:18:06,highlights Football
14758,769,2023-12-05 17:29:22,Häring
14759,463,2023-08-24 16:23:52,interview World Cup
14760,921,2023-12-06 09:26:33,Mayweather
14761,2727,2023-03-18 12:16:03,documentary Grand Prix
14762,2253,2023-02-24 15:36:49,Darts
14763,2032,2024-03-04 12:41:18,Super Bowl
14764,1561,2023-09-12 19:14:05,replay Brady
14765,797,2024-01-17 07:32:09,replay Tennis
14766,1743,2023-11-09 07:33:00,documentary Hamilton
14767,2864,2023-12-16 14:09:17,replay Super Bowl
14768,1124,2024-02-26 10:28:28,interview Verstappen
14769,2758,2023-03-03 08:15:48,interview NFL
14770,640,2023-03-05 06:04:07,World Cup
14771,537,2024-01-11 11:00:22,highlights Super Bowl
14772,819,2023-07-22 19:24:04,Hamilton
14773,1709,2023-06-19 01:07:16,documentary Tennis 2024
14774,13,2023-01-13 00:07:05,interview Football
14775,2164,2024-01-13 22:22:28,Grand Prix
14776,2268,2023-06-05 17:38:57,interview F1
14777,386,2023-03-26 09:03:16,documentary Tennis
14778,1419,2023-07-22 06:37:08,Verstappen
14779,39,2024-02-01 03:56:35,replay Grand Prix
14780,2631,2023-08-11 00:22:51,interview MMA 2024
14781,1413,2023-10-19 04:00:25,highlights Boxing
14782,826,2024-01-28 14:38:14,documentary Porter
14783,2775,2023-04-13 23:01:16,Hamilton 2024
14784,114,2023-01-10 11:21:38,full match Hamilton
14785,1210,2023-07-15 11:07:00,documentary Tennis
14786,675,2024-02-21 20:14:48,highlights Boxing
14787,2878,2023-03-19 01:37:11,interview World Cup
14788,393,2023-01-21 21:07:47,full match World Cup
14789,1297,2023-08-07 18:17:13,interview Brady 2024
14790,1556,2023-05-03 19:17:08,replay Football
14791,2956,2023-11-01 09:32:13,F1
14792,2841,2024-02-19 22:45:52,full match Joshua
14793,171,2023-05-20 04:00:43,documentary Verstappen
14794,1036,2023-09-09 11:39:20,MMA
14795,635,2023-09-06 20:57:53,highlights Mayweather
14796,2189,2023-08-22 08:42:57,highlights World Cup
14797,1176,2023-08-02 11:59:34,Verstappen
14798,1505,2023-10-15 09:39:08,interview Grand Prix
14799,2278,2023-02-02 22:38:47,documentary Darts
14800,2889,2023-02-24 13:47:51,Darts
14801,694,2023-04-11 04:33:01,World Cup
14802,1732,2023-10-18 01:54:08,documentary Brady
14803,1759,2024-02-24 22:00:21,Joshua
14804,1928,2023-02-14 09:41:54,highlights Brady
14805,95,2023-03-19 11:51:32,interview Mayweather
14806,1914,2023-04-08 19:08:27,documentary Super Bowl
14807,932,2023-07-07 14:48:20,Verstappen
14808,602,2024-02-21 03:13:30,replay Joshua
14809,268,2023-02-11 12:34:24,documentary Hermighausen
14810,756,2023-03-19 20:28:37,highlights World Cup
14811,1849,2023-04-11 04:25:36,highlights MMA 2023
14812,612,2023-04-02 07:45:50,interview Grand Prix
14813,381,2023-12-14 10:15:18,Joshua 2023
14814,887,2023-09-04 03:37:14,highlights Darts
14815,2127,2023-11-14 13:03:25,full match Premier League
14816,820,2023-12-15 09:04:23,full match NFL
14817,1288,2023-06-13 07:15:50,Football
14818,847,2023-03-25 20:35:48,interview NFL
14819,1034,2023-09-02 20:06:23,highlights NFL
14820,106,2023-11-30 07:35:20,replay World Cup
14821,2970,2023-03-15 18:49:36,Hamilton 2023
14822,1568,2023-02-25 17:45:45,highlights Grand Prix
14823,1141,2024-03-29 10:36:29,NFL
14824,542,2024-03-24 01:55:48,highlights MMA
14825,963,2023-05-31 10:40:46,highlights Boxing
14826,1670,2023-12-28 06:46:46,replay Brady
14827,73,2023-03-10 19:13:01,Verstappen 2023
14828,1357,2023-10-07 01:50:12,NFL
14829,974,2023-02-26 01:00:34,Campbell
14830,14,2023-08-28 17:15:34,Boxing
14831,2903,2023-07-11 14:40:05,Brady
14832,347,2023-10-25 08:06:02,documentary Tennis
14833,439,2023-11-29 21:20:27,full match Mahomes
14834,1614,2023-01-03 21:34:35,highlights Premier League
14835,971,2023-06-24 23:10:46,documentary Football
14836,2020,2023-12-07 13:23:01,interview Darts
14837,2277,2023-08-18 13:03:55,World Cup
14838,2459,2024-01-23 06:22:39,replay Champions League
14839,947,2023-08-30 07:06:20,Super Bowl
14840,229,2023-08-25 06:26:14,replay Eimer
14841,2985,2024-02-25 08:46:47,highlights Football
14842,1095,2023-05-24 00:40:20,Premier League
14843,79,2023-04-08 19:02:00,documentary Premier League
14844,1017,2023-02-24 20:14:02,Boxing
14845,880,2023-01-03 03:49:05,F1 2023
14846,2970,2023-02-16 06:30:15,full match Brady
14847,1238,2024-02-24 03:34:39,documentary World Cup
14848,1461,2024-03-14 09:34:23,MMA
14849,2538,2023-02-18 00:53:30,Hamilton
14850,548,2023-08-03 05:46:07,documentary Joshua
14851,2231,2023-05-20 12:08:50,interview Joshua
14852,2074,2024-03-05 10:23:55,full match Darts
14853,1830,2023-04-19 12:36:19,Mayweather
14854,2796,2024-01-28 13:12:39,interview Verstappen
14855,1764,2023-03-23 14:30:42,replay Verstappen
14856,1291,2023-05-28 13:28:45,F1
14857,573,2024-02-11 07:53:47,highlights Joshua
14858,436,2023-03-14 22:44:16,documentary Premier League
14859,852,2023-12-10 12:48:36,highlights Joshua
14860,2823,2023-01-28 08:48:12,interview Champions League
14861,2944,2024-02-16 11:40:16,highlights Boxing
14862,2572,2023-09-24 13:38:09,replay World Cup
14863,2897,2024-02-11 09:43:18,highlights Super Bowl
14864,1746,2023-02-17 11:05:46,Mayweather
14865,874,2023-06-14 09:25:59,documentary Mayweather
14866,2160,2024-02-11 16:24:21,documentary F1
14867,2469,2024-01-10 10:30:49,highlights Champions League 2023
14868,1765,2023-03-21 21:47:31,interview Brady
14869,2330,2023-11-17 18:56:53,Darts
14870,1394,2023-09-05 00:50:04,interview Robertsville
14871,899,2023-05-21 07:29:57,Lake Glen
14872,2013,2023-10-06 19:38:52,full match NFL
14873,2185,2023-08-21 13:08:02,Hamilton
14874,2274,2023-04-11 01:49:52,Mahomes
14875,268,2023-01-28 01:16:45,replay F1
14876,726,2024-03-28 05:51:32,Joshua
14877,2944,2024-02-01 03:04:11,NFL
14878,267,2023-08-23 21:46:17,Preston
14879,2650,2024-02-25 10:18:00,World Cup 2023
14880,2331,2023-11-23 06:58:22,full match Premier League
14881,545,2023-04-30 00:12:29,full match Parry
14882,1276,2023-02-05 05:55:08,Mahomes
14883,1843,2023-03-26 18:52:38,replay NFL
14884,2833,2023-05-13 10:31:52,full match MMA
14885,1180,2023-10-02 06:20:09,MMA
14886,2118,2024-01-28 12:54:24,highlights F1
14887,1387,2023-08-14 00:35:10,replay Champions League
14888,2604,2023-12-30 01:11:06,replay Grand Prix
14889,2794,2024-01-15 01:10:24,Brady
14890,901,2023-08-09 08:59:00,Grand Prix
14891,578,2023-11-23 20:35:41,documentary Darts 2023
14892,2965,2023-12-29 21:02:13,World Cup
14893,219,2023-06-23 06:48:56,documentary Boxing
14894,609,2023-07-14 07:37:49,interview MMA
14895,1113,2023-11-03 20:29:15,documentary NFL
14896,2690,2023-05-01 02:21:13,Premier League 2024
14897,353,2023-10-15 02:31:02,interview Boxing
14898,29,2023-11-13 21:32:58,interview World Cup
14899,1377,2023-12-23 07:59:44,interview Brady
14900,808,2023-01-31 02:31:06,highlights Mayweather
14901,1536,2024-02-29 18:00:43,Mayweather
14902,1331,2023-07-25 17:04:30,documentary Champions League
14903,646,2023-10-31 12:48:48,interview Darts
14904,31,2023-10-24 06:39:21,documentary Tennis
14905,239,2023-01-04 03:13:11,documentary Schüler
14906,2807,2023-08-18 10:19:43,Verstappen
14907,335,2024-01-06 11:27:52,highlights Tennis
14908,545,2023-07-22 16:08:43,replay F1
14909,2185,2023-07-18 05:36:15,interview Hamilton
14910,141,2023-05-14 21:47:16,documentary Super Bowl
14911,302,2023-10-11 01:01:38,replay Joshua
14912,1481,2023-07-25 08:48:54,replay F1 2023
14913,514,2023-12-06 19:07:57,full match Brady
14914,547,2023-11-04 10:49:16,replay MMA
14915,772,2023-02-20 00:48:11,interview World Cup
14916,869,2024-01-18 13:59:05,Darts
14917,174,2023-05-15 14:23:07,highlights Hill
14918,1694,2024-03-06 02:31:15,replay MMA
14919,896,2024-02-04 03:06:04,replay World Cup
14920,643,2023-12-17 14:39:59,full match NFL
14921,567,2023-05-21 21:38:44,NFL
14922,1291,2024-01-15 15:23:47,Premier League
14923,1634,2024-01-29 18:44:23,full match Mahomes
14924,276,2024-03-27 03:32:55,interview Kassel
14925,889,2024-03-27 19:42:18,full match Mahomes
14926,1529,2023-09-03 00:42:08,documentary World Cup
14927,397,2023-04-03 01:41:14,replay Mahomes
14928,308,2023-10-26 03:23:24,full match Verstappen
14929,983,2023-04-08 05:14:27,Mahomes
14930,2691,2023-02-18 13:55:24,documentary NFL
14931,2424,2024-01-25 18:52:44,Grand Prix
14932,1270,2023-01-20 22:17:07,Darts
14933,2016,2023-08-24 10:37:46,highlights Mahomes
14934,1029,2024-01-05 23:10:00,Brady
14935,691,2023-08-13 19:03:16,documentary Verstappen 2024
14936,1127,2023-10-05 05:51:09,full match Champions League
14937,1230,2023-06-18 11:44:17,Joshua
14938,2849,2023-02-12 08:50:10,highlights Premier League
14939,1474,2023-10-09 06:30:37,NFL
14940,2104,2023-05-26 06:55:30,F1
14941,881,2023-04-04 05:23:11,full match Joshua
14942,647,2023-05-20 13:48:13,documentary Mahomes
14943,1236,2023-06-27 18:38:29,Lindsey
14944,1466,2023-06-19 05:48:31,full match Tracyburgh
14945,402,2023-06-16 13:27:22,Football
14946,2595,2023-07-01 22:19:22,Grand Prix
14947,1098,2024-02-26 21:51:05,interview World Cup
14948,1638,2023-12-03 07:03:18,interview Hamilton
14949,385,2023-05-29 16:16:47,highlights Darts
14950,2656,2023-02-01 19:26:06,interview West Joseph
14951,551,2023-05-15 04:08:26,World Cup
14952,1253,2023-08-10 12:31:05,interview Joshua
14953,2235,2023-01-31 12:43:24,interview Tennis
14954,2565,2023-06-16 18:14:13,Boxing
14955,1115,2023-08-06 10:31:21,Tennis
14956,347,2023-09-09 02:50:48,highlights Super Bowl
14957,2487,2024-01-26 00:45:45,Premier League
14958,2012,2023-01-11 13:13:29,Super Bowl
14959,530,2023-07-12 14:17:42,highlights Hamilton
14960,1299,2024-03-07 03:36:56,highlights Champions League 2023
14961,2331,2023-06-15 12:33:14,documentary Premier League
14962,1449,2023-12-09 05:53:43,interview Jonesfort
14963,779,2023-04-29 05:30:54,Boxing
14964,2130,2023-10-20 22:04:05,Mayweather
14965,1352,2023-11-26 11:42:54,interview MMA
14966,2717,2024-03-23 00:02:00,interview Joshua
14967,589,2023-08-31 01:11:50,documentary NFL 2024
14968,1566,2023-10-10 15:07:12,interview Darts
14969,2048,2023-03-31 11:47:03,Joshua
14970,325,2024-02-26 06:02:32,highlights Mahomes
14971,2827,2023-09-04 16:15:27,full match NFL 2024
14972,942,2023-08-14 14:55:30,Mahomes
14973,2820,2023-03-18 18:15:01,full match World Cup
14974,287,2023-06-22 11:56:03,full match Grand Prix
14975,815,2023-02-20 09:22:24,interview Joshua
14976,1798,2023-07-17 14:42:24,full match Lee
14977,509,2024-01-30 15:57:24,full match World Cup
14978,205,2023-07-29 17:11:45,highlights Tennis
14979,1489,2023-08-24 12:58:27,replay Grand Prix
14980,529,2023-08-08 16:56:08,documentary MMA
14981,2962,2024-02-07 13:22:35,interview MMA
14982,968,2023-03-18 17:49:24,highlights Tennis
14983,343,2024-02-01 03:07:13,documentary Joshua
14984,463,2023-03-28 08:22:53,highlights Grand Prix
14985,2245,2023-12-01 15:47:14,Football
14986,1051,2023-06-11 22:36:27,full match Football
14987,1415,2023-08-23 12:15:26,replay Boxing
14988,1180,2023-09-09 08:42:42,Super Bowl
14989,2347,2023-05-23 15:27:36,full match Brady
14990,829,2023-07-28 07:34:49,full match Grand Prix
14991,239,2023-06-17 09:10:59,Super Bowl
14992,231,2024-01-25 15:38:57,replay Premier League
14993,2225,2023-01-05 07:05:43,Joshua
14994,2059,2023-08-12 18:53:05,replay Brianfurt
14995,474,2023-01-03 18:00:53,replay Tennis
14996,2601,2023-03-08 11:20:53,replay Ritaside
14997,143,2023-06-11 02:23:17,Mayweather
14998,757,2024-02-26 07:45:20,Hamilton
14999,1568,2023-02-18 08:59:42,full match Brady
15000,1676,2023-11-30 17:45:18,Champions League
